5833
bea4
3b8d
ba24
36d6
bd77
b6d0
3feb
4aa0
bb6b
bf90
b9cf
3e45
33bf
bf9e
bdd0
3ffb
bd17
3cc0
3e81
3ca3
3fb2
d65a
3ae3
2fc5
3ecc
3d4e
3e20
b0fe
3eba
aadb
b99c
bd58
d459
d324
53bc
2c8b
35a1
bcad
3ef2
becb
3b3b
d5c9
bf0f
bb43
3e02
2dba
bc15
3e17
3af1
b868
3987
3f46
3b57
bbd1
bd7c
3a21
bf4f
d689
b8fc
3bc2
b936
b293
3bae
54cb
3a92
bc64
b9e1
b2ae
bdf6
b6da
bdb3
d484
b523
336b
bf17
bd6c
3853
3fbc
58a3
b314
35d7
3cce
bbca
2eb4
bf6f
be39
bc25
bd18
bc86
b08e
3889
3e81
544b
29e4
bf2e
2e6b
be80
b848
3ebe
babc
d0cb
39ee
ba36
3986
b238
ab3d
35ae
bae7
3ef7
3c14
3494
b0b5
b6b8
be0d
3d9a
3f5b
bf9b
3c6f
a033
b180
bb65
adbf
55b5
564d
bc4b
bbb3
39bc
4e71
be77
3ff7
b554
be9f
3fd1
bdf2
bc4b
39cc
2e25
313c
54cc
2c39
bbc5
b100
b622
554e
bdaf
bf88
3e1c
2935
b616
3efd
af0a
d259
3912
3da2
37c3
3958
510e
b08a
3e22
3d0f
3f17
36d0
5736
3d0d
bccf
3585
3cde
3730
bbe2
b036
3f78
bff4
3d65
3c13
3998
bb75
bf8f
3c10
3c01
b61d
3c99
bdd8
b793
ba91
335a
d102
b788
3dee
38c5
30f0
d7f0
ba44
3cbc
b6da
be83
b6f8
3d9d
381f
bc46
bc49
3f53
3d19
b855
bec3
bd56
baa8
3ebf
3878
d284
bc32
39b6
b89b
bc45
3841
3d2d
3e0f
3a41
3f2e
3c04
3ef8
3faa
37d7
b83e
bd34
d17a
3e4c
3f5f
bf8d
b882
572f
b412
bc36
b70c
3869
b9e0
d798
bcbb
b518
b909
bc29
b93c
3c49
bdb2
b47f
bde0
3d87
3c4a
b6bf
d00a
37a6
3d67
35a2
3fc2
5664
b5a5
bf43
3fed
3f00
3ea4
ba37
bfdc
b8c8
bda6
be87
519a
3e61
acbf
bdc8
bf09
3eb2
2ddc
3e02
a80b
be23
bc9d
bc8e
37da
3e78
2742
d652
3d16
bca3
ba7c
b4a0
3cc4
33ff
bae6
3fca
3a80
3910
329f
bce4
38a5
3bc0
ae5d
3c5b
3d5e
bf64
be44
31ab
3f4b
577d
baaa
3d30
bb20
4d2c
b569
b1b7
be0c
bb4a
d55b
30de
2e84
d59a
3a2f
b2b3
b8ef
bbda
ae1e
afd9
ba19
36ba
bc72
3914
39d4
bcaf
ba6d
3ded
b9fb
bbd0
b907
b529
bfb5
bde4
36d7
bef6
3ea1
a494
3ea7
ba6c
57fd
3a84
35d8
2e24
bc97
394d
37c6
b417
d00f
b7af
bc6a
3d14
3f21
bf24
b64d
be62
2d1a
352d
3b81
bf9b
bdee
b9b5
3768
3f15
336b
3971
bdc2
3923
3f1c
b91e
4ff3
3c8c
3f29
3ce1
28c7
d873
3d68
3985
540a
bec6
3704
b528
bd66
35f5
5622
ba91
d84f
3c9c
b638
d74c
beeb
bcf6
b60f
bb02
bf29
2f1a
3ea3
b4ae
b812
4d64
b3af
3f37
38b9
360d
b8c5
3a91
512b
bbfd
b08e
bb61
3c03
5606
bf8e
3d71
4b2d
39f7
3aca
3d8e
393b
3071
3f3c
b522
3e5e
38e6
d72e
37f3
3f69
d01b
3c40
b864
b8d7
3944
b5db
3fcf
b5f4
4d47
38b3
3e57
395b
bf5b
be2c
d128
3b76
3d56
beb6
b640
cc26
bfb4
a6b1
bf2e
ad87
3f88
3872
bc6f
bd58
3d48
3b3d
bb0f
34af
3d87
d5fa
3cfb
bc67
bc31
3599
bd6a
aeed
bd1f
3a68
5673
3ca8
bca4
bffa
3c76
bd0b
3d64
3e0a
348c
be0e
d614
3e10
3f5d
bda3
bece
2ece
bad5
3e3f
b550
358f
bcd5
b932
bd89
3798
3cdf
3d99
3ec1
be19
3c67
3ebe
583d
b8c2
545c
32cd
bfb8
3b05
3c0d
3b9e
52a2
ba90
3803
d739
3e5d
3d89
ba61
3e12
be92
4d5f
bc53
be8f
b407
3904
b94f
51be
bd0b
51e1
39e8
b50d
bc6e
3128
d7c3
3b0e
392d
3ab6
b9f6
bc32
b603
bc49
b6ce
3be5
3300
bc60
3f5b
5634
bd95
ba63
bfe2
3a0e
bcf6
3cb8
b9f6
bb69
bbc7
2c79
ba1d
ac35
3c44
d621
ba93
2ef1
b9b3
bfe0
573f
be90
1ee3
3872
bc81
3b82
cd00
574b
3e46
bee0
bdbd
3b95
bc7b
bf52
3e5d
ba51
5441
3e56
4d8e
1fc2
bb19
bf97
b662
d835
bce1
baa3
5179
bd0d
b83e
cc2b
3e16
b9bb
bc62
39cf
3a38
3908
3ca1
3d51
4e18
b849
51b4
ae18
57a1
35be
bfe2
3b10
3c51
bf83
bbd5
3581
577b
3941
3909
bc38
3e75
3199
bb26
bc1e
3961
bd2f
d8af
4e3a
bafe
3e06
bde4
bc03
a828
bc96
bea6
342f
baa8
3f60
d84a
be91
390a
b8a8
50a4
cd95
be6a
38b0
37f4
b0ee
ad2b
bcf5
38de
bcc9
ba20
35b3
b995
3e9f
be28
3ca1
54dc
3d6e
be34
340d
380e
54bb
bd3c
57db
beb5
2cf9
bb6e
3ce8
ba56
be9e
bf83
be55
3fbd
389f
3d76
55f6
beda
bb12
3dd7
bce6
3d82
3fe3
37dd
b7e6
bc68
b355
38fe
3d01
b482
3956
3e00
b5ea
3dd2
3918
b633
bac7
3e26
54c6
3d38
3a18
3c08
3a67
b450
39a3
3881
bcb0
3e9b
3c3b
a01b
bea8
32a8
be5b
bfef
bb7a
3f05
ac87
a8b5
5838
b5e2
38cd
3d1f
b0f8
bd45
3775
31cd
bd03
3c88
36ef
b69c
4f25
beec
357f
53a2
3ced
361b
bf04
ab3e
3a8e
b558
2fb2
bb9b
b90d
39bf
3c91
bff1
3bfb
3eb9
b4b9
3df4
3c22
d49b
bd68
bc8b
d7a5
b8ac
d20a
399d
3f0a
bbcc
3273
bb8e
2ccc
331a
b739
3fe9
be4c
3c42
beb5
b229
bb72
55e2
a13b
3831
bcc6
bfdb
bb9f
3d02
51ea
b697
3944
bb68
bb57
3ddc
bfa6
3c8e
3c1e
3e36
bfa7
b5a6
ba14
3fbc
527c
b591
b20c
301d
b659
3d08
cd7a
3e3c
bb44
3dd0
d0a0
bbfe
bc85
5109
be7f
3f7e
3ce7
bcdf
d7f6
2f82
3c19
bc55
ab09
383c
b925
ca8d
b500
bd13
362e
bae6
bb2d
39da
bf7d
3a3d
2dda
3f66
b455
3cd1
3c6b
3687
34f0
3051
3e93
3df6
bfd0
b901
3654
3dcc
3546
39ed
b074
bfae
bd54
397f
b90c
bf2e
be75
bcc9
b50d
3d10
bc86
339b
3b32
3a19
bb09
3c12
319e
bf92
b97c
3d41
b5cc
bdca
bff1
3819
584e
3f69
bd9f
39d8
bf6b
a7c3
3c2e
be9e
3a4c
3938
5480
3d5c
363d
3c0b
b157
b50d
3ea1
bda1
d563
bf45
b655
bd3f
3c51
b592
3c54
bdbe
bca8
be25
bc2c
3b64
302b
bf60
bc1f
3fce
3a03
3051
3a76
bf7b
bc2e
ad49
3c1e
b77d
af81
3cbc
5172
bd86
3c8f
b3ff
ba1b
ba85
5658
beef
3d04
be14
3c7e
3ebb
3817
38f8
bb72
befd
3fde
3e0e
bd70
b8cd
a4d5
bd53
3559
bc27
3a3e
bd08
ca92
3ec0
3e55
bed7
323b
3883
3c28
bdaf
b8bb
bd78
bb87
bf9f
b649
be09
3cf7
3f4c
a515
bafe
3c6e
3d62
bd16
3ef3
bb95
3da9
3810
bf7e
bfd3
a94a
3d1e
3b68
54f5
386c
3c49
ba72
bd9d
3eba
3e42
3b59
bf2e
361d
3422
b7b1
3ad7
b8eb
b8e7
bf1f
36fb
b2a4
b1fd
3326
d244
3c49
3cb7
bd8a
33c8
bb43
3cc1
b521
bada
3d54
ba44
33a9
375a
52f0
be12
3538
3e1f
be52
4927
36ad
4fa0
384c
54b5
ce4b
bcc8
333b
b079
cf1a
2f0c
bc21
bcdb
cc0f
5042
bcb6
3fd8
3512
3e16
3e96
b730
bf0f
3312
ba98
bf47
b817
5322
3c17
3c37
3c22
389e
b2b7
3ccc
3dc1
bf00
3e15
b484
bce5
b402
390e
3c52
b5f0
3713
3c84
b8d3
3754
bfd7
3e64
3ebf
3561
3871
3b01
bad3
b544
3f15
33d3
3006
3a7e
4f3c
3def
586b
39a4
bb7b
3dfa
b9c2
ba24
bcb8
580e
3d8d
3b32
300f
3a6f
d82b
b824
3fc7
5639
3c64
bc94
3fbd
b302
3dab
bdca
38af
bf90
bae9
3801
36db
bfab
284f
33ad
aedb
bc65
3b07
37ba
3a88
b453
5536
3cc5
a488
bd38
d024
3cd7
b590
bf73
c2d3
bda5
bf0d
bfe0
5853
bacf
bf98
2e91
ac7c
b48a
bf76
3d51
3f94
3fe8
ba23
bd9f
3d50
3c3d
3dc9
b957
3eae
bb0e
bc0c
bd1d
5563
3fe9
b9be
3aef
bb88
bad6
52cc
3a4f
3e13
3ed5
39cc
3fb4
3f1c
b9e8
b827
b98a
be8a
3eec
bd8c
3d94
aedc
3088
3ecc
3f68
b152
bc2d
3e95
3dc5
38a4
bc13
55a2
3650
d88f
3e0b
3a56
bc17
bae3
38e6
3657
2e40
d4f8
bc78
3183
30e6
34c0
3b70
b954
b895
3589
bcee
568a
3e92
3d8a
3dca
3394
3c13
b946
3e74
3dc0
b2a9
b9d1
3cbc
b65a
2c0e
3cf0
b014
54f8
bfbb
be29
d55c
3ad2
3af0
3e3c
bf67
bfe4
4e08
bc32
b86d
bf10
3d7a
3ced
331f
bd0c
3cdd
3e92
397b
bc62
3d16
b803
3b7f
be04
5509
bd52
bd90
bea7
bd20
bc5e
3c54
bc25
bc16
c9fc
b9b9
3e66
3d46
5899
babe
3d66
3caf
bcc9
3e4a
bcf8
bbb8
add1
a5e4
bdee
bc62
34fe
d12c
b90b
3ea4
3265
b91e
3ce2
55e7
3ef0
b98e
be61
3f26
3f7c
bbf7
be77
3c32
3ba8
3c0a
34e8
bc65
29f2
3d81
be9c
3224
383a
bebe
be24
37f7
cca4
3878
3d9e
3a14
bb00
b992
3ee1
340b
b5a5
39b4
bcb8
bfae
3132
0519
acea
3263
3a00
33ce
399f
3f78
ccf6
bc15
5250
3891
38b9
b8fb
4d4c
3996
bdce
b8a1
3251
baca
3bf0
bf34
be83
bbe5
d19f
be6b
3c9e
b4fe
bd76
3d52
afbd
b6f5
bc65
3b34
3fea
c000
3de1
b37d
3e17
3b03
3aa4
5113
bb28
3e5d
bc0a
3b7d
5076
3e17
bf67
37ef
3d7f
bb48
3304
3e82
bbfa
bc5e
3ea7
a88e
3f3f
b593
bb77
3fe0
bd27
bd86
99f0
3b0e
3640
3fa5
bc84
3ab2
ba79
3ee8
be7c
d49f
cfd1
b26b
b897
ab17
36ee
3ebc
3768
b688
37bb
3dfb
3e6f
3eee
2463
b9cb
b877
b914
3fe1
3b0d
3ffc
3b4b
3e55
260c
4daa
baa8
32ef
aef4
3df1
bed8
31ee
b2fc
bcea
bfb3
aa3d
3c87
2960
3117
b3c3
3ebb
348b
a5b1
bf09
bebe
b318
b87d
bb4a
d399
bf6d
b459
b26c
d486
3093
b41b
b3fe
be21
b812
bd84
3f65
d32b
ac42
bc23
cdfa
bec4
3040
b76d
a10f
be90
bd3d
3a08
460b
376b
aef6
3151
bd8c
b160
aa93
b852
d2b9
bfef
3cf5
39df
532d
56d3
3815
3866
543e
3497
bc42
be98
3c6d
3c5c
3d82
d84c
3942
bfa0
3a85
bd74
bf97
b946
b823
3ef9
bd6d
b9cb
3d8b
384c
3bf3
50b5
3eac
3c13
d51a
be47
3f18
bcfd
bd83
3f4f
2a38
3910
d203
3e7f
3ebd
b1f1
be19
3a9c
33fb
357f
37ab
bf06
bbe3
3db8
3c34
b481
3dd1
3f12
cd00
55a6
3061
34e3
bc37
bb76
3a98
bc2a
3b48
357c
390e
3052
28d9
3d30
b6ef
b058
3d4a
becb
b8d7
3795
bc85
27ff
b794
3fbb
3a80
3acc
3cd2
53de
bf2e
3a2c
3c53
3eb0
bd19
bfcb
3fac
2df9
3c4c
badc
3a42
3ae1
3ab3
37db
b24d
b16c
341f
3726
3ff1
38b9
3c8f
bbc1
380a
3d11
bbac
bc95
3f78
34e4
3f26
3d47
bebf
ab23
bca0
a7dd
3e28
bce5
be12
bf70
3d76
b00f
ba22
b743
3a5a
be35
3bdd
3dbc
3579
3714
3bf2
3fcb
5883
bce5
3c41
bfca
3f61
bee5
3c6e
d734
be3e
315c
bd35
3aa2
d42e
3a0d
3629
3c08
b85e
367c
aafc
bc41
b63e
bf35
3433
b976
3068
bcea
bf79
3e9c
3f34
d181
3d0c
3d0e
380e
b209
30c6
bb8c
badf
bc3c
bce5
be62
ba9c
33f2
3b87
39c8
3d99
3ec9
bd68
bd1e
b96b
bed0
3ce7
3b4a
3414
bc1f
3b23
beaf
bcda
2e9c
3f12
9cff
3ca6
3826
bae2
bf9f
3eaf
d5cb
c8f2
3d00
3fc1
3d7b
bf62
3c66
544a
b4b9
b7d2
bdc2
3e9d
d421
d6a9
be35
3fc0
39dd
3d50
3e43
3ad7
3ca1
d81d
3a24
3cf3
af95
3f8d
bfc0
bf6d
b853
3eb7
bed0
b6d2
3dd4
3f10
b829
bd44
3cd5
b904
b702
bdcb
bf06
b83b
b3b3
3fe0
356e
38b5
3aba
3954
55b9
bce1
39d8
3e78
bef9
3e84
bbae
3e43
cb9a
bb2f
3e3e
3d29
3a23
384e
3f75
bca8
3992
3fa3
be9a
ba25
b885
baa2
3b5f
3338
d2f8
38a0
bcea
bff6
adc0
bf51
3cdc
3f45
3b86
3b62
b8df
bffd
3c6b
b560
365a
b28a
3d24
bf51
3aa1
3fc0
c341
bff0
3b41
beeb
3cbc
3607
bd17
bda8
addb
b444
b387
3c87
bfc1
bd94
b912
bc47
d33f
d424
3d6c
bf76
3c8d
39e5
d43a
3fcf
3d5a
399b
3bec
3aa9
3dd8
3a0d
22f6
3b09
be8f
3e69
b9bc
3f36
bebf
ac07
388e
b52c
be1f
d1a3
3e25
3fd3
3bd7
5352
3349
3046
5884
3d36
b28b
bc32
d86d
3fd8
bf92
be5d
46a9
3ade
32de
3f74
3e30
3f05
3c67
bcb9
28db
2de8
3533
3c40
b885
3f3d
d512
2c99
3883
bc9c
3996
d70c
3de3
3fdd
bcf5
ca68
300d
bfa2
be9b
becd
bde4
395f
3bb6
bcf1
3f7e
3d34
b9f6
d823
3c31
bf0b
ba00
bf3d
a97a
bb05
349e
b1da
3659
3ef3
d6cf
3497
bb87
b696
beb9
3c09
bd6f
3b53
3a8e
d47b
35ac
bcdb
b4e7
bdfc
befa
bb7f
b79c
b8a9
b032
bcd6
3d8f
bc0a
b8f1
bef6
b52b
3e27
3d6e
d519
3de2
392b
ad5c
b66d
bb2e
bdd7
bcc3
b578
37c3
bfb9
3fe4
38b1
b978
bc37
cff1
ba77
3256
3cea
be22
bf2c
baac
b678
3f0f
3fe6
398a
b6a9
bb86
bd3e
3ece
bbbe
b97c
b66c
508c
2e1f
3ce1
3bec
384c
bcc3
375e
3b68
39f5
bfb4
b8ec
364b
3750
3e4d
cf11
5013
bf7b
3f9d
3e45
3ee6
bc1a
bf80
b8e5
b518
bdee
b690
bffb
4f7f
3706
d6a4
bbd2
3e99
be52
3f20
bcd2
376b
b9c7
b430
bdaf
3ed7
bbb1
b9a7
2d53
b0b7
bc79
3a36
bc32
bce3
3857
ba0f
be62
2c4b
3408
aec7
bd11
3e82
2a73
3ada
bc71
b632
356c
397f
3e8d
3296
3aef
3efb
a599
3f8f
35eb
3e90
535e
bb12
b5bc
bee3
b822
bc90
3ce5
b682
3a3e
3dad
3b33
bd10
3bee
3608
3a51
b053
57bd
bfda
bf0b
38e9
364b
3052
bcc0
bdf5
b1bd
b81b
2ec0
3c9e
3e66
3cdb
b5a2
25b2
bef4
be21
106f
34fb
34be
3d26
a973
bec3
bcc0
bbe8
3f31
bbca
bbda
b6c1
3d9a
bd14
bf33
3b8c
bf86
3ca8
d87d
3bf1
bf39
bf46
b8b4
bdaf
3b71
beeb
b9b1
d380
1826
bed7
ba8e
d6d0
2bf6
3f08
3e9e
3c24
a12f
bf65
a97c
af01
39ea
36f0
3070
3b68
3e70
3e74
3e3a
3109
3b8f
d684
bda9
bf07
bc86
bcb5
3ce3
3f81
3b98
ba6b
b9f6
55af
bc32
aaf3
bde5
b9c6
ba3d
3c72
b984
bed8
d585
b8ce
3985
bf5c
3ead
b282
542d
b00f
b99b
baa3
bb83
d7e0
bab6
3ff1
3894
befc
be5b
39b5
340f
aca4
3f1a
bf4c
c073
be86
5446
3d4b
b8f3
bdd3
34d2
3ca7
ae9e
bbd9
3c1b
bc3b
bbb0
bc66
bdbd
be7d
37d7
3e33
5830
3c25
be0c
3e49
bf24
9eb8
559d
d3f6
3c86
3ebe
ba05
d855
57f3
bdd9
bf2b
befb
299f
b969
2d87
be50
bce7
3c7a
3141
bd71
bf60
36a5
3825
3e2f
3cab
bb2e
b683
3fa9
bd47
3e04
5736
b753
3cc2
b851
bf79
3623
b826
3f97
3dbc
bdfd
3eab
bc8e
573f
3cd9
be47
3959
b7cc
bcd4
3b49
bf85
b9c8
bfa8
bffc
d881
3490
bcc9
3fc2
be1c
bdfd
3a0b
3db4
bdc8
3fc9
38a8
b7a0
39b0
3fb5
b973
3a79
b958
adaf
3eb9
3aa2
3c47
bc9d
3cbb
3f6e
3d1b
392f
d469
be41
b660
3c01
bc39
b09d
396f
b1e2
ba11
d08b
3ce1
b84c
b4e7
3910
b7a4
3b39
be63
3ec8
bda4
b83d
3279
bf52
bb3c
bc63
3d87
b643
bed7
3c90
3c7c
3ed4
b8a5
3d6d
3841
b6e9
b5d1
ae11
528a
be74
3928
3ff4
3830
3b12
3e65
2d8d
b7ce
bede
b6e6
3e74
3ed2
bf31
b4b7
3dd6
394b
3c0f
3ddd
b9fc
3f32
3c28
d788
bee9
bb78
5586
3eb0
bfdf
b84f
3fcc
ba09
3b5f
3dd7
bfc2
d162
3602
b927
3704
3209
3c59
3f10
2c89
b9fd
3597
3c2d
3eaa
3e8f
bd57
bb71
b6be
be8e
3918
3c54
b800
bae1
4d9c
bbbc
3df9
3d23
bf23
d692
b68f
3637
3a7f
bccc
3c01
bc64
b949
bd5f
3c80
3dae
b324
3c99
3797
383a
2cb5
bf47
bc7d
bf7d
bda8
3f16
a93f
bcb1
38d7
3ea5
bef1
d087
3f8c
3c9c
bf09
3ca7
bf99
b463
d7e0
b3ef
bbf5
3ae2
d249
b6e3
3f91
3ffa
bf83
37cd
d83b
3de1
bf55
3621
d60d
babf
b5a5
aa61
3f15
bd28
bd91
bf26
3c19
b88e
3bae
b44c
4559
be02
b26e
3f10
b6ea
3e3f
d0c8
386a
3dce
b57f
bc0a
2e76
3419
2a06
d76b
bf9f
3da2
3fa2
be00
3b89
397a
b531
3bfc
3ed2
51c5
b50c
b824
ba8b
b92b
3964
b173
39d4
3b27
b394
3d9e
bca2
bde5
bb84
b5de
2738
390e
d139
3db7
b444
bc77
3528
b616
3565
368a
b960
d3b1
bd79
1867
3fed
a8e8
39f7
be5d
3fc5
3e51
3f57
bd45
32e1
3c6c
55c3
3d60
54bf
3ff4
3ee8
3c19
b999
b935
bc88
bf44
3a19
beca
b1e9
beab
d8ab
d363
9e1c
bae7
a114
b759
3687
be31
2eb2
3f33
acb7
b93b
3e6a
3e6b
bcb5
3fb6
33e8
3544
b84d
c658
3c97
d64b
3fa7
3c49
5838
bcd2
b709
b0e8
328e
b551
bfc0
3867
3e44
3b20
3a1a
1e0e
bcc7
bb9c
3faf
28d9
bc7f
bc50
558c
be77
377d
3b65
3eab
bec3
bc29
3d50
bae9
bd13
b81c
b552
3af7
bfa1
cfdb
5494
b01d
3e15
3f29
51fc
b848
bfe8
ba3e
d36d
3fe5
3878
b0f4
bab6
d693
bf6b
d464
3c80
b8a6
b9f9
3d61
b80b
bedc
bf93
bd60
b952
3b1f
bccb
35be
beef
bf2f
bcd9
bfcc
be91
b42e
2755
3a6e
3fe7
afa8
3e0e
3ce7
bcbf
3fce
bf4a
3c3f
3d08
be9f
bc09
3a20
bfb9
341d
bd7c
3042
328d
3d9e
bef3
3d1e
3b71
b095
1913
3d9c
bf98
3eb6
b5be
570f
cf1a
bd0e
b196
be06
3def
b922
b6cb
bb6c
bf3e
3f88
bc50
b275
be86
3abc
b6dd
be8b
398d
3e66
d497
391a
b4aa
bfaf
b965
3127
3801
be00
3949
2e9b
3f5b
3d42
3cda
d604
b174
baaf
3e9b
373b
bffe
d293
bdfd
3e30
aed2
2ebf
bb14
bcf3
5544
3c73
b9c1
bb2f
bfcc
a4df
31f7
b131
3f2d
b648
3d6c
3fbb
bfa4
a9b7
b8e1
bc8a
aba8
bed3
be20
3f9c
3368
3ced
d86e
be1b
bc31
3c38
3c42
39ea
b913
b594
be5a
bc93
bdf8
38f3
d7fa
2324
3d44
bf45
d6c9
b6d2
be8d
b3b5
3084
bfdd
3b79
39ce
af90
bdb2
3f5f
3ecc
bc07
bb9b
3503
3de6
be99
b4dc
bebb
3e9a
b994
b5be
bcb5
bb01
30dc
3998
384a
3f93
27f9
39d6
d23a
b441
b6da
3f6c
bc2f
3c40
3eeb
3db7
d6bf
3034
25ca
3c19
3af0
3f9d
baf5
97da
3d8d
3ca4
bac9
3ff5
ae48
3c77
bdb0
5708
b7bf
3d05
b647
3d14
bf40
3c81
3905
5522
b0d2
3946
5729
bc76
b309
3b17
be17
51f6
d1b8
ba0d
be92
bfd8
3f15
3ffb
cfe0
b9b6
3dab
a7e8
3138
3025
b5c6
3f21
392d
bcc5
51e6
345e
be90
bd68
a79a
b65a
3ef4
38f7
36da
3e33
aced
3bdd
be80
3a4e
33f1
3bac
d724
4991
bc48
3dfe
3ec7
3e02
5186
362e
91cf
b76a
bc27
3ad4
321a
35a5
d68f
58a3
3f69
bbee
b37d
53ad
3e4e
cdad
b470
3a98
be31
51e6
3f2c
bc18
b903
37ea
bfa1
3741
35a2
bfc5
3f84
be6f
55e2
bf8a
3a31
d264
bc68
bdf2
3fc0
bdb6
3f82
3f00
3b40
b57a
3d6f
bea1
bc07
3d01
bf4d
bcec
3e06
bfc7
50ac
3b84
3ddf
3ac7
3d57
1d74
3e0c
b7a5
bcaa
b060
3b65
3c92
3c46
304b
b940
d7cd
bfe0
395c
ac09
526b
3dee
b028
3806
b7c1
bd69
38b2
bdc1
bdf4
3336
bd10
3bd3
bc56
b752
bd15
ba3a
3e18
3f3a
377e
bfd4
bfdd
bf1e
d72c
b844
d7d5
bef3
b8d2
555d
3ed2
b350
3f3b
3ccc
bc92
bf40
b9bd
3ee0
3c97
2b0c
3ea2
be43
bdc6
34ca
3800
3ec7
bd8a
5752
b42a
3480
b961
3c64
be28
3c30
3971
d5b0
ba9f
bdcb
b8ef
3619
3f33
b528
54a6
b72c
bfe7
3fa7
3e73
3fda
5826
b9ce
b80e
d859
be22
3f31
37da
3ed1
5252
5560
b078
bcf8
bee8
bbe1
4c27
bfab
bf82
57b2
32fe
3fbe
b4b3
d108
3eac
3801
b8ce
3aca
3e8a
b089
3cea
ac5b
bcb7
d58a
3ab9
39c3
315b
d4cf
3b52
3d87
39cd
3a8d
b9cf
3c26
2c59
30d8
31d2
3827
36d0
bc80
be96
3f3b
3dc7
3c53
b462
bcef
bcc9
b4d4
afc0
d42e
3c2c
3dc3
bec5
3b34
34eb
bfbf
3c37
3b04
3c1c
38ea
3e32
3eca
b8ad
be4c
3cb0
bab0
397d
d7fb
38c3
bec3
3d43
3e5f
b53e
be17
bd3b
572e
be48
3bb5
bc7a
bc95
3986
3fbc
37d4
bbc5
bfa0
be54
3ea7
3fd9
257b
be3c
3a7d
2c16
38b5
31df
3340
3c6e
3fcf
57e4
b7ca
bf76
2c05
3ef8
35f1
3ea4
be19
bc73
bb4c
330b
b1b7
3e4d
3437
b3a9
3f36
393f
3807
3079
31cf
39f4
383e
34cb
38b7
50c4
b591
b6b8
b821
c9b3
3c99
b7d7
3a33
bd8a
bd6b
3857
3413
bedb
bff5
ba74
3f5d
3b3c
313e
be04
bab6
3675
39cc
bc29
bf3c
bc82
be5b
bb49
3cf0
3f39
3818
b971
3d1a
d73e
3673
b456
bcd3
b99e
d579
3eaf
ba52
3833
3f9b
d56a
3bfa
bd5b
37f5
bba4
bdee
3d89
3e4f
3e47
ac7f
bb80
366d
d4b7
3cf5
bcb6
ba4a
bdac
34a7
3c6a
3e13
bc69
3677
bf98
3e01
cd8b
b933
bff6
3976
5887
3f7b
5603
534b
d1a9
bf0d
3c38
bdee
bfa5
58a7
b7f2
bdc0
3cdd
3fbc
3b0d
3d6e
3ed2
d6eb
af33
b4fb
bf9a
3e64
b3d6
b961
304f
b236
b615
3535
3392
2fdc
3663
3f57
be71
3bf0
3eb3
3d09
be6d
3c5a
3dfc
bc67
3e6f
ba80
d8a2
bc13
b7a6
564f
3859
bf6b
3b42
3b23
37dd
b060
3d01
3c1a
3cdc
b84f
3fe5
3701
5654
b662
2f11
3caa
3def
b79e
3ce2
b8cc
b44e
3f65
336a
bfd7
3a25
3dfa
bf23
2cb4
3459
ba22
bcc7
bf47
5607
bc15
3961
b262
2e1b
3b0e
319b
d66a
b7c7
b96b
2f1b
bd93
3f27
bf8d
b8cb
5373
bf0f
329a
d641
bf59
2ff2
3f7d
bdd2
3c24
b8d7
bec1
39b0
57da
3e57
b82a
344f
d6ff
393c
bf19
389e
b8e6
b709
b7da
bc7f
bc6e
3c95
bd3a
b960
bcb5
ccaa
5420
b858
bc14
3a96
388e
2b32
3700
2757
bcf0
3a27
be18
3bc5
2710
b839
3d69
baaa
5479
3db9
3f6d
b4cb
3dc4
3654
bf02
546a
3db9
3b7d
b794
bc7c
588d
3f7d
3d97
3cb1
be1c
bb59
a5e9
bb76
b238
4f4c
cdc7
bd51
3c75
b9b0
bd79
b5ed
bb31
becd
b617
b17c
338d
bf31
3ad4
bf03
d809
3f5f
3729
3904
3e57
b917
5875
b934
bef3
be1b
b989
b963
b439
3fe8
3d18
bb64
b2d3
ad1e
b99c
b0cb
32f5
37a3
3b8c
b99f
bfd3
baf1
bad7
be72
3d8c
bf32
506f
3f1d
3990
bdb9
3d85
bb0f
3617
d4bd
bf61
be41
3db2
370f
b41d
3606
3f1f
b647
bf2c
3dc1
3b86
b8ba
b9e0
38c5
3e73
3db9
3ff3
baf0
3dca
bc96
3ff8
bc05
2f06
58a4
357f
b95b
b5bf
cc24
b423
3ffc
31a9
b822
b87e
345d
5751
3c98
38d6
bd17
b64d
bcc4
b0ac
d894
b428
b953
b47e
ba30
d785
3bd2
d15e
be4c
36bc
3c16
57b2
b86f
3d22
bfc2
3a06
3d6c
b396
3ab3
3e86
bc9d
38b9
3bad
353d
3d30
3853
bee4
28a9
3ec4
2657
2b8c
3fe4
d801
49a4
baf1
3e7f
be6e
b0b4
37bc
3e90
3a83
bdc0
bf56
39d7
3f8c
b917
3d8e
beaa
bba8
be11
ba0a
3f3f
3e58
baca
bcad
3d7a
bdc7
3d2d
3de8
284c
5636
b810
3a8e
ba40
b9e7
3e77
cf44
bf1d
353d
3e12
b4cd
b455
3d58
b889
bf9b
3e36
57ae
3d82
bfad
3be1
bb80
b55d
b33c
3b5c
3fee
3c32
b91f
b87a
d6b4
3305
be92
3099
3823
374a
3f3e
bef9
b44b
2e12
3835
bb70
3b8a
3e07
b8d2
be76
3de7
bd1f
b133
3dd6
af06
bd75
3ba4
b4f2
bc1a
3f6a
bdac
354c
393f
39e6
3c20
3c7f
48eb
b057
bba1
3a6e
449b
bca7
3d45
bdb2
3ba6
bedf
affd
d6f0
3df0
3f81
343b
3c86
3caa
3ea1
37ee
384f
3ed3
d30a
3ea1
3966
be49
be6a
54e7
a2b3
386a
be10
b69b
bb9d
be3c
3abc
bf8e
be0f
3b91
3c48
bf27
3f53
b84a
3c8a
3dd6
3e7b
bd42
3a12
3d9e
d37d
ba7a
39d8
3f9a
b8b4
bc5d
bef2
b431
b7e1
bff5
bf00
3144
3e22
be63
363f
395a
3c06
391d
3be7
bc14
3d19
3f90
bdc5
b887
bf04
38c4
af95
be9d
3f4a
261d
b427
3fc8
d441
b77a
d22d
3a76
bf7b
2b71
b4df
bffe
bdd9
bc92
3e73
bf84
b79a
b851
3f8c
9bad
3ff3
bc32
bcb3
3d64
befd
3e2b
bfe8
3c58
ba2b
bef7
380f
39f2
b876
b6b1
3df4
be3c
386e
3b30
bce8
3adf
be26
b80a
b55d
3723
314f
bd4c
3f88
bd3e
bec1
be56
bf55
372f
b9f7
2d55
5876
2453
57c9
bc6d
3637
be88
bf2a
38e6
bf43
386f
2851
3edf
bbca
34bc
bc1c
b40f
b85f
d1ac
beea
5859
3a8d
3fb4
bcdf
3dc0
3111
beed
3a12
3fc7
ba08
3b66
b709
34c8
30d4
be1b
3ecc
d57f
b112
31e1
3d7c
bc73
bc54
3e3c
be14
343a
b908
3ee0
bf31
3f51
3c27
3efb
bd36
3df0
5632
58aa
aa2d
bed9
b8c1
bccc
bf1f
bfbe
baaa
3b44
bd45
d499
3af9
39b6
d7eb
3c21
51b0
bf42
3a21
b9d8
3ceb
3e04
3e71
3d27
2f04
b631
bc0e
b56b
b856
bc2c
3e3c
3cb9
d828
b848
bdaa
bb88
bbf9
b6e6
b478
37bc
3f3b
3557
34b7
3e8d
3cd4
3a49
37ca
3437
b5d9
3ed3
3984
5693
bdd4
b319
1d8c
acd5
2d63
bf74
bf46
3d59
bcf1
36d0
3ca8
3f56
3d8e
bd98
bd94
3da3
3e2c
bfd8
bda5
3e09
bda3
b924
adc0
b0f2
be9d
3693
b944
3416
34a1
32f1
bc7b
3ba9
bcfd
bca5
3cca
3de2
bf16
b8b5
2f18
3d77
3189
a6f1
3c61
589b
3efd
bf50
b533
d1a5
3883
bdb2
3e62
bbe9
b76a
2f32
be1c
bbdf
af25
bd2f
3fa0
d17a
3e9d
b9ab
58af
bc46
30a9
3ab7
3e04
bd4b
d7c8
bec4
bc4e
befa
3f63
b65e
55c3
3e8a
ab94
b8bf
3d93
3fc3
3f9f
3bd3
32df
be0f
c7a8
b574
3e7f
3071
b489
bcae
b82f
3928
b6ab
a437
bd16
399c
af3b
b982
d66c
35a4
3ecd
3c27
3dbe
bbb1
bc94
3ce8
3a68
3fa0
36c2
bd88
3259
3a0f
3c1b
baa7
3968
b686
bed8
3e58
3dfd
b41c
bf84
be8e
3c3b
321c
a8b4
bca1
bce8
34fe
cf9d
b8ed
2130
bcd8
3e86
b24e
b5aa
bd5d
bf78
bf27
3b57
30b3
af2f
32be
bc56
3ec4
3532
b2b8
3892
3faa
b2fa
b935
b4a3
ba8b
bd14
bd1b
9f12
3e7a
d61e
3e91
bef8
39d3
3465
bcf3
35c0
3c3e
3643
3359
361c
39d6
3d4a
d7f9
3b7e
bdce
3939
b8c8
3bac
adad
bd63
b477
bcac
bd09
d714
bd40
bf25
bfe6
b502
3ed8
bf97
bb2f
31d0
bac6
bf0f
39a9
3866
3ea4
be3b
b631
bfe9
bcf9
3cb2
bee4
b38c
b9aa
3f6e
540e
351d
3cec
d53f
bccf
bd5d
3d09
d494
b853
be1e
3d3b
bc73
3692
3ef9
bc95
ae8a
bc92
3aeb
369d
3593
3fd6
316c
badd
bd40
bd60
3ae7
b07c
50f9
bcdc
3ea3
3bce
b801
bdf3
bcd9
b8e3
b7f8
b23e
3cd4
be9a
be63
3dab
3c46
3c01
3ed2
bdca
aafd
3c80
3682
bc39
b89b
d27f
bf6d
be8e
b769
3b35
31eb
3a41
51dc
3e9d
beef
3eb3
be07
383b
bef3
3d0b
3655
350c
be07
2942
3d70
3c40
bf49
ba2e
b260
3ec6
b8f7
bf7b
ba25
3293
3e35
b9b8
b5b8
362e
3e2e
bbbf
b784
b9e7
3ff3
cea6
b510
2c03
3efb
aecf
bed0
3be2
bdf0
3d1b
3c14
bc11
3f93
ba26
34b6
3bd7
af45
bc6c
3f59
3757
abd2
ba82
3948
3d9f
364a
bdc0
bc62
b8a2
b970
371e
b7c6
4418
b07b
3763
b98b
bdec
36c4
beb1
b6af
bd58
b48b
b69a
3134
d4a0
31b3
3607
3ac6
bf1f
b824
3828
3fee
36c1
3e57
bf73
3d34
a84c
b402
be78
bfa3
3409
56eb
b96c
b926
36dd
b8d1
3c90
b6cf
3de0
3d34
3c61
3c29
3e8c
b076
3737
3938
3803
b922
3be9
d6a4
3d74
ba3c
2ba5
3c06
aebb
581a
cd88
b9b5
b5fe
b91a
bf47
bcef
3ece
3eaa
ba80
d608
b4b8
3a9c
34f6
37cd
b620
b0ab
bfac
b785
bd7c
b0d9
383c
b5a3
3ddd
2d1e
d21a
b5af
3f48
be73
b272
bb5a
3c6f
bada
be01
bdbf
b6fa
2ed1
3ac9
d130
a989
5471
2d3a
bfe1
c9f5
39a7
bfae
3dc7
3a2a
a818
bc6c
b945
4ced
3d59
57b5
3e23
32de
baac
be7f
bc2d
2be0
bd36
b730
38bd
3eef
3bff
3ff0
3f88
bc5b
bcdc
bd9b
3af7
3959
3ee3
3e32
bc79
bdaa
bc97
bca6
3dd8
b4de
3dcb
3e5a
b583
3e2d
3c26
b846
b970
bcba
342d
be21
3c92
d446
bf25
bf2d
3c5c
bb39
3d0b
b034
34f2
bfc6
3094
b28f
3c3c
3aa4
3f7e
55d3
bca8
3c20
bc12
b919
484e
3aa8
3c0d
38ff
3e68
5807
3ae0
3d8e
bd2a
d104
3520
b55b
3fd2
3da5
3e6e
3daf
3da8
b5ae
bccb
4978
317e
3729
bc73
4ba5
bdc6
3148
3cc1
3e91
bf08
321f
b794
35e8
3e47
bd1d
a204
bcf1
bc68
3eb3
bcaa
3600
25dc
bb6d
3d9c
342e
bbf9
3d19
bd84
d6fc
53a0
2d0e
bd64
393f
bce1
3b86
3b8d
3cfc
bf52
bd67
5590
2a86
bc20
4000
33ad
b001
b915
3f0d
3aa1
3940
54b3
c431
bfcf
56fa
bccf
cddb
bda7
3d2e
bc16
d493
3658
550b
bfe3
bee4
bf6b
3ce5
bde1
3d83
d868
bc04
3850
3e01
3f28
3390
35f4
bfc6
388c
3bdf
3f42
b8ef
3d9c
bef0
3ff9
38df
bd68
3c25
bc7e
b7ff
bfb4
3df9
2f98
3c61
3e4c
a8f4
2c2f
3741
39f9
b8de
3d12
b011
3c5c
2c71
badc
bd39
bec0
3ae2
be97
2ccd
3ef9
b89f
26eb
3f49
bcdc
3509
bbbf
373a
bb60
3c38
d400
bed3
b1cc
bf42
bf63
bc3d
bac6
2e2c
3f5c
c1c3
bfb2
3e51
bc08
babd
b93f
3d7b
b191
b20a
beae
3bce
ba69
b32d
d575
378d
b77a
b53d
b697
b1d5
3496
3928
3a3f
b946
bd51
3ae4
3e6d
36c4
3c70
3b22
b5e0
5215
d088
3433
2f20
bd85
3e6c
47b9
584d
d72e
a7b2
3983
3860
4558
b574
beb0
ccbc
bcd1
bb20
beca
39f7
bb00
a8de
3e38
3a9b
b8e1
be29
bf9f
b6ab
bb96
3b9e
b907
bc60
bae8
b97b
aea8
bcde
245d
b4d7
b927
bab0
3cd4
3f50
3db3
3c11
3f67
3619
3eb4
396e
bb75
3f06
38a1
bdb4
395a
bf9f
b2c3
32c5
3fb7
c962
17c5
bcd0
3c16
b6d4
3948
bdc3
3b41
304b
b758
3333
5333
3e87
d386
d80b
3b46
bd70
3f3a
bb7a
b1b4
bf3c
bd5f
be64
bd3e
3beb
3a2b
3823
3476
b49d
3af8
b25d
3e19
bb5d
38dd
bb75
b8e3
3e44
3be5
be17
b98c
3c60
b90b
bf69
3e77
3a9b
b4d9
b1bb
b90b
3366
38b3
be29
b621
bb9a
bdab
3da9
2e80
bdfc
3eaf
b814
bc15
3eac
bb15
be84
3ec7
d417
b077
bcd2
500a
3d9c
a59c
bdfc
3342
3d21
53bb
396d
d88d
bc20
beae
3fd2
3fc5
bb60
b828
bfcd
bfe6
3e94
bcef
bb81
b62b
bf7d
bf97
b924
3ace
bb9a
367d
3ea7
bdca
30e0
bc4a
3e33
bae7
b2c6
bd05
3e2e
bf6a
b34e
bf4e
3fce
3b9d
3c31
b7f5
d544
38f6
bedb
3c7a
3075
d0ab
52a3
3f79
b822
3bce
bda1
d765
37ac
2c12
3fd8
573e
3ed8
be78
3dfd
33de
3ced
3c7e
3c3b
3d60
39a8
bd0b
37c5
bd76
bc7c
bea4
3cab
b8c6
3472
3f16
35d5
ba32
3e34
5879
3cda
bc02
bf55
bc95
3c8b
3374
b897
b9e2
2f5f
b92d
bcb3
baf1
b088
bcd6
50ec
d89b
bead
3e1b
bdcc
3d32
b556
b695
b99a
bc42
be9d
3bde
b8d7
3daa
ab28
b806
b726
bdd4
afcd
bcf6
3e8c
3e48
54a3
abda
b8bb
3c48
37d8
be0c
3e8b
3f1c
528e
3c99
bd66
ae0a
3e42
3f93
363b
38a1
bb50
b49f
3d76
bdbd
3e83
3df3
be30
3e4f
34d6
3d53
5522
3693
399a
baab
3cdf
bcaf
b6bc
a828
3bd3
2eae
3d3a
bfae
3fe2
3acb
bcac
b397
bb3d
3cc3
b15a
bdfd
3fb8
3eb2
3acc
bd33
3b08
b71e
3cea
3f81
aa19
bf14
bf38
3e62
383e
3f78
bfd9
bc95
2eae
d617
bfb9
3b04
be7f
bd1e
bc57
3afa
b813
3944
ba69
3f0e
abad
3ffb
3f4b
3f7f
bc53
513d
56fd
ba7c
be4a
b968
36b0
a435
3899
bda4
ba2d
bb30
ba3d
bd65
b186
3d03
bd92
bbcd
3d82
3fb4
3b58
3c0c
3ff6
b859
3921
3af6
b8a4
3e53
bd8b
b8ec
b98a
363d
3335
bdf7
3564
bf72
5713
2619
3b45
2c38
d6c9
b814
3e91
3f20
d48c
31d0
3809
3858
5622
5890
bd3e
bfb2
d896
bea0
bab7
3a93
3d6d
b630
bc09
bf7c
bcfb
bbb4
becb
3e21
3780
3944
261c
b8cc
35c7
4ef2
b2ca
bbd6
36af
3f51
2363
b331
bc90
b322
bf0c
3bfc
bcd3
cc2f
3ce0
bf9e
c3f3
affc
37d1
3726
3a5a
344a
b7c9
bbd7
bcab
38cb
bbd5
bd01
3472
3e7b
3f91
3ff0
3f03
bd2c
bcc6
54c6
b963
3ddd
baa0
3cd1
3c58
b889
3589
4f44
3d2c
3c67
be87
3887
bdbc
4d4f
3999
be90
324d
b1df
a4c7
3dd8
bd3b
d831
b9e6
3ed5
3a8e
3d25
3358
3de3
bc89
3f43
3df1
b909
be48
313b
56cb
58a1
b4c7
3cd7
bebd
bbf5
bca5
cdc0
b9b1
334f
bedb
3fa0
bc14
3f75
bf86
254d
bb19
3c57
bdcc
3a2b
bc0c
37f7
d3d3
3ea9
b971
bfd7
3ccb
bf50
3424
b77b
b40c
55dd
34e0
3cc3
bbbb
d537
bd87
bff4
d70c
bff3
5829
511e
28db
bbd6
3f17
563f
3ae8
3c4a
311a
bfe3
2e6c
b016
34b7
3b12
bcd6
beca
be8b
3710
bea4
3407
bcdc
4c7c
34df
bf60
becd
39ec
bb9b
bf10
bca2
d850
3da0
3e07
b5de
3d97
bf35
3830
beda
54e9
3bb9
cd6e
bc80
2da8
568b
5093
3ce6
3dd8
5899
3ad6
af18
3977
b5ef
b14d
3f1c
b9b7
bd02
ba8c
ba87
bcc5
bdd0
3c21
bb97
b3a0
3d18
bc2d
d5eb
3d3d
3fb1
3d34
b5b8
bfb5
b144
bd38
bfc2
b96a
2ba5
3b8f
3f2e
3db8
3ef2
be98
b31f
bd9e
bedd
3c12
b8a4
b872
38a0
bfc5
b219
cb65
bd40
ab0d
397d
bd4a
38a9
3cf9
b8ec
3da9
36c0
bbd6
b864
3c3f
3d1a
3372
3e36
b945
54fe
3e1a
33b9
3ad6
a26c
3a86
40b9
ba0d
3cf5
54a4
3bb1
bc5a
bc7a
be19
3b36
3ea0
3c79
bfcd
bbb9
3c4c
bb1d
3d47
bb0c
bebf
b8e4
acf7
546a
57f6
ba5b
3d4f
bedf
bd7c
bc00
bb2b
3937
b900
bdfa
bdcf
3f51
bf8e
3e72
af4a
3e31
b9b0
bd11
ba10
3a2b
ba5b
b7c8
bdfd
d6e1
bfa2
b254
37f4
bf8c
b75c
3d8b
bebf
3ecd
bbc2
50c0
3e3d
d83a
b9fb
569c
3e29
ba1e
3b6e
bc7e
3c4a
3e7d
39b7
c000
cd54
d87c
381e
3b6b
3f6c
b8c9
be05
b030
d73a
5463
3f48
396a
3c71
bdb2
3be7
ba53
38d4
bf18
3e7c
3c9f
b8e5
3f44
3677
3e82
3df8
3cf7
2915
bd10
bdeb
b960
563e
32c5
392a
baba
b5a0
be67
3ebe
b74b
b753
38eb
bf44
d389
3f80
a7db
bd94
b7fd
3f3b
3d37
3c2d
2a19
3aa5
bd6d
bf07
bd06
3bef
3e4d
ba50
3cef
bf62
bf29
3fe0
b728
d632
378d
3c22
3e56
3d9a
bf67
bef2
3523
bfe6
5646
bf00
3662
3852
bc6b
3c68
3f7f
ba80
ba0e
b5fe
3bb7
3a54
3d73
bfcb
d144
368f
1584
3b57
34c6
b74e
b7bb
3db8
3faf
b0b2
bf16
b795
beb1
b636
3c96
35ee
5863
3ef0
bf71
bea4
2983
3950
d5bc
bf55
bda3
bf16
3ee1
3bed
bf12
bcb6
bcfe
bd3a
b8ad
bf62
34cb
3c78
be7c
304e
3607
b2ba
bc09
bcf3
3cb5
3726
387b
3ffc
3ad3
3b4f
bc0b
bf06
3007
bf51
b712
56d9
3e71
bceb
3043
bcf5
392e
bfb7
bd0b
3b62
3d37
3b2b
bb9a
aa99
bfae
be85
bdb2
bd92
bfe2
b972
38fc
bcd2
b642
b866
b8f5
3d09
3833
3def
b50a
b39f
b4c4
3481
bb84
3fbb
3b63
bcca
b510
3f36
3713
bccc
ba03
bfcc
3e1f
b123
b990
be85
b9d2
3cbf
bcf7
3aef
3810
3be8
d3b8
ae0e
3f49
3db9
aa2f
3e80
bbff
2918
3c28
d6d0
bbb4
bad9
d40e
b882
3553
34c1
b29d
bd02
bcd9
ba9d
bb47
3a2f
ab23
b8db
3ccb
3d69
38e5
b97f
3e3e
3ce3
348b
3a5d
b470
3a79
bf34
34c1
b158
b920
bf7a
beaa
2935
a970
3f67
b684
3725
bac6
3ff3
bb5d
ca0f
3c52
bcc1
3dc8
bc42
bcd8
be90
b7fb
3f61
3c33
3b64
bee8
394f
3beb
b4eb
36d8
354c
3c18
bc65
3c6f
3a0f
bc0c
bd6c
3ddb
b7dd
380a
3faf
38ae
a817
3eeb
a12b
3b8f
a8f5
bc8e
3e4a
3a49
3d89
488a
bec2
be5a
357d
bde6
3805
bdb5
54ff
bf14
3711
b47c
2718
39b6
3e44
bb7b
b3a6
3c6a
b0ef
39bb
39d5
bccc
378d
bff5
39ea
57ed
b795
3c24
bc42
bc8d
bb62
bf67
2fae
3e6e
b40f
b82d
3cc6
b6e1
3821
b9b0
b364
bd5f
35c6
b559
38f6
2d63
3b1c
bf42
b0cb
b952
d464
bf16
3094
b4bf
bf5f
35ab
b0fe
3540
3c2f
bbde
3e1f
b836
bcc6
3aa7
bac6
3014
bf78
3b6e
b69b
3cb1
b9e2
b9be
ba69
bf35
38e1
3842
3e42
38fb
3c4b
befb
3dd3
bf08
3ca1
3dbe
be9f
d88b
4c51
37f1
3f4d
d52e
bf63
bf87
361e
3941
b8b1
38bb
bdf9
5432
3eac
9e18
b0b9
54ad
39d2
bcdf
3ada
b659
3eee
3be4
3dd9
3e7d
51e0
3a1b
bbe6
3e38
3c19
bc4e
b173
b35c
3f80
55d6
3803
2c54
3fed
b677
b87e
3721
288d
be82
bd02
be1d
be63
b8b7
2d4f
b7d1
5139
3c12
3cd9
bbe2
ba08
bfee
380b
b703
ae09
3e8c
3d0a
39f1
bcda
bdeb
3bb1
bc84
b475
3b6c
3dd4
3c98
3bd5
bcd0
b9b5
3cf4
b10d
b60e
3dcd
bcba
3aaa
b90c
3a18
bca1
d089
3f76
bc1e
3fda
bbbd
3cc6
3e7c
38b3
3cd1
3e55
bd17
b705
381d
2d0c
bde5
bb0c
b010
b952
36e8
b434
3cca
3596
336a
bf50
3ce8
bd83
d7e6
3c72
b76b
bb40
afe4
3d4b
b255
3943
3c73
3e76
b306
3bb3
2240
b336
3f5a
bdd1
3c0a
3e67
388b
a0b9
3d44
bcda
3e7a
4fc0
bcac
3e9b
bf64
d6d6
b998
bcfb
bd98
3ca2
bfcb
b550
bf9d
384b
bf17
3bd5
ba31
bd36
3725
3ac9
b8d9
34df
3dac
382d
38d9
c18f
bc77
b9a8
30e7
ada1
4faf
baac
a858
3a04
3cd5
3cd9
3b3b
bacb
30f9
3cef
36fb
ba2d
3116
bf04
bd75
36a5
38bd
3ef7
bd75
3c30
be5d
bfc9
bbd5
cb4e
ac94
ab36
3e49
bd04
34e9
aed4
37ec
bb32
3ffa
3620
354a
bd2a
3d77
3705
3d02
d874
3138
3eb1
bd5e
b923
bba4
3d60
d771
be8a
392b
382f
2862
b943
bd0c
3f35
be54
3e4b
b90e
3be5
bfaa
3e1d
3cbd
ace2
bd55
37f6
bd6d
3b40
b9f7
bc99
bf2a
382d
b6d3
c42c
414b
b8a5
beac
3aac
3462
bd7a
39e2
bd50
3655
531a
3b72
30f2
37bc
3d00
3d5b
b777
bcbf
b4ed
3aa7
3c1b
bd99
bd83
3856
3aaa
3163
bcdc
3f03
ba0a
3cb1
3b26
3dc6
3a49
bc10
3f91
a0db
4d81
3e9a
3c92
bb7c
3742
3abe
2ced
bcce
ad7a
be10
3c88
3a38
3b01
3eef
bca5
b864
3856
3caf
bd4f
3e74
3ae8
b907
d463
38a7
3dcc
3838
3c81
d293
b535
ba88
b87f
3dd2
3d09
b42c
bc26
3e65
393d
b234
ba18
3092
b7d8
bb12
3e91
bed5
b8f5
566d
bdc7
3f8d
bce1
3f7c
3cd8
c72f
357b
d0f3
3dec
3f97
bc5a
3c5f
3bcf
b526
2ed8
24a1
2f02
33be
d4ff
bdf7
b951
d20a
5815
39fe
bbcd
1b1c
bd93
3ee1
2bcd
d2ef
3fe4
bcb9
5842
33da
3c71
3e92
3e75
3714
b9db
3eba
be07
b8a6
bd2c
bc27
397b
3f08
d606
be3a
385e
2fb1
3ebe
d066
3a0c
b89c
3db3
b945
bd96
b9c7
bd8c
3cf2
bd63
3e09
d833
bff0
bd00
395f
39d3
bc9d
342b
3971
d2e9
bc77
b578
3ee8
b6b9
be7c
3ed9
301a
bdc6
3458
3868
3e38
200d
b4eb
c959
bcb5
befe
340e
3fe7
b708
55ea
2589
52d0
bc57
3cc1
3d48
3db0
bff0
acd1
583a
3cb8
3dfa
22f7
b557
bb63
b9d7
bea5
2b74
bc45
3c8b
3e35
b9f7
b9c3
3f62
582f
3bed
3d5c
38b3
32c8
3fb8
bd4e
d4e1
3d2e
bc53
3c20
36d3
ba9b
d55a
bec0
3a75
4861
b9fe
bf23
b983
bba0
bcaf
3ca7
befa
bd76
b8b5
bea9
bf8d
bac2
d3fb
b8b3
bf30
be9f
be56
be00
bffb
b515
bddd
b521
3844
3f48
baa5
3df3
d7bd
b403
bb01
d835
b611
b93d
3a84
be90
bdda
bca2
d62f
b43d
bc5c
bdc7
2ec4
5211
3f8d
aa10
b684
bf2a
348e
bd61
32b2
bddb
3edd
bc29
bcde
bd98
54f8
3eb9
ba40
b7da
35e1
bc38
b8bd
b19f
3dc7
d86f
3d03
3e97
be9e
360f
3424
3bb4
bea8
bbdb
3671
bac2
3606
39a6
3c71
b3d0
3c82
ccd4
b8cf
b8ec
be6c
2b0d
3c14
bdff
3f3d
ba4e
3d72
bd6c
3c18
5836
acbe
3fc0
bef2
3cc2
bc5d
3dc4
be85
3f9b
3df7
beec
3719
384f
b4ad
bc0c
3cfa
b8ee
3f98
b8e5
3c0f
50e6
b85b
3d80
3f04
346e
3a1b
3413
bad0
b979
37f9
3d7b
b9a5
3cbc
38bb
3ddf
b769
a223
be00
b811
3436
b4de
b96a
bee6
b6fe
3437
be5d
3e97
bd95
3b76
bdc8
bf19
3dff
b85d
bf2a
bc44
587f
3e29
bc34
3e12
b7ac
2b49
2c86
bba7
3d03
3f1b
c43e
35df
be1f
50e6
3397
4bdb
bd3b
afdb
54b3
3bce
2917
bde3
3d96
2ec4
3cd5
3282
b8fe
315e
3dd1
3da9
bc87
b56c
3a34
3f8a
2c90
3ede
b95c
abcf
b8b6
3b5b
b867
bbaa
3f31
b763
5148
b42d
3d11
a982
3469
bdc4
3a70
be32
bab3
3b7e
3a6d
3b08
2d2c
bd8e
38bd
3991
4f23
33f0
bb41
beec
b4e1
cc94
30f9
bd0e
bc8b
3e5e
be46
2d40
3ed4
bd73
bb77
bfe5
3bc9
bca9
b623
bc35
3993
39ae
bd0a
b8ea
b97b
2a94
3d9b
b51f
3c03
aff6
3c43
3970
3c06
ba88
2eb7
cf07
3ee0
bf55
3fe0
54c3
39cc
3d3f
3c22
b809
2bf0
3e4c
3f31
bf64
b1e2
3d7f
b4d8
bd11
adb8
b56c
bcaf
cdda
be56
c637
3fdb
b9ac
3544
3e91
3d62
30dc
bdd8
bd2a
3f3c
3dfe
3dce
bd0c
3f7c
bf61
bcdc
bc7b
bf86
5408
d452
3f32
3e13
bc19
38eb
3cca
3560
30ec
3e7f
3980
bc48
3b43
bd09
2fe5
ad59
ac69
3c1e
3a9c
3d49
b172
bb5c
ba7f
bb16
2f53
369c
ac5e
b828
26b6
b985
321c
3e5a
be61
b01b
3bad
bdbf
37d1
d54d
ada5
3d40
3d17
3f7b
3c60
bd39
3969
330e
b5ea
bf87
be9f
35e7
3e47
3d9f
b255
32a4
3bf0
34c5
b882
b3d5
3d7e
bdaa
3ed9
3e8b
ac49
d528
3fb1
bb48
3a9e
3cdd
3cc7
479c
381d
bdba
ba68
bcce
3e14
3963
b036
3928
3604
bfab
3764
be8d
3dcb
adee
b653
3eb0
be6b
aace
3e93
3dba
3d10
c814
502c
bed3
39b8
be05
b863
af33
3c25
3587
bc2b
3d37
a0fc
b39b
5708
3ff8
3f6b
3c23
3f15
b422
b6c9
3e0c
3836
539d
3a26
3948
5351
3d95
bc39
3c76
3be4
bd71
bf5d
39e3
3cd3
afc7
3fab
bd01
3dae
b707
4fb4
b391
be8d
b4f9
3a7a
5791
bfc6
31ea
bdb1
b3f0
585e
b818
3c8f
3926
3c62
bb71
bbf9
b60c
3e6c
2b50
be23
a8ee
be21
3c3f
3f25
d63e
2989
b988
ba25
bcd9
34fe
3b0b
3a7c
ba12
b595
bd40
3f8b
3d56
39dd
3ac4
51d9
2eef
b964
b8f5
d7c0
3ecb
bd49
3e99
bf76
3ec0
b931
3de9
b826
3d1a
3db0
3d42
b3f2
bd92
3e70
3b13
bfa0
ba0a
3cd1
490e
3efa
ba90
ce06
36de
b8fb
3d3c
bc81
b5f6
b5cf
b21b
b81e
2e8b
ab63
bb87
bd84
becb
bef3
b9a5
39ea
be30
586c
bbb4
50f3
d4cb
bcfc
b7b7
bf08
378f
3e1c
be19
bfcf
398c
3c82
be78
2f5c
3fb6
bec8
d44c
b8b5
beb0
37ec
39a5
3ccf
b8a7
2dfa
38ee
3a77
27c4
3c43
3917
b405
36ef
3e52
5886
bbeb
2df0
b499
b941
3c3b
3f50
ba7f
ba69
b9f1
3a74
b92e
bae5
3abc
bef0
ba5c
b7c7
3deb
5852
be2c
3f76
5617
b382
3a88
3833
b415
3ded
d7dc
b929
3499
d508
4da2
3e23
3f1b
389f
374b
bca0
3ed7
3b7c
3b5f
38b9
399d
bd76
3f2c
bfdc
3f58
d423
b80f
b4c4
bed7
3b41
cd30
39ce
3f95
38ef
3c16
3657
42b8
bb67
bfbb
cd08
bf8e
3357
4f39
a6c6
bfb7
b150
be29
3fe0
bd89
5472
b3b2
bd8d
3fe8
24d6
bde9
ba46
2cc2
3fe4
b201
bed4
b6cd
516b
bd76
bc44
316c
bc76
c73f
b6e0
b7a5
39d2
3ec8
bc54
d748
bde6
3ca2
5612
befc
b880
be5b
3806
3d58
d2de
3d42
bb64
3ba0
3c43
b506
bc3f
bff7
3c42
5653
bceb
bed1
3c35
3cd7
3980
b785
bee3
d38f
2d14
3cff
3f6b
bd19
be0a
b87f
55a9
3c3f
38ab
ba26
2234
3445
20c2
3dbf
b3cd
bf8e
313b
3c23
bc5a
1aa5
b8e3
3db6
2dc9
b923
d4ef
3633
34cc
3dec
3f13
bd8b
bf2c
bcd3
38b3
3f46
35d7
be87
ba96
38de
3d5a
31d9
38b3
3f39
b679
b441
3adc
ba65
bc09
bbbc
3555
3d4f
3c52
bc19
b48c
b888
bee9
3ee5
bed1
bdd6
b45e
3e74
3c5e
be00
3935
5399
3d44
bf46
3e07
bc69
354a
cee7
3d7b
b934
b8ec
52a0
295c
3194
3eb3
3f67
d4c3
b467
3c8c
3e77
3d29
d83b
3b8f
3dc0
ad24
bdff
adf4
5864
3de9
3fb0
b09d
2b88
bc68
383d
b46d
5600
32c1
b9e9
330d
3e55
bebb
34b2
381c
b4d1
3b88
b612
bb72
bc09
3fd3
3d45
39c6
d8ad
3b58
b266
bbfd
bde0
3ef9
bc3a
3f46
bf6b
55f7
bdff
bf3c
3924
3eae
5625
3f2d
ba36
bc0e
3e10
3af6
bf0e
b3a7
38a1
3cf1
3ddf
3fec
2d28
1ac4
39f5
cf1a
b13c
3bc3
3545
d889
be5f
3e87
3b6f
a474
b834
ba09
39f8
bb95
bfb7
3f85
3a46
3f0d
3e88
b84a
bdeb
b460
d830
3f10
ce38
3116
d403
3f8e
3e07
581b
b89e
bfdb
b8ca
afb6
3e92
3c26
b4c7
368e
3c16
320c
49bd
3f5b
3d81
3a9e
befb
bcbf
bfbf
bf6a
baba
3cd3
b808
3d48
3cbe
bb8e
bd71
bfa5
bd70
bf45
3539
54f2
3dc9
b9d6
5404
36e2
2a9c
3f7d
bca8
3b69
3e8a
3ae6
3cf9
bb86
bf19
bd9f
bfc5
3dea
3e92
3f9d
be80
3b20
b971
bcf6
3585
b8b7
51ad
3e1e
3ed2
b91e
31c9
379d
3a23
bd19
36b0
36e4
bcfd
2c96
bf75
bfea
bea6
b7ad
bf26
b9f2
bde7
3d7f
bacf
17b2
bd9c
3113
3eaf
3f09
3f39
3eb1
bf4e
301c
3b26
3f3a
31f2
be74
3c20
3e2e
39f1
bf3f
bd9d
3d5b
bff8
b8c8
3f5f
3f74
3939
bbaf
ab07
be12
3b61
bd92
be3d
bb41
37aa
bca6
bc9a
be88
38d7
380f
348d
4840
5458
bd65
3e05
3f66
be66
3c54
b95d
3ccc
3209
3033
3d96
bb29
d808
bd82
aabf
b807
3643
bbe5
4ccd
3fa1
bcea
3e7f
3e91
3cfb
bfad
33fe
b02f
bdb3
3b5e
3f13
3e99
3861
5473
393b
b6b2
3cfb
302a
af46
3c4f
549c
af28
3d2b
b61d
3d1f
be49
bf6d
3e5b
3d2a
b50a
3ca2
3da5
bc3f
50b4
3c6d
bdf1
3f65
be3e
ad01
3d58
3d99
39e1
bcb9
b5da
bc0c
bd4f
bf4a
39df
3c60
3ba6
b1fe
bf8a
3ed7
3c16
bdc2
3c8f
be67
3c32
3ccc
b29a
aefb
3fad
d762
3c3d
3b1d
3f98
3da7
3945
2823
b425
bfe3
b90b
bf9a
bf2a
3d7c
b615
bd65
3155
2416
3deb
3fdf
bbec
3c54
d882
3f96
bf53
d857
bf5d
bd45
3c31
cd19
a791
5852
3751
b4b6
bdb5
3c2f
34fb
be0c
d7eb
bc78
bf91
5491
3e7e
3c66
3abb
be77
bcbd
bac5
bff4
3da0
bcda
b9df
b1d8
b5f1
3df2
b94f
447e
3fc6
5296
be93
be26
532b
bbe1
55cb
3b27
38bf
b4cd
3624
b203
bfe0
b7cf
4bbe
3e58
3d9f
516d
b9b0
5648
3a60
3d35
3dd5
3a58
af53
bc12
4d3d
bb91
b96f
50e7
bc7f
3f87
bdcd
b928
bace
be30
3e12
36ff
b4a4
d5d7
d87f
3e50
be24
d683
2f25
3e90
56db
3994
be09
3dc6
3cd1
bc06
3780
bc55
4c6e
3554
3c53
3784
3ee9
3a47
bba9
bacf
be11
bee6
1f7f
3c7c
3b32
3c00
3fa8
bc49
b2aa
be9f
3f82
3e09
367f
3e1f
bebf
bf35
bfff
3f96
3652
5896
bddd
3231
4967
3ab2
b3f8
bd21
b1cf
b590
a7c9
bfcf
5476
b591
390e
3d3b
5759
26aa
beee
bd3d
35b8
3f36
b9bc
3db8
aeea
3ded
be89
bfb8
3a73
3ede
3aea
bfdd
b971
bb53
37c0
ac17
ae9d
3b0b
b3cd
bdd7
3a6b
bf45
bb96
3dc9
b911
b8c3
3e1b
3ea1
3d0f
31b0
2ebf
32bf
d4d6
bd5e
3934
bd6c
bc71
bd54
b8d4
3e74
3ed9
3c96
beb3
38de
d3e7
bd13
39b1
bdb2
3401
b0ca
b144
bd42
3e5b
32fc
3d80
58a9
53ef
baec
badd
29a3
b753
d1c1
37ff
2ad1
3dc2
bc50
baa3
54e1
3ef3
bfef
d277
bf60
b77a
5839
ba2e
ad13
b329
3556
be42
3820
bff9
31b8
3bbd
d192
3e38
b70c
beaa
3bb4
3eac
ba14
b134
bf70
36e0
3f80
3e62
be75
bd60
bc7a
380b
bfd0
b728
34e0
247e
bd6b
be71
3d4a
b491
bf44
3bbe
b742
3cb2
3cc6
4f5a
3f67
b8a5
d7a8
ba68
30c9
3fcc
5887
b874
be54
3c30
bf10
bb78
be61
3ace
bbb2
3ecc
3c24
2860
3d17
3f5c
bf3d
4271
390f
4bd2
30a8
3a1d
d599
bd1d
bce0
30d9
3d0c
b585
bc8b
3d6e
beac
bc98
3fac
3fdf
3db7
d4e7
3bcd
bdee
bffd
3cfa
3e21
3e0e
4a38
3529
3690
bf85
beb3
d7df
3e36
b2db
3c87
bc93
3b70
bf3d
be80
3bf6
38e1
b4fd
3cd2
4c3c
bf65
3e9b
bf5e
3c38
b533
bd31
3d30
afa3
3f07
be1b
3922
b477
b989
b045
b926
bc1a
bc63
3f40
3e27
bd69
bf4b
39f9
d420
ba6c
3c12
b642
ba83
b497
3b0c
3ae0
51a2
bfef
bc68
2d71
3ce6
beb5
3e89
3cab
bf64
4f62
d7f8
3ec1
b7ac
35c1
b01e
bb2c
3eda
ba02
3ca0
3f6d
b6d5
3e38
b202
b40e
360d
3d87
b988
5646
3ea2
33e4
bada
35bd
bd76
c82e
bbaf
34ca
49c9
3bae
3242
d5fd
3a78
3d5e
bf49
bd40
bc6f
3da8
3e82
37ff
3d12
3d96
b5ae
bf95
bfd5
3f6d
5639
b228
3828
b90b
b827
2fab
bdb9
bb44
37f2
bd80
5531
bc7b
b92f
bd1d
bc72
3e57
b7be
354f
a1c9
bad9
580b
bff1
30ba
3beb
3ab5
ca38
3839
3f0d
3c07
be72
bfda
3e72
b2ec
b721
b026
bbc8
d406
b7ee
3c2c
3c0c
b803
3d78
b160
bfab
3ab6
3e06
b5cc
3c77
39ac
bcff
3d02
3c0c
2483
56a5
b6f5
b321
bf2b
3f7d
3931
3522
3ca0
bc35
b52c
5535
bb5c
3cf9
289c
3484
bfe8
37e4
3d08
bb62
3c99
56f1
3abc
3c19
3090
3d92
afc7
b6ad
bb92
d2ef
3c4a
ba03
bcdc
39d4
3b00
bc75
3c39
50de
bd2a
bd2c
3657
bbb2
bcfd
3d30
b79a
3446
d500
b9c2
b173
3991
2ea2
b4fa
d586
bd42
ba62
3c4f
3a81
3c11
b666
3e71
2e64
bd27
bcea
9698
3ced
a408
bebc
bfaa
d566
5731
bfab
bc59
b9cd
39f6
3bda
3539
252d
5142
3475
30e7
bbaf
a4d6
3b35
38b2
bcd1
b906
a9cf
3c1a
3895
3aed
371b
cfa4
34aa
3db9
be10
bc88
be07
b979
37e0
bc5e
be96
bddd
3acb
d567
bc33
3e21
bfb5
bf94
319b
b1ea
bf64
b71c
bf76
3cf2
3ecd
bd50
bd9d
2a1a
3bb2
3c40
badb
3ec3
bd76
3f93
3d8a
baef
beeb
3e94
b65a
b252
d831
37b6
34c8
af79
582b
39eb
3c4c
3547
b8e0
3d8a
b546
3f8a
bc4b
3d3a
bd01
3da2
c203
2420
33b5
bb8a
bc93
3fa5
3720
3df0
bfbf
bc65
bee4
bf2f
3e3f
bd06
2498
b960
be56
b9a1
beaf
34e0
4fdf
39da
b017
3ead
3fbf
beaa
d45e
bc21
bc0e
baaa
d862
3e6a
313c
3d05
3a56
d1d3
bab6
3eda
d3e9
3c27
ba92
3e61
bae6
2d10
3663
b639
37f5
3c5d
be36
d55d
ae81
57e4
2306
3a6a
be2e
bad6
3f7c
b877
3d02
bcd7
d638
bf29
55eb
bc56
3f02
be63
be2e
aa97
be7d
ba5a
3ef4
bfd5
4e0e
c030
be1a
5764
b734
388a
bda2
3e48
3f14
3e74
3819
38ac
b756
b566
5616
345b
4151
b000
bd39
bd18
b908
3d62
b161
3d06
5542
bb56
aae2
bdc0
bc63
ba79
55e7
b918
3ea0
3d4d
bb63
3de9
3cfb
5068
3a04
bdad
507b
3d89
bd14
bc26
363e
bee0
4cc4
be8c
af4b
bc5d
bf00
389a
bc8b
36f9
bcc6
3a3e
4b54
be68
3cbe
56b9
bec5
36b8
3dd5
d1b7
b8fe
b9da
babc
ba7b
b99e
be3e
3f5c
3c9c
556c
326e
b9ad
34f6
5610
3c42
bbb2
389e
b004
b75c
b9f6
bfdb
b2c1
bccb
b24c
3374
3ce7
bc81
bff5
b4d9
3bf6
ba29
b6bc
bcaf
b65e
bcb6
3bd0
b36d
3c9f
b6ec
b840
bb57
b64c
5416
bac0
2e94
c406
321a
384c
3f99
b3ae
b5bf
b919
3f3d
aadd
b278
2c89
3982
af3b
be34
3675
af94
bf95
beeb
a5df
bed2
3da0
5470
d841
d71b
33bc
2e42
3c1f
3d56
31f8
bc7f
3f9c
bf90
d4b6
3165
bcb0
b95a
ba1b
3e9e
bcec
3d00
bf94
262f
bd50
bb94
3edc
bc97
3895
b8dc
5179
b804
3ef4
d7be
3df1
3fd1
b941
3ff3
3e2c
3b74
3edb
3ad1
3919
ba7e
32d3
577c
b5a1
32dd
bf61
b727
29fb
3d64
bf93
39c7
4f78
303a
bf15
bd25
bfcc
3a84
3f64
bae2
bc8c
3d3e
b64f
d8aa
3d4d
b27c
3f58
bd81
bcdb
5831
32b8
bc98
4d6f
37d8
ba47
3ff7
3a9c
3a06
bdfa
b620
4d34
3d5c
bd77
3c63
2928
34e2
3cd4
341c
d352
b729
b7ea
bdb1
3385
bd7c
3bc4
b5cf
b981
3f3d
b604
394d
3eaa
3a24
38c0
3f14
bcd6
3dc4
3fc2
bfe1
3cef
24f1
3ba2
bdc0
bc40
d78e
39db
3c0f
3e87
b0b9
3fc4
bc8f
b6c8
bda3
d2f0
5856
be8b
bd6e
2e66
3aae
397e
bf16
d5d6
3dc4
363d
3dfe
bd10
be56
56fc
bdaf
3d17
bfc1
2d80
383c
3b60
3fb8
ad1d
3e4f
b847
d815
3e40
3a02
be3b
b88d
3a8b
bd37
386a
3c11
3b7e
bd55
d711
3be4
be78
bb69
3089
d65b
3c49
ba0e
bd30
bdf1
bdb4
3e4d
3d82
3b26
3ca0
bf15
35c9
331e
3e5e
b9e3
3ac7
beff
ba83
adc5
5862
3842
355b
bedd
a526
3e9f
bf17
bdcc
3ef6
bd9d
bfce
33d2
d7ad
a49d
d891
2c9a
bdd5
508d
b9f5
d1a3
38c3
36f7
bac4
2ba9
57f9
bb58
3de7
b84c
bb16
3c34
3f81
3692
33ca
3e36
3b77
bf78
bad6
b353
bc28
3ecd
ba9c
3f9c
3d06
3f71
5438
24d0
3e29
ab27
3b9d
bbb6
3c58
be42
3edb
b980
33f0
b549
b754
556a
bc54
bc97
398e
3d7c
4764
4c5a
b0fd
3551
5016
356e
3f67
2ce3
bb27
bfdc
b17c
34aa
d34b
b88a
4c19
3ce7
bf53
584e
3cc2
bca5
bff8
bace
bcae
bab5
3dc5
3c56
b2f7
3c13
3a92
34c8
3c62
5334
bc02
3cca
3b6a
bf58
bae6
bcf4
b10c
3e91
baf6
3f55
be2a
354e
3b6a
bf04
4d6f
3f3b
3b41
3e25
3cff
d5de
bdf1
3af0
b931
3899
3c41
bc9f
4d43
3d93
5473
3c45
bd67
bc49
3ebc
3aae
a453
324e
bfd0
3fad
3dfe
3005
5563
3fa7
bbc8
bdef
ab0c
3404
bf08
3ffd
3957
bd55
3431
3b5f
3ce2
ada1
baa1
b79e
bd93
b951
bf74
bd83
b88c
be71
b31b
5406
3f6c
bf6f
3e65
3c65
be5f
2c93
36b8
53c3
38d7
384e
3fbb
32e7
bc8f
bde3
b8c3
b815
3d00
bca3
269c
ae8b
b9af
5885
b962
38d2
39c9
bd1b
adb5
3ddf
bf15
bdeb
bc23
be63
b706
bbae
35fe
3fb7
b8ce
be0c
bfcc
bb96
3f1b
bf07
bd7b
397a
389d
ba69
bb95
bbcf
4000
d507
368d
3fce
d41d
b5a2
567a
3818
bc41
bcbf
be61
ba5c
bff5
beb6
3947
ba80
3df2
b41e
be12
be8b
3ca9
36ea
3455
d0e2
bc44
3f5e
d0b8
36b7
3dd0
bf87
3d0d
245b
3a47
3cdc
b72a
bf82
bd89
d0a5
bc0e
ba78
320d
3486
ba91
a70c
b898
3537
3ded
3fec
bf45
d88d
3f44
bb90
32f5
35ef
b7cb
3c3d
b2af
3e26
3dac
bf4b
b581
bfb5
bd96
3f2a
3b6f
38b7
3d6d
bc67
3d45
d45c
2685
3e96
bdbf
3e5b
b195
3c0e
3e9d
b364
357b
3e1c
bc23
5746
b65f
bae3
b470
4922
bce5
3930
1ca5
b727
3d67
be41
3df7
3b75
36da
bcb3
3a6f
bc99
bd1a
be81
3dbc
b17f
bb25
4c32
3f36
bf02
3103
bf13
56ce
bb06
38d7
b339
b8b8
bb7d
bce8
38d0
3a86
3b5f
54dc
b9bf
3be7
ac8c
3376
3819
ac3d
bd3a
ba02
b871
3e34
3e71
3f67
b192
3fb9
bf22
3e9e
bf31
3b45
392f
a59c
530f
b50c
3737
b4b7
bd76
d056
bc1b
bd11
be56
3d3e
bf71
35bc
b655
3eee
2493
bf41
3f7f
3904
ba14
35a9
3e7f
be58
b81a
d647
3bb4
ba78
3c54
b984
bcdd
3a8f
b163
d70c
bd1c
3aa0
378a
30a7
bd5e
3e09
55bd
bc59
2b51
33ce
b184
bf54
be56
51da
3d12
bc1f
bbc4
b77a
b867
3d35
3f85
3548
3b9a
bdcb
b506
319e
bfab
3e11
3876
d7d8
b6c5
adeb
3607
567f
3469
b90d
3eac
bdb7
3a88
bbb7
bb94
b8da
b098
3d27
b699
3fce
31a1
ba4a
ba96
5643
ba8a
3d57
3fa3
3e29
5138
3ae6
3d13
3474
3eac
55c4
3518
bf6f
b204
bfaf
bd20
bc31
36f7
3290
ba08
3c82
3ff5
bfa2
3d16
3c26
b33d
baa2
3d20
ccce
2768
3958
38e6
3f75
4a1c
ba55
2260
3e41
b83a
3fc1
a9c9
bf05
bce3
3e3c
3ea7
b43c
b674
3e7c
adc0
3ce9
c745
3c04
3f3b
b827
37a8
3c4e
bde3
3466
b480
b798
3f96
b4f5
ac62
3e68
c239
3573
585b
3dcb
3cba
bac6
1cc1
542e
bc43
32f1
bb24
3dc1
bcf5
bd18
3e52
3eeb
b78b
4b28
3d97
bde4
ccdd
5018
bc3f
3a54
bd57
d54f
3f51
38e8
3d89
3a3a
35eb
bfdc
3c11
d7ce
a95a
3814
b6a7
b3db
3f5e
bf0f
3901
3df8
3b3b
bcfc
bda8
36a0
b18c
b5e8
38ed
a8bb
b6cb
ae97
b328
bf06
d467
bae3
38e1
3ec8
3cd8
bd26
bb4a
bded
3f8b
3fa8
bc69
342d
b5fe
3c8a
bdc2
3b04
bdaf
d5f0
b144
3f71
bf10
36bb
beca
bd60
3c29
be37
536f
3d13
bef1
3607
b12a
3bb3
3cce
bfef
3f19
3be3
d8a0
bd03
3fb7
35bc
3dec
32fc
55dd
3991
bccb
a67d
579e
276a
b907
3cc8
3e7d
bcf4
3a14
3e22
bc14
b442
3a08
b9aa
3ed8
a77f
3a6b
cdb1
3c56
be72
b696
266f
3c46
3dca
3b30
3eeb
3c7c
bc86
bdbb
d872
3aac
3844
3562
bb83
b9c7
bc67
3f19
bea4
bcd3
b9e9
b2e1
39ea
3ec0
3bfa
3890
be26
adb0
3e4b
3ccd
5600
5873
5683
bdcd
bfe7
b846
bfeb
3477
385a
57c3
3c01
bc14
398d
b572
3dd6
d866
35c2
b93f
36bb
b5de
bba0
3fa9
3f86
3ad4
397f
3f94
bcda
bae9
3965
580d
3c15
bb4d
b813
3871
ad67
be05
3a8d
d466
b602
bf48
bb60
b284
b79d
3af2
ac40
3ec0
3f17
558a
3f7e
b04b
54c7
37ed
38a0
bd7d
b845
3929
b56a
3544
d580
3d13
55ef
3462
ac78
36fc
3fb3
353f
3c71
2d3d
b9ab
3dfe
388d
1859
39a9
3a26
b8c5
3d3a
b5ad
3a8b
bf9d
d85c
3616
38fe
3ff4
bdd1
ae83
3f91
cbfa
3f48
beaa
33fe
bd64
b3ff
3f00
3ea7
4564
b8a7
bf84
3d3b
badc
bda8
3b4e
bb28
b7b2
bf1e
b03f
391b
b8b7
b7f2
bee0
5237
b8d0
bedd
b120
3f62
bfaf
33ec
be61
d4bf
bd15
5279
b8fb
be2a
3b82
d894
b9fd
b6dd
bd4b
3fdc
d4f4
35a6
3b64
3439
3dd5
b1ad
3d17
bd1c
bcbf
32a0
bc7c
5706
aff0
d3ef
5042
bcf7
3b93
b2b6
bf71
3f3f
b507
34c4
3599
3e2d
bfe9
bfbd
387f
2df7
3d62
bfc4
3f31
bab8
b341
bf01
d7a8
cdcf
bad4
be03
b309
353a
3e78
b560
3c2c
3b43
be52
bdc4
be63
b8f8
b8b3
b452
52ff
3d48
b130
b956
b1ac
bf40
d723
bf5f
ab11
3f21
3f04
bfb8
b8af
3f10
3cfa
b3e4
b875
b418
3e6d
b91b
2240
be70
3ccb
bf72
a9b1
ba19
3a49
d808
bf78
bbb5
d600
a9f1
add4
3bde
bdf9
bea7
b1c4
3a11
bfed
be21
2db3
35df
bf0e
379f
57d6
3ec6
3fc7
3d13
b9b7
3e10
be53
bcf0
b2c6
3bb8
3012
bcf5
b326
bd56
3f40
3b39
3b1f
bd0f
3c1b
3ea7
3c16
34bc
5161
551c
bf70
3cfe
b860
3fd9
3ed9
543b
390f
bb8a
b978
be80
38be
3df7
bfa0
bc3c
bf9a
bab4
be15
b8b9
bdc1
3c8f
57ea
3114
3ca7
ba8b
bf62
bc25
38fe
5826
bfca
b58b
bb31
b691
3238
bd0b
bd81
3f96
5862
bb2e
ba11
d3a3
b24b
3ac7
bc94
a91c
bc23
5575
bb4c
bbc0
d7c0
aec2
b7ad
bd4f
d775
ba1c
2dad
d52e
3d58
2a64
bca4
b8ad
b6d9
3cd1
bf5b
3ed8
b9a2
56fd
bdad
bec4
55a8
d705
b1ea
3e2b
ae8b
bdfa
38b8
3ad1
3edd
3d51
373b
39ba
be18
acad
3d19
b78c
b8d6
3f8a
3c1c
beea
355f
3b5d
bae4
3300
36fb
bbf5
38bf
bfb2
300a
3f46
bb21
3ef4
3836
3c3c
54e5
bc88
3fbc
2e3f
b533
3f08
bc6f
21f3
368a
bfb8
57ca
3a37
bd94
b5bd
bcf1
3fd9
bb34
b502
b7f0
bb7e
d758
b562
b6ba
bcae
bad7
3ffd
bd13
bf8c
d2b7
bcdd
bad9
b618
bed0
bd69
bc83
b1e0
3ed1
bda1
3aff
3e43
3e94
ba77
3a9e
3c8a
3ca8
3962
3ff9
b81c
384a
bff7
bede
bd24
3732
3e87
34fe
3700
b891
3707
3f11
bf0a
b466
d88a
3ff4
bc76
3f35
bdef
b09c
3fa5
bc2a
3dde
b94f
b855
2b7a
387c
39ba
bd85
382c
ad4c
abee
d1d3
37df
3e9a
3932
d562
be3b
bc75
b640
bff4
3d67
bffc
3b26
be5b
4d3c
bd4f
3fdd
bc5d
b949
346e
3f29
bbc4
bdf2
b5e4
bb73
bf05
b909
35fa
3928
3849
3ef9
bbae
3caf
bd78
2faf
3fca
3e5f
3fdc
3ce3
584e
5066
d6c4
b688
36aa
38bf
3d97
bfbe
bfcb
3c65
b65b
5898
3c33
5887
48ca
3dc6
bfc7
3d73
bf17
3abb
3e30
d849
3e0f
bd6d
b057
b8a0
b60b
33c5
30e3
316a
bdc2
b413
3f48
bf18
3d36
d792
ae94
be04
bdc5
3f3c
3fde
b911
1970
3305
3c3e
bfbe
d5b8
be01
3f89
bf8b
3f5a
3903
379f
3c3d
39c4
3c68
b4fc
be58
389b
b4a1
5840
3d0b
3c99
3da8
3cd2
36a8
3913
bfa1
3fde
3f52
bf0a
3fb3
b8f4
3e4b
aeda
b4c6
3c18
b473
3f18
3ab4
3a2d
cf23
bcf4
3f15
be10
bfff
3ca7
3f08
bb9c
bd96
2eb2
296b
ba6e
342d
2e43
ba49
bd12
3a20
beae
2932
b574
3ff4
bd01
d39d
3d35
baee
bb89
397d
539c
b37b
ba3d
38ba
3d2c
3e1e
3e1c
a93e
b5f0
bdbb
3e8c
b9a8
3db3
394d
484a
3dd8
27a5
b847
b7af
bfbb
3a4e
bc8e
beb8
bf22
3c10
39b4
3540
be82
3dcf
bfc6
3de6
bf46
39b7
d638
32b5
d657
3ab1
3e2b
bba8
3f66
b8d7
b7ad
d512
5830
b6e0
bf69
55d8
bc62
bc6b
bd82
bbcc
bc0d
bda0
3b08
bc08
3c0c
3d7e
388e
334b
d44a
bb12
be52
b7ab
bcb4
3eca
3927
3ff8
b874
3d08
bbcb
bd05
3e5f
be3c
d88d
3f04
3b3e
bf6d
b897
3a49
3dde
b9b5
3df0
bbc5
3ad8
b773
bfd8
b3ce
bc34
3c66
acf4
3af7
5190
d2d6
ba28
37a3
3de9
bf24
3f70
bdd7
3f64
cf3b
bdac
52f6
be0d
3d3c
3b0f
3e31
5802
3e50
bf40
be62
b1b8
24aa
ba1c
348d
3f29
3efc
39c8
b90f
512c
39ff
d478
3885
b2a5
b877
ba68
361c
3ccb
3761
a6a4
3aea
3087
bdf8
baba
d20a
bd3b
52cb
bd44
bc81
3759
3ae4
b84d
38d2
bebe
b1ac
3f15
be5b
4e38
bb7f
c0ad
b56b
3e16
b643
bcf4
bcdb
b870
3e97
d666
9c7b
d71c
3857
bf02
37f1
b165
50e8
3ead
3eeb
b03f
30aa
b46a
32be
37a5
351a
362b
3aea
be4c
b7f5
3c2e
b190
3c14
3562
bd6b
3bed
be06
39e3
4b70
b7c4
bc52
38a7
580d
3e2c
37b2
2c8c
bbde
382e
586f
ba0c
b218
3440
3f87
3e5a
b954
3c15
374a
3bc9
347f
b47f
be73
b9e8
3825
39a8
cf77
3de8
b8b2
d3a0
3aaf
2cf1
3a3e
bd39
bfc0
b5b3
bd94
35db
b97d
b63b
b7b1
bb08
be92
3370
bd90
be42
af06
3825
3a57
bdb5
5490
b48a
39c8
b930
bc53
3ff0
bf06
30eb
3d76
379a
508e
3993
b83a
3da4
bd4b
3e7b
3e05
3e41
3abf
b979
3a85
caca
3eaf
38a1
3e58
31f6
3b5e
be4d
bc92
d25e
d7dd
bcf5
3128
bedb
3e39
3d1d
bd1e
b9d8
557c
3d2b
3d69
bc4d
b70e
3e7b
b6e1
b808
bc24
bf29
3bfa
3f4e
bd9a
bf45
3d45
ce2a
387e
542b
bd0c
ba91
beb8
29ad
37b6
3db8
32b2
3c03
d4e1
b955
b53f
bb8c
5717
3fc9
3e65
b577
3e83
3cfe
3c4d
3e4a
2d37
d6a3
36e4
bd12
ab3b
adfc
ac34
bd9b
3802
be99
3c69
bfc3
bb44
bec1
3571
be67
36c6
bb1b
5156
b3a1
bd4a
3bfd
a9c7
3dde
bdc6
3dd2
3fc4
d823
b8b5
bf6d
360e
3adc
bc24
3614
3e35
3166
d684
3f01
bdac
c97c
3ac8
af4f
300c
3a9a
3e21
bab0
3d35
bfe4
bdd8
cd87
bb74
3853
b9a9
b461
3d8d
b63b
bffc
3fce
ba36
3b58
3cb2
be46
d8a7
3c29
be65
22fe
b81e
d37c
38af
3d9a
b7b2
32a1
b1e6
be3e
b710
ba01
300c
3e92
32c9
bc98
d4e3
3866
581e
3820
37ac
b0c2
3d08
3de1
3bf5
3cf5
bede
bf0b
b056
bdf4
b000
ba35
b773
bd61
3d23
3ef0
b8da
b078
ba67
bd2e
56cc
bc88
bd2e
3900
bcd0
28dc
b2bb
b813
b84c
b900
b8d8
bbbe
b459
ad0e
b339
3c6b
3fe8
3f17
5227
be3e
3fd8
bfd6
be01
b8f0
3c26
b7d3
5675
c584
3202
b48a
3d5c
3ce5
be58
3d4f
b8ab
3c13
b9b6
bd4e
325d
d457
d582
3c18
3f98
b3bc
3f1e
34ec
b592
3de4
3abd
a00b
b48d
39b1
d7f8
3ce9
b4e8
3f5b
bac6
bc05
3cd6
3cbf
2e95
3c7f
baec
bc89
3dc3
bf2f
3d0e
baec
b875
99a1
3cc1
be1f
3863
ba7b
3e42
2e2e
3216
bf33
bca7
bdda
b8d2
b518
bc72
31e9
ba2a
b313
354c
4911
b999
bd23
b82d
d64d
cfa8
b1d0
be1b
37d4
373d
ba87
aaaa
3e78
2f98
bdd6
be72
b926
3edf
bfdf
3e3a
b950
56b5
d575
bcaf
ac05
bed5
3bbb
3892
bc60
3d27
2849
3f5a
d818
3e32
d66c
3fed
b921
baf6
4f0d
4f31
d619
ba18
bb17
b9cb
38ae
3cba
b608
bea7
3f65
3e81
352d
3c9c
32ce
3f11
39c9
3990
3d14
2453
d7b0
3b6a
d5ad
3c17
b99f
be08
a53a
ba67
baab
ba38
bd55
39b6
56db
bb3a
28ba
3b01
37d5
b7c5
246c
3c1f
bc58
d60b
cd28
3b02
b60f
b48a
395b
3df4
b983
30c0
d66e
3be6
b68f
d1d1
49d8
3801
be41
35cf
b20a
bcf3
bcab
bf8f
3887
3f78
3cf2
bfb1
bfa0
3e2f
3e34
39ea
beb9
3ef7
3fec
be24
3c0c
b537
bed6
3867
34c7
38dd
be52
ae84
d2bb
d6ae
bd51
ae0a
be84
3e58
54f6
d433
2e03
3c81
3c76
c80e
3b7d
b311
bd4e
5863
b15e
3eaa
3f29
bf23
338d
b7df
3d85
d848
bdb3
39a4
377f
bc8a
3ea3
b28f
3804
3f33
36cd
3cfb
bcab
3e20
b954
3d9d
3b45
b9ab
d5ec
bd0b
3caa
3deb
3b03
bc40
3556
bca0
3cf0
4db7
b5ee
3f73
ccfe
38ab
3763
ba6d
d497
3cda
bc14
3fd8
3ef2
d82b
3400
376d
bb3e
b9e4
3f2e
3870
3eb4
3a83
b9dd
bf33
3f28
b620
bc18
3f08
322c
3cec
5811
d7b6
bd94
b77c
ab6d
bb70
383f
3ed0
bc3c
3906
3348
bd76
b642
3e74
b6d1
3830
3f6e
b4c8
b81a
3d20
beae
bc6c
3d13
c428
b0ac
d771
3f90
3d74
3f7f
38a9
bfe8
37e8
ba16
b962
396c
be73
b96d
b006
3c4c
36a7
bef8
a029
bed9
bfcc
b3cc
3f58
bf70
355d
bd9b
5467
3d8b
bd09
3a98
3ea7
3660
bd56
3c92
b845
3f9f
bfd2
3b0f
37ea
bd02
3cb0
bc56
aad7
b068
be87
2dd6
b350
bcdb
3e5a
401a
b805
386a
3cac
a2c9
be75
3a20
3947
3386
3a21
3bc3
b8bf
2df7
3673
3bbe
bc08
b6b4
3d83
b86b
b94c
be16
3dbb
b58f
3c14
39ab
be33
a842
b991
bf99
d340
d652
bda1
3db0
3efb
36f3
3371
268d
bf7d
3703
3f75
3b11
d5bf
2c05
d50c
a62d
3f4d
3f95
bd36
bd1b
3304
b690
be95
3a66
cde2
3886
3f2d
3789
3b70
3d65
b5ad
3cb1
ba2b
be8c
b894
35a4
3d61
b57c
3f70
bc52
3b85
3c36
bad8
bc65
ad8e
37b9
b920
abdb
3c6b
b2d7
3913
bd1b
bbd2
bac7
b8ca
2a4f
bc77
3675
5859
2e63
3b27
33bd
3d9d
5836
b496
3b36
3fdf
3317
d371
bf49
3469
3eaa
3d67
3c5b
b9f7
3b9c
b16f
3c56
bd84
be78
576f
b9ff
bd64
bc6c
29db
2413
bab1
bd46
b9bc
37c8
b87c
bbf1
3938
b29a
3c62
b851
34ba
5428
3c0f
3421
38bf
3d1f
d458
3f48
2a17
bbf5
bb48
bac5
ba8d
3d26
be39
bfa7
b4ad
35af
ce45
3571
d0dd
3005
b9b3
3e7d
bc03
bd0f
b68e
bc51
38e7
3fa5
573f
bc12
b9dc
d852
3edd
bb77
bbac
bf4b
b833
b6b0
b870
ba0c
38fc
bc0d
5899
3691
b7d4
bf61
20a3
55bc
3d1f
bf58
bf5f
bfbb
2c19
3902
3af2
be88
bf70
3c7f
2ecf
369d
bf33
3c8b
34aa
be11
d7fa
d862
be23
b5b4
2eb0
bee4
3c75
bd42
cded
3c5a
bfd9
3c5a
2fbd
bc5c
38de
353f
3eaa
2970
b724
3b44
bd0f
b94f
3d53
bfa9
3aec
bda3
4aff
3d24
bf9d
b02c
3a58
b12d
accf
3dbc
3d64
3cf2
ba83
3d49
3980
3abb
b1e2
3e5e
3da7
355f
565a
3f58
d5de
37bd
b270
3f9c
3965
3576
b6c8
bd1a
3eb6
bcfd
3ed5
bbd0
391c
3fe5
bca2
b69f
bda8
bdd0
3a54
b865
b79c
be1b
39d5
3f26
56b1
b80c
bf49
3da4
3914
bf03
396f
ae4e
b79d
3d62
3966
3ed0
be14
3d19
d429
397e
3d8f
b926
b696
bc79
3c31
5845
bafe
5669
3ebe
b43c
bf1b
b689
3c8a
3d40
3ce3
3ec6
3047
b7f3
b31c
3ff9
b5e7
3bf0
36df
2ea9
b6a0
3e86
3dd9
3e8f
39d0
3f1f
346a
c913
3fd3
be09
3c6c
ae73
3c7e
3fc8
b21e
3d06
be44
bbcb
3d5b
2ccf
b7fe
d8a1
be99
be67
b05c
b3e1
3ce9
bd3f
2eb5
bdb2
be51
57e8
bf71
bd99
3765
bdee
af9a
bd20
3e80
aa2f
bd06
3e2b
3d34
3ccc
38e1
3e51
bb38
56f9
38c9
3f81
3b0d
bff3
b993
be89
5675
bf27
bddb
3cf4
b9f4
3e33
3cb4
4f0b
3c9e
30cb
bf5d
3c2c
5476
ca9e
39cc
b835
be02
3f3d
b9a8
3ebb
ba98
4424
b730
b4e9
bf8e
b77b
bfab
b43b
bf0b
584d
b664
38ad
3918
3e3e
bd06
3bee
bd83
292d
52aa
a0e2
b9d0
3f6a
3b0c
bdd3
bf9c
bec4
bf2a
354b
ba09
cecf
38f8
be65
b9af
ba52
d82b
b0cb
2f34
363a
bd8a
364f
ba2e
bc07
ba0c
b852
bc6b
bc85
d7c6
3fc0
ba63
9ee5
3feb
3673
be7d
3c44
b774
d146
3cd6
bd3b
3ad4
3d69
be23
d322
30eb
be0e
3431
3c73
3f15
d4e5
b9ca
3c7b
bf7c
ace6
bf69
bfd0
5841
bca5
3d54
b417
34d7
bf5e
3d56
3dce
3fc0
2cca
580f
d101
3ae3
bf4f
3905
3f8a
ba37
342c
bba4
294c
b163
b8bc
bd8c
be92
b9f9
3fd2
3df5
3fd6
bedf
d2a5
3ef1
3844
367d
3e77
bc23
3d97
3ec7
3ed2
bf2a
2d36
3bc4
3db0
5836
3b0b
bccf
bc33
3eaf
bca1
bfa9
3f48
3e29
3af9
bfcf
3a18
d62d
bcdc
30bb
3b2d
3554
cdbb
395e
bdd0
55fd
3bb3
be84
ba6f
b368
36fd
ba60
3f40
bf35
262f
397b
bb22
38e3
bfd4
3e34
3e03
be62
be7b
399a
b424
39fb
bded
b98d
b89b
385e
bd50
3d84
b67b
bd27
3d16
3463
3db0
bc52
3c0d
3ece
b8e1
bdef
3dae
b48b
3a32
39d1
3c5f
39cb
3f0d
d326
3aff
3e33
2e28
3dad
3c24
3e63
3c02
bbe5
3f0f
3d4d
35bb
343e
bfab
3a26
bcb3
bbcc
bcf7
3ba5
bf4f
b55f
3ed8
3eeb
3fa8
bff4
3c76
3d0b
bad1
38a3
bff1
bef4
5863
be50
b588
3fb6
3fc9
3cc6
3d9e
3ffa
b519
bcb2
ba30
bfcc
b0d3
bd0a
3840
3bbf
3a93
2fb4
bc63
3eaf
d72d
3d31
b806
ca79
b557
9c0d
2e2f
2406
39ac
3f19
b85c
3b72
534a
3f2f
d860
cf10
ba4c
3fd6
bd8c
3887
bce4
4a63
37f9
38ae
b9f8
31b5
3e04
3215
bc64
3f4e
3178
bc78
3931
bb22
296e
be46
3ea5
b134
3d0c
3d35
b65f
35b2
3a63
bfa1
3daf
3e1e
365b
bc51
b0dd
3e49
d85b
3de8
293f
3e64
3845
b9bb
bfa7
3c44
bc26
b408
be30
37ab
bd09
bc63
ba2d
b54c
4c3e
3d9c
beae
3c2c
3edb
a754
3de0
3f43
5046
bfdd
3e26
bb1f
3d85
bec2
3400
3f80
b4c8
baef
3f45
be52
33ef
bf29
3b61
bed9
d875
3cc3
b08d
3f59
3da4
ba35
b54c
b743
bf56
bf8a
5876
bf4f
3ee3
bf03
3b85
3dd8
bf0b
39ab
bec6
3f83
2d2c
5454
2677
3f8d
ac23
bc3d
be8a
b916
bf9d
3dda
3f65
3f9a
b803
3ff5
bc96
3653
bbc8
3df6
378b
be43
d13f
38c6
9d30
b90d
2f0d
b728
386d
3a3d
bc02
3c46
d2d3
b7e3
d48f
d108
bd62
b74e
3f79
bd8c
3edb
3563
3f87
3fc7
3aee
3fe6
3d6f
be98
bf47
2896
3e20
3d97
542f
384c
be22
3cdf
39a5
3c11
d7af
b33b
3e2e
3e29
bfa1
bf24
38e6
368c
b966
3bfd
b918
3f79
35da
bd55
3f45
b10a
d3ee
beb6
abec
bafb
b50f
bb65
d0c7
3b23
b953
35d2
be22
cbc3
bf6b
cb88
3c3a
3e5c
399c
3c73
3f3a
bf25
bfb6
374f
3d25
bfbe
3fa9
bf57
bb01
b99f
36c8
3c91
af35
3c53
3dea
be23
d4d8
b801
bb2e
bdfb
3cdf
389a
d6ff
baa7
3b83
bdd9
baf4
3df1
3c24
3d82
b662
bb35
b922
3e27
aeb7
3dc4
3cc6
3bf6
af3a
39e9
3976
bf9c
3d70
3902
bd72
bb8c
bdb5
3c92
563f
bf0d
bc79
b7db
bbc4
3e5b
be11
b967
3ce2
3e8e
b756
d647
bc9b
3da9
bf4c
bd3f
b89b
be12
2875
3c73
bf93
b349
37c2
bc1c
bbdc
3c07
bd10
37dd
38b0
bc94
32b8
3c11
bf97
3dfe
3c1d
b7ca
3c17
3d47
3392
bbbc
a727
b856
bc98
bf46
3de6
b98b
3b19
2dc3
210f
bdd6
3ea3
2f36
3f07
381d
bfeb
3899
3c6b
ba57
b88a
3d65
badb
3e59
b509
3638
3dd2
2ed2
bd88
312a
52af
3eec
3aae
3776
b90c
bb8d
56a7
abf7
3ce9
338d
bc2f
b9d5
be30
3c04
acb3
3d24
bb7d
3577
3f61
389e
583a
390a
3f8b
3cf2
ba4c
3c21
5288
2ebc
3261
bea7
3d88
3963
a659
a715
bdcb
bf8b
ba87
3e77
b84e
bf7a
3e1b
3aa6
3d76
bd25
3f55
be9f
2287
2eaf
33cd
bc30
3df7
a739
bcf2
bc40
3e36
bcb8
bcc2
af58
bcd4
bd38
3e18
b1fd
3d67
b787
3e3e
bded
53df
ba5f
bf4d
b7af
b97f
3a6f
5512
3b64
b411
2f0f
395f
3939
bd4e
2f99
b410
3e89
38b0
4747
bca8
d32a
b59b
d683
b58a
bee0
3da7
bef5
3f80
b6fc
3d55
565b
3c55
3950
bbfe
394e
bf01
bfb5
be25
3b6f
b44f
2efe
3dd7
bd7b
3c5b
ad88
b7a9
be57
3f72
3c65
bdf0
b723
38a1
3cb6
3a63
bd53
3ef2
37d0
5829
b9c8
afbc
ce6a
2ef8
3c43
aafa
3d6e
bef1
37ff
bfc3
b808
b1fb
b93f
bc2d
b54b
3f31
b9d1
be72
bd6b
3ba2
bcc9
211a
d6a8
bcd0
3d00
bc27
3dd4
3d12
3daa
bbaf
3ac6
bbff
bc44
3479
aa6d
bd67
48f0
afb3
3d7a
bb7c
3743
3d47
3158
bdaa
bdda
36c1
3a4c
384c
bca2
b930
3cfc
bbc3
3914
3a15
b8b6
be31
2fd4
381b
b9c3
bed4
bf96
bf8e
3ca9
bf7e
be15
b818
b6c9
b1dd
bd23
38ed
d678
b949
3daf
be9b
bb73
3ea4
3e98
2b7e
bf88
c129
bb63
b6d5
3856
b550
bfcb
b6c3
b846
3dac
3fc9
a1a6
38be
3ece
3a10
2d1e
289c
bf00
3c17
3f20
3d4f
3c2f
3dc4
56fb
3d3f
3f4a
d89a
36a8
3f43
3faf
bb49
587e
51cf
3d14
31d6
d87a
3fc5
366f
bf4b
b9c8
b8a9
bdef
523d
cb45
3e8b
3642
b45a
5082
bdcf
d716
3bc9
be57
3c14
cc39
3ecb
3f70
bc8b
b58f
389d
3934
3e43
b570
3c19
3cde
32be
bd08
3e63
b261
c382
3903
39bb
370a
3e8f
3bb8
3b2c
be64
3ae3
bc46
3b0e
d774
b4cd
bcb6
3da8
bb93
3b06
3904
bd19
d46b
3d44
b82f
be55
3585
3bf7
3c8e
3cda
3dab
bd3f
52a8
3cfc
3f2b
be56
36ba
3d57
380b
bb70
3fee
2c78
3dd9
ae01
b4e9
3c58
3d21
3a8d
bbd0
a596
3761
2132
bf0e
aa9a
bd45
3cc4
3c4a
53dd
cd80
bebb
bdd1
bc48
4ed3
b8e8
be1a
3a47
bf6c
3f2a
3ce8
3cba
b3d0
37f6
bdb9
b952
3b1c
d81a
3ad5
3965
d4dc
397a
3cc5
3cc6
bcb8
3c2f
35ef
bb12
3b96
b26d
3e36
b9e8
27d4
57da
3ce7
bf47
8e2f
5816
3be2
b611
3d21
bf10
b728
b6c9
beb2
369e
3da7
3fca
ceca
b869
adc4
3a26
b1d3
3ad3
bdda
bf6c
be02
bfa0
3ae6
bc14
bf83
c1b0
d65d
34f9
3418
3a56
bddc
be90
ba05
d673
3dfe
3fd4
b19b
cacb
52f5
3def
3a12
be1b
4cc6
3c5d
3fff
bec6
32f7
d36e
3d9e
b5b2
3f96
d437
bfbc
3dfd
bfe2
bf3c
cb16
3dc0
b763
bf4f
3f4a
bf7d
b522
3a9b
3cde
be5a
328b
ba5d
3f22
b8ea
3ed9
3902
d2df
3df1
3c73
be50
37ce
b772
1f95
412e
32f7
be1e
bcdb
3d26
bebe
3e3c
bb5f
3c3f
3c04
be0d
bcac
3f03
38ab
bf62
3b40
bcd5
3f1a
b441
d84b
bd26
afea
bbcf
b9f2
d65d
bc06
bfa4
bcd8
be07
b49f
2fc7
bc8a
bc48
bc91
b364
2efc
bc01
3cb2
383f
bf2f
37ef
bcc9
b534
ba5b
bd68
ba98
385f
4fc8
3d1b
3345
b1e0
bed2
bf3f
375e
b9fa
3e70
3ded
3e88
3b03
3c89
352d
361a
344e
bfff
3b80
d87b
3bb3
3de9
bf39
be39
3a66
ba8e
bf03
3c1a
3c1b
3f88
c523
bdaa
3c5a
3f60
349d
5639
3f70
b4ca
be62
b6fa
35e1
bf89
3bde
3e00
b8a6
b044
bc41
560c
3072
bf51
bfac
3d41
3e95
bb85
3e76
bad5
b89e
d697
3661
377d
bf13
3c25
382c
bedf
d47a
bdbe
d39f
b69e
be8a
3de5
bffb
3f7b
bbae
3852
bd16
ba64
bded
cd9b
3c8f
3a2c
b787
bd4f
3df0
3de3
b86a
aef5
5423
bd3b
beff
b0b0
b39b
3f31
31fb
3f0a
b939
bdad
3e64
bda3
3b46
b21e
b947
387c
bccf
34dc
549a
327e
3f91
bd6c
bc49
33cb
3e7b
3819
be64
be00
bd4e
bcdb
349a
bfb9
b926
bb9f
b743
3eb6
3e5d
d137
d669
3c8e
3c71
3a00
be79
ad62
3a43
3b3c
ba2e
391c
b18b
b086
bdeb
3942
b979
bd1d
3a50
3a6f
d46d
bdaa
bdf0
ab67
d844
be81
bf96
3b98
bb7a
5891
bce7
3f0d
acb3
3e07
3694
3cb9
d1c0
3722
363d
5602
bdb5
bac0
bed7
3db0
37a9
be7a
5837
3f0e
becd
3f64
3ec4
d818
244c
38f4
3414
3dae
3c65
b654
2a7c
d386
bbbc
bf30
b0d0
b428
b85e
d240
3fcf
b84e
b66a
ba76
3bfa
3cc9
bd73
beaa
d813
be1b
bf33
bf5f
39c6
357d
37f1
b8b8
3e38
3978
3e7f
b428
b516
4bc3
bfdc
3f4a
bc8c
b12e
b73a
b96f
3477
bcee
be87
3ba1
bcb2
2ca0
bf3a
ba83
300e
bc66
ba3e
bf10
bc33
bd87
355a
a576
3874
bc3f
3e94
bc88
3eb4
bb4c
385f
3efd
3cf2
bce3
1c52
391a
d772
bd11
be47
3cf2
3fc9
bf07
3efa
3713
d6b3
b2af
a91c
3fe2
be63
a553
bf65
be81
3f24
3220
b75b
3f40
3801
bcfc
b543
b8cb
3ea5
3ef5
bd17
3701
bdbc
3da5
3df2
bd77
be21
d4af
bef3
bfc8
bcda
bde8
bd26
3768
bc2e
3c3d
bf65
3e2a
298f
d6ed
3e84
b841
beb9
bded
34ff
d626
d836
3fc9
bdd6
3e59
3c6d
b962
54e9
b690
d5d9
bb03
acad
be7a
5027
b251
38cd
3d92
b921
b63a
b715
3b70
bdb8
3913
3bd8
d4b2
bdea
b540
2d87
3cba
3e52
bc76
3d83
3870
3fbd
34b6
bd9c
34ed
3c8d
3e4b
3ed6
5295
36cb
a810
3cca
3e31
a979
bbac
3e76
3b56
b451
39f6
3dbf
3fa5
391e
bafe
3f9a
bc19
b66d
3ed5
3c7c
bd4d
bff0
bf43
bff2
3ee0
34c6
bda5
b495
bbe2
bfdd
bd49
57b1
2ee9
5881
3d2b
be65
3d82
3f61
3aa2
3658
3cc0
b647
bf73
b949
bc9f
b00f
39eb
3e39
d575
3cef
b9f8
3f65
214a
3448
d362
bff6
3f9a
3da1
3068
becf
3dad
37c6
3768
375f
ba26
bfeb
b984
bccb
34bf
3d6d
b3be
bd59
5541
322e
3901
3b30
3d19
5769
ba16
b2dc
2a0c
be76
d355
b031
bd63
3d67
187c
36b4
3f50
bfb3
3e64
bd20
176c
bc91
3c79
ba17
bcf8
ad7d
376c
b059
b238
3f0b
3034
3c60
184d
3c4b
bdb6
b61d
3f98
be81
bc7f
cf23
b5d5
bd4c
3c6a
3e89
bdb7
5836
ae8f
d517
541d
3550
be13
bfda
bc95
bc9b
bef0
39ea
511a
b88c
3b85
beff
3a66
3b6a
b8af
3b7e
3e9d
3cf4
bf28
bf60
35ed
bc87
bee3
be40
ba45
3f56
0b91
bc5c
3f70
b687
bcda
4f93
aea4
368d
d7b6
b595
b223
3a1b
580a
bf48
b890
bb2f
d8a1
bf9f
3f84
3ee4
d839
bfd7
3d61
c2bd
b872
3efe
b85a
cf70
bf0a
3b6a
54fc
bb79
bc22
bec9
26c8
3ffe
51cd
3e16
bffa
be42
b703
bb6d
3f2d
3287
2eca
b581
be7e
b424
b8a1
be16
b3f7
3de9
3861
b985
3c9e
bab6
bcbd
3e2c
3430
3e4d
3f2e
bfba
3ca6
3b53
3c11
3d05
b784
3cb5
bd63
3d1c
3c14
ba4a
3d5a
b928
b8d3
3b77
bccd
be9b
bf9a
3da7
a92a
bbdd
be13
bd48
5206
55b5
cfc4
ba95
3f30
3dd8
b6aa
52b7
3885
3791
bcbc
b407
b9d8
bba7
3555
cca5
3226
d799
3e34
be82
382c
2dc0
aee3
333a
bef6
3c03
b941
3aca
d2cb
bbc5
3cc1
3e0a
a827
b5cc
3f71
3f56
b919
3cde
3ec0
3d7b
3e90
b928
38fc
be04
bd02
3e9a
bff3
3c7d
3c41
bb5b
cdb6
bcc8
b317
5704
b76f
bb0d
3e5a
bf46
a9e0
ba04
3f11
d1b0
baaf
3fc0
36f2
2d51
3f9d
3082
bd38
bc83
d61a
b935
1a68
2bbe
bb50
bd8e
3048
b59e
bd32
3c5b
bc17
bc41
bdde
b799
bc85
386d
3cd2
5885
3d0b
bf07
b87c
bd1e
3ccf
360b
2e1a
3eff
bc8d
bddf
2e7a
5691
bb0d
bccb
3e57
3ebe
3f4f
beb3
3fac
bf96
3b95
374a
a3e7
3077
bd1d
3eb1
b03b
2bf4
bade
be2a
bd71
3cef
b3be
2534
3ca7
bd4e
bf62
bb4c
d85a
3f93
bc5d
3caf
be0f
bd8c
bf40
bf6b
d634
bd02
ba5b
3f49
bf64
3980
b5eb
3dc0
3df6
51c5
bfd6
3ac2
3322
3d1a
b6e6
5400
386f
3df2
3e9a
b2c6
b808
d869
bfc1
bf96
3f0b
3da5
488e
bdd7
4fde
b696
3c3d
3ab5
3ac6
373f
3eb2
a7f6
3f69
b90b
bfa8
57b3
bf83
bf99
bc9a
bc69
bbec
b89e
3b99
3322
3f76
b594
b731
4f71
38ef
3dd1
3c9c
bd2a
be0b
4efd
3aee
3cfd
3fce
39f2
bf5b
34fe
2ddb
57df
bae2
3f9c
bdec
be4e
bc6f
3530
399a
b91c
3fb9
3fc2
322b
b2c0
b80e
b9f6
3965
bfa1
ba5e
3cef
3afe
b668
beb5
3aec
3f59
392a
be37
bcc6
5882
3d51
d34d
3c1c
bca5
ba6d
3629
b988
bd92
3ddb
b870
bce4
b975
b961
baec
3f75
b3ac
585b
afae
d8af
bdf6
380d
3113
bf36
3976
b709
bdba
4b1a
bc72
3f00
3f1f
b56c
bf0c
d6f4
268e
3c79
d0b5
30e9
3fe5
bbc5
b853
d19b
bf4f
d3b5
bd1f
3997
b41e
3cc8
bc0f
afae
bf6f
bd55
d1f6
3800
bc5d
bcbe
bd10
bdcf
39b4
3028
3c28
3cad
35e4
57b4
3a41
d737
b905
be9a
ba35
b4df
39b5
3cfb
b9f9
3de0
2485
b830
d5c9
be47
b85c
af3b
3db9
ba5c
3bcc
cfd2
3dbb
3562
bdc8
d82b
3e99
3dfa
3e4b
3fec
bc7b
bc4d
bd06
b532
bf24
3cfa
5774
3cec
b3db
35ad
3d3d
3da4
ba31
d5f2
3f8a
3e9b
b9bf
be48
3dfe
3cbe
3d4a
cdae
5841
bacb
3fca
3820
3a3f
b3c8
bd9e
38ff
3d15
5850
bfc6
bdd4
bee2
3ad9
3d29
d229
3d29
bc0e
bfe8
be86
39d5
5143
3fe8
56cb
3aa5
d5e4
3780
bef2
b517
ba14
b535
bf50
bad1
b716
3db4
bc8a
ba37
5824
3153
293b
5258
b8db
be28
be76
ba0c
be4b
bc06
bfce
3b03
3f34
b58e
bbb1
bda9
3b0a
bd75
b8b3
bd83
3efb
d513
bf36
cbcb
3159
bfe9
397a
bd76
3eb2
3f3a
bf5f
3b80
3f15
39ac
34e6
bc13
b71a
beb9
397d
bd42
383a
31ac
3f35
3f39
bfc5
3c18
3cfa
3b0e
ba8d
b90a
be39
38ee
253b
3d68
391f
3c52
385c
bd95
be6a
3ff5
3d37
be8e
3abe
3698
3ee6
bca0
b40b
3e89
38ee
3b46
b4bf
2b6b
3c36
bcaa
b985
bd0c
bd29
b22a
bae7
b96b
3ddb
3bd5
b84e
3f72
39f9
b806
340f
309b
4de5
3c51
4d6f
3451
3e20
5715
b6f9
ac23
bdeb
378d
4de8
b5e2
ce64
395e
3ff3
b8ae
3ca6
208c
bac0
3eb5
bc89
3da4
2eab
3c62
3f17
bb60
bc2c
48b3
a833
3fe6
3913
3b1e
c63f
366c
baf8
bd05
3ae3
b4a3
bf88
a449
b983
3f48
bc8c
bc5d
bb84
3eb7
b146
bf9a
4b03
cfce
3075
3856
be6a
bd78
33ee
b921
3c8f
b924
b3cd
4be7
2e02
3c71
3f2c
52e0
3fb6
3f13
bce9
3979
b2ed
37f3
3e75
3416
33f0
4c9c
3800
3f2e
3c14
ad0c
36c8
b8c3
b6b2
cf96
b8b8
bc02
bfd5
bc2e
d155
3c0b
bc7f
3af1
b748
bf9f
4e50
bcda
bda0
3fee
46b7
bf3b
30a1
bb3a
b487
be07
383a
bc5e
bd9c
3f19
587b
be47
b026
be6e
bd51
3fa9
39bd
bb59
b5dd
3ef3
3931
bca5
2e29
3d85
3efc
3978
b7c6
3e02
366a
31ca
3e00
d852
d073
a657
3d3a
3c6b
bf61
3037
3844
389e
bf8c
36c0
3c3e
bdca
30a9
3a9c
2ed9
bd81
b6a7
3f98
bf3c
321b
b751
a7f7
3571
3c38
3e31
cea1
3dc4
3a4b
3e80
bc19
3b75
bb7b
3cca
326e
3d7f
bea3
b4b5
3ba8
3879
5607
bf2d
d1ec
3b06
bfb7
d834
3b42
3db2
3ff0
a46e
3bef
307f
bd22
d4e9
381e
3e47
3c41
b3ed
3c25
3f1a
3adc
d841
b9c9
3cea
be6a
b771
bffb
bd94
3b8b
3a10
bdd3
d6fa
3c52
ac32
3b5f
bc50
d40d
3a1f
bb4a
b4cc
d598
3f91
ace4
d159
3adb
ba63
baf4
aaf8
3ff6
d65d
380d
34cc
b879
39b2
3048
bd93
3494
b8f2
bc34
bded
b809
3d7a
b12d
b16d
b637
3813
4771
be1c
432d
addf
385f
3da8
bf83
b8e9
be87
3c96
b89f
373b
3f97
bbe0
3c31
bfa7
b997
44a9
bbe3
b61a
bd39
bc42
3944
d617
3055
3e1e
b4ee
ba74
be11
54c9
bfc3
3c3d
b417
3d77
3c8c
bf58
acb1
d851
b74d
bd00
bed4
be07
bdf4
bca6
bf0d
30ec
bdf0
3c99
374a
ad9c
bd2d
3e1a
3fba
bdf8
3e45
a455
3cf2
be95
3d59
2cce
32dd
d669
b719
bcec
35d4
3df6
bf5b
2daf
bcb2
3f9c
b9d7
3bf3
4af5
bf02
bc35
3c1c
b86a
c45c
bd1f
3fd8
bd07
b6b1
d420
528b
3c91
bf01
b9d1
b7ba
d68c
3cb5
bd75
bcec
38d6
b600
3835
b8c3
3eae
d5c1
2c63
d679
5649
ba70
3d79
b972
bc37
bb6b
d447
b971
b97c
3aa2
bc12
bdd1
b78a
babc
bd4c
3c6c
3db8
bde3
398b
3c91
3bb7
d022
b66c
b4d8
5837
3ffd
38e5
bd8e
b665
be5a
be1b
3d45
33d9
3d18
b960
3fe9
b8e0
b5e1
be62
3e3a
b500
b384
b05b
b87b
3db4
b900
bf29
4fe2
a930
37fd
be32
4901
be27
30cf
ad8d
b74d
3781
ba75
3c3d
b8ec
3e2f
a4c6
3991
cb08
bca5
bfe8
31b4
bc99
3d97
bb2b
55e5
b7c3
b562
b6dd
37bd
b630
3c5d
bcda
bfc0
ab8d
3eaa
cf79
d88a
352a
3e5c
3ee0
bf7b
bf0c
3cef
bc45
3fe6
bcc9
54b1
3d31
3da1
bc65
3932
bbdc
26e7
bcfb
38ef
b548
a10c
babb
bc6b
344f
bc85
55a9
3df3
3c8d
3bed
d517
bb39
38b6
3a85
3a31
bc40
b25b
be87
bd2b
3885
bf12
befe
2854
537b
be27
3fdc
3ba2
bc05
38f2
bf9c
3e8d
bf36
bfaf
3e95
364a
3ad3
be90
bf9f
35e8
ba08
3e29
2fd0
3cc4
bfee
bf2d
3e08
b841
d886
bd65
b8d1
2e03
bf4d
ba99
385f
38d1
bd9c
3ddf
b970
3d5f
3885
be90
bd2b
bda1
b248
bf01
3ad1
bd41
bcf5
3eeb
3d30
3d47
bfd2
3e22
bbdf
d002
bd7b
beeb
576a
3c3f
d7b1
3a3b
bb7d
a474
ba89
3d93
2643
3929
3dfe
bf38
bc07
3809
bcdc
3ce4
bd97
3ca1
3ee0
3549
bb1c
b937
574f
48d5
d057
b75c
52f0
2a53
27bb
bf1d
bbf6
bf2b
b7c4
b4f8
39b4
b887
3bec
b113
bcfd
3e83
3ca2
b6c7
b7a8
ad6f
2e81
bc3b
3d63
2fcd
53aa
b259
bd5f
28fa
d642
b19b
bfd6
b8c4
b0df
39c0
3e13
be62
3df6
ba50
bc1c
3fe3
385e
b46a
bba3
3ebf
bdfb
acbb
47c6
3551
bee3
b8e1
3d0f
38a5
befc
3f4f
375e
be80
bed3
3cd3
3d7d
3940
cda1
b796
bb17
bf5d
3d23
3a01
b2ab
391c
d85f
5712
35d6
b996
3dbb
3f2f
b680
befc
b172
54d6
3ffa
b939
3f4b
39bb
bccd
29c0
56d5
53b9
b9dc
53c5
34cf
bcec
3a43
3ee5
552f
3f58
b4b5
3e3f
3cc4
3953
bc29
bdfb
3de0
bfbe
bc03
d1d2
3818
d853
3c91
3f87
578a
3c34
581e
3780
b9e2
add2
4564
3fe5
3ab6
38ec
bcf8
d298
bba5
b755
3618
b5a5
bc79
3bbd
3ce1
b9e4
d749
3fb6
b927
d882
d685
3a43
b3c3
b8f3
2dd2
be82
b917
beca
547c
bfee
3ea6
bf14
337d
aa78
3cdd
3d27
a9ba
39fa
bd21
3cc6
d385
d8af
bced
bd80
ad00
be3d
54aa
bb8c
bd49
3974
ba01
3a06
3302
3fe2
3750
346f
3a72
2c4f
53fb
3e7b
bef8
bcf1
3b59
b00f
d6cb
be77
be83
bbb2
3802
3d8b
b1c9
3c65
3a8d
bec5
3d77
bcd0
3f11
be0c
3ec1
bbfe
2b37
d829
3e87
bb38
ba8b
ba0c
3cae
3e88
344e
bc74
bec0
3c06
b2c5
bc67
bdd4
3926
bbd2
bc38
b09c
bfd9
ccd0
3e9f
3856
b5f7
bb83
39d1
35d1
b626
cdd7
3964
3f36
3b17
2e4f
3e87
3768
3dab
3f57
3b66
bc2f
387f
54bf
bc5d
bceb
b9b1
ba80
bccb
313b
3d50
3c72
50eb
bd89
bdb5
bc04
d639
b407
ccfb
bc13
3bc8
b693
396f
ad4c
bd70
b7b8
3b30
b5c3
3f00
bc27
b528
bef3
3fc6
cad6
d62c
bffe
3d04
3962
b540
bd9e
3b83
3841
b7de
3834
d789
3689
bcc1
3930
bc52
bb79
bdd7
38fd
3c12
bd64
3c08
bee3
b6c6
3ebc
3237
3c61
3ed4
3a68
3d3d
3de6
3c89
3be6
3eec
ba71
4c8a
3f05
3d1c
bd37
af44
bce7
3ce4
b9e9
bcba
3c1a
b2c9
546f
574f
3abb
bcda
b67b
b948
bf7c
d682
36b1
3dfe
b2c4
bf58
bf8f
b95f
bef2
99bf
b583
bdc9
d1b8
bfd5
baa4
30c8
b955
b96d
be89
3c28
b9f1
3be7
bdff
b87f
3d34
5644
beb5
d0a5
b93f
3c16
bf24
4e6c
3fc8
3e9c
55a6
bb06
b20b
3649
bf86
3d6a
3f0c
3c50
3e7a
b9cf
3f59
3e15
3f29
bc94
3749
bad1
3ecc
3f9c
d75f
2dc7
bc39
b251
b74b
b53f
bc8b
bae8
bdfa
5627
b69d
b78b
b6f4
ba87
393b
39b8
3e7a
3bba
b413
bc49
c8b5
3cf4
3dd4
37ca
3df1
382d
d4a4
3567
be18
b806
bf29
b7df
bb5e
be15
b93e
3cc4
bd91
3bd7
bfee
3d6c
3867
306c
3ee5
3ced
39af
3bef
bc81
3f87
2ebe
bed6
351e
36fe
3e01
b3a2
bea7
b64e
3422
3ecd
3e8d
3a5a
bc13
39a6
372a
3a83
373c
b508
b799
3ccf
bf64
3ae9
3942
b8fd
be73
3c06
3a5c
b7d9
b651
b756
4e7c
d898
be6b
583f
bab7
d677
3d97
34fa
3510
b9cd
bf58
aabd
a954
be1c
3d75
bf18
badc
3be9
b608
bce5
be6f
ad47
3cd2
bf90
3fe4
3f2a
3f15
bb6e
bf1e
a5f7
39f0
4efd
b4de
3941
38b2
54b3
bfda
3413
bf5b
3850
bf59
2274
3c31
b97e
3e92
bb4a
bc0c
bf6b
ba12
bde5
3f05
af1b
3305
be8a
3a5c
bdec
58a5
3f72
be2a
b397
3109
54fc
3e5b
3e71
9c1e
55e4
3a0b
d02b
39f5
b4d2
3ce0
bf11
3abd
3cd9
3e14
cf03
bfeb
429e
3dfd
bd14
bfa6
3c8a
ac47
3cbd
3e86
30cb
3388
562c
ba27
d23d
beb1
cd61
bcda
bcfd
ae61
3f4d
3971
3b75
2da0
3ec7
3c11
3bf5
3cbe
bf25
3d77
bbda
39a3
3cf2
be91
be68
3552
3834
b1c9
b950
39d0
bb14
b834
b024
bd2c
ac2d
d8a7
be3b
b479
31eb
bc2e
3fcb
b241
be79
d897
bc19
3d36
b659
36ae
b0e9
bde0
bf15
3c7b
31c0
bb6c
3c1d
bc98
bb23
bc04
bee0
38ab
b46d
3c85
bd1d
36a0
acd8
bb88
3807
3e15
3ee2
bf54
bc62
3cad
36a1
38e8
2cb2
3943
3ab0
3eaa
bcd8
b889
31da
33d0
3d70
3726
b071
b844
b6f8
d63e
bd54
3a3a
36c2
3d3f
5843
bebb
3d4b
be1a
b8b2
3be9
bedb
bed0
3aee
3ce8
319a
388b
bd7e
b10e
3623
bf4c
3d12
3dcf
bc16
2ea9
3d08
bdc3
bff5
3cd7
3a58
3f79
b829
314f
bee1
3d5a
2c2c
b77d
ba55
4b3e
3f37
3fb3
b925
3a2a
b362
3c7a
b8c2
39c8
3d3c
bafa
bdf3
3cf0
3fc9
ba02
b8a9
3f5e
bffc
494b
369e
ae96
3f11
bc07
3ac5
ba76
3a9a
b9c2
bc50
aba0
3e5c
3c12
b9c4
55c5
b875
b69e
3fdd
bbed
be08
3768
d511
3d99
2e2a
be46
33e0
befa
3436
bc75
adac
bef4
3c7b
bec7
3c21
3e67
babb
310d
395f
3b00
b4b0
b71f
b863
35a8
bf17
53c1
bfbf
b965
bb73
3783
35d9
b860
3d8e
b89b
b8fd
3f08
3bce
bf0e
3f37
bcb8
3ffb
bd40
3cd9
bc94
b688
38cb
3cc6
2e49
57b8
3d76
37f4
ad74
3c74
3bcf
4aae
bbec
cc6a
32fd
b833
d752
b0b0
b2f6
581f
b904
b206
bdf9
3fc4
a553
d73d
b98f
aead
bd03
bd6a
37a6
3be4
bacc
c581
b56e
bd56
d531
bc54
cd94
bd49
bcf2
326d
bcc2
3b4b
bb05
2c52
cde1
3902
3293
b492
285b
3ce5
be26
bda3
396a
bfb7
af09
3d95
38f4
b801
3c2b
3b35
3c13
3ce7
bcc4
37c4
bee8
3ce1
bfb5
3302
b292
adfc
be29
b675
b56d
3dcd
bb6e
b406
3636
b444
55b6
bcab
bd02
bee5
3cab
3207
bf09
3696
bb65
bf4f
be74
3a6b
3e52
3d25
b9dc
3e98
3d31
bdc8
3b89
5229
b9ed
b720
3a7b
3607
bc57
b392
3952
be78
3b35
d87c
bb70
3e4b
d090
b48d
3663
bc87
3665
3dc8
bbc3
bab1
375a
c2f7
3e73
3d19
bb85
3bc0
3fba
385c
bf62
bf5e
3ac1
3e7a
b0c8
3f8a
b961
3e2b
bcb2
39e9
3f84
3485
3d4c
b126
bb1e
ba99
b79a
3b9b
bc09
bf2e
d568
3fc3
bdce
3ee9
beed
b928
3dff
3df8
be4c
bf3c
bcf5
3cd9
bb01
bc40
319b
ba43
b814
3e18
588f
b5dd
56a3
bbef
be19
3d15
35a5
bebf
bfae
3fa1
3b6a
befb
b961
3b5d
bdff
312f
b52d
3678
3bb5
3c00
bda2
bdef
b862
3ccb
3e32
b287
ce03
3e23
32b6
be35
bc1f
3f19
ba94
a5fa
39d5
3650
bd2b
beeb
b9e4
3b9a
d6da
2f9b
be25
3b9d
3857
3a0a
bc75
bf83
3f03
3e3d
3f7e
d664
bbbd
34e2
3933
bda9
3e23
3e95
3f04
3832
bc92
b81c
d2a4
3c9a
ace3
bcf2
bc8d
beb0
bc87
bc9c
b848
3951
3305
b952
3cb2
3a8b
3df0
3055
bd18
52e3
3dac
bd57
375c
2efa
a8ec
3e76
3474
345b
ba33
3e9a
bf08
392e
bd47
3d4c
bb75
52c1
3f75
3a9d
3d54
b837
3f53
3f34
bf08
3eb2
d546
5129
be6c
3535
387a
589b
b8cc
d7f5
b580
b9d5
3a7e
be68
bc37
3def
355a
3cd1
5354
b58a
b80b
bfb9
5829
bdb2
394e
cbcd
b9ee
5820
bc2a
bf1a
b404
32dd
b4be
b951
3972
cce6
bcab
bb65
b5bd
3e07
3f8a
3c7a
beef
286f
3bca
5889
3fb6
25da
ba60
38ad
39c4
bde6
b9b3
3e14
3d74
bc73
be8c
3e70
bf46
586d
3ea1
b891
342c
d420
bcf8
bee0
bc94
b7ae
3e99
b957
bfab
3d08
be6c
34b5
b4e5
3a5f
35b7
bc87
be9d
3940
3bfc
ac8c
3de8
3c1a
b4b3
bdf6
b194
305d
3f44
30e3
bf3a
bf78
3bdb
39c7
5672
bf42
b8b9
3d3c
3f0e
be6e
b552
4e6b
3afc
bed2
3125
bdff
3c5b
3eca
3de4
5454
be1c
b5a0
b9ca
3ebe
4f6a
badf
b76f
3aea
be0c
c9dd
5819
d417
bd0e
3d95
3aff
3baf
b740
3c0b
cdfe
be63
b8e0
3eb8
bd30
baa6
bcd7
3c9d
bfd9
3ddd
bdfe
affd
b72f
3cd2
b76b
3336
3e86
bc55
bd60
5618
bffe
3aea
b18c
a978
3d05
bf8b
bca2
555d
3155
3c30
3ea2
51a0
bb7b
d777
d174
be9d
bbcd
d244
3ba5
3d23
bec2
2e31
bf8e
d6cc
3c68
2ea0
ceeb
baf5
3cd2
3f3f
3a70
b0d1
d46d
beb3
3f49
bc89
bd63
3734
50b3
543b
bb11
bf4b
39cc
d407
bc8a
bb5a
391c
b5fe
36ae
3cbd
b15b
3eda
3e8b
bf72
bb08
3efc
3cb4
b8dc
bffe
2d72
d4c0
d826
bc90
bfe2
53de
3c4a
b15a
b7d7
b943
3cfa
3f4b
3cb5
be98
b862
3f0f
3d37
3c96
ac3e
2849
b245
3871
b0c6
38a3
3d77
bfe8
3c81
bd98
b81f
bc73
3daf
3647
bd51
b112
bcf0
3e27
bdad
bf3d
3e5b
3573
bcc9
bb90
b941
b074
b77a
b32a
3b99
389b
3733
34f4
c586
beb5
3e51
39d7
3909
b4a9
5356
bea0
558f
3689
3ee1
3ef5
ba5c
a9e2
3e50
3cbe
39ec
b98f
3dac
30ae
38e7
b7dc
2d0d
ba04
ba4e
4f38
3d65
bfd2
3d77
a0a8
397d
3f74
b25a
3442
397e
3ea9
b861
bfab
baf0
9c6a
bd90
bfa1
3d41
382f
b900
ae50
3f49
3652
bd10
365b
3e2d
b83e
bff4
d8a5
3b69
bcf6
bd88
3b48
bbb5
d833
3998
35de
3a00
3f69
3e3f
3b0a
3c8a
bfce
bf5b
bbbe
3e30
bf3f
bd12
b264
bf91
b297
2d47
b616
be4f
bf49
3c29
3d2e
bab0
350b
2d77
af83
b9c5
beed
3d50
ba5e
2f5e
3b8a
3b31
be66
2f3e
b694
bd29
37b5
5248
bc3f
3e55
3a08
3f25
cd3e
bf63
3c48
b1dc
be7a
bc40
3c0b
a3fd
3f37
be12
3a38
992b
3347
b559
b46f
391a
b24c
b8a9
bf7c
346e
be0c
360e
3be2
bd8d
2a80
a9f1
3e95
bb66
b65b
3a31
ba62
3809
bffa
34c6
b846
b9d5
522f
bfc3
cae7
3f29
d7a3
3f6a
3736
3788
baad
af92
c78e
d894
b011
3bf0
3d69
aec5
3a8a
3e7d
35e1
bb7e
38d7
2494
27d3
382a
b778
b932
bd2c
3d59
3d76
352e
b85c
bb71
3353
bd8e
3ad2
3e50
9b13
3f97
3ec4
570f
3ea4
bedb
d24d
bf37
b855
bf17
5032
d5a4
d885
3ad6
3c36
38b2
b849
bc29
d4c2
bd56
bbf6
b528
3919
3de8
57da
3d42
3616
4904
bfc8
bf66
3eab
3efa
3f57
b506
3746
3c3f
3dc3
3fa2
3e59
3c90
3016
cf4e
be0d
362a
bd08
3760
3f8d
3c7a
bd4c
3ed1
bbf4
bf23
3be9
d5a9
2468
bfe7
388b
3fff
d6cb
b576
342c
5859
3c3d
4dc6
35bf
bb6a
3e71
b9c8
bcb3
bd0a
bdfd
587f
d88e
3fff
3f8e
bbfe
338f
3c76
bbfe
389b
d7d0
bf81
3448
b90b
3e6b
391f
3e31
508b
ba3f
b90d
3c25
3ca8
b7ba
39ef
3aff
befe
38e5
356c
3bdf
a6a0
3e9c
b8e6
506c
3c69
4d2b
3fe4
3f2e
3e00
398f
ba6f
32ee
3e83
3c76
bc06
384b
3ccd
34c9
2e07
29e8
bc04
d5de
bcf3
39fe
b841
bc8c
3c8b
b9cb
3adc
5821
3e38
bcd7
3cb1
bd46
be25
3297
bcdd
3d7e
b980
b619
351e
3e63
37d6
30f5
3d47
beca
38bd
b487
3ff6
bc35
3db6
bf52
3919
be13
3de7
bf29
b9a8
3f08
bdc0
b54e
bf32
baf1
3ecd
be03
3d23
bc13
34c4
3e85
3846
3c62
bdee
3b49
2bc9
b8f5
3b97
9c24
38b6
574a
bcfe
330f
39f3
3dfd
b096
4c25
300e
3fbd
557b
b783
b764
3f8f
399a
5124
bc27
baf0
3c30
3cee
bc84
ad8f
3686
3ba4
bcd8
ba6f
b8b0
beb4
bd13
bfe6
bbeb
38cb
b973
3b2f
d69c
b495
3fbe
b161
3cab
b3bc
bd98
3c6e
37da
b631
3b13
5068
37e1
3aa1
3bc9
bd44
d50f
3ed2
b821
bd32
b86d
3426
3d11
b807
bc09
d861
3dcf
3e3a
a42d
2db2
be7a
379e
b82f
bc48
bfdd
3c2a
bf3b
bc6e
3c1d
3493
4dcb
a948
beef
46cb
b015
3690
bd8e
3cc3
3f8b
b550
be8d
bd55
345f
2da3
b882
3ee6
5651
bff2
bc39
d6c8
bc3c
b886
bb3c
3c87
bb16
bdbe
3c31
bea5
56e9
bae7
3c1d
2119
3e82
3aae
329f
bf79
388d
b449
b409
3ece
bc2b
bc58
3c42
bfde
badf
be07
bc70
3c49
bd62
bcd2
5620
3d65
b970
bb85
3c0a
3e87
3eac
b6c3
bdff
3880
bf36
bd99
3d2c
3f26
35b2
3fb3
bcdf
bcd0
bbea
3dbb
d32d
2e6f
3fe7
3756
39ba
bedf
a969
bcf3
54ae
3c08
3457
366a
4d43
b950
bcb5
3a27
3899
b357
385c
bf11
3d68
5612
bdf0
af1f
44a7
b774
bea5
3646
39c2
3afc
bfb4
bf47
37d8
2a86
b0a6
3ca0
3cad
c982
d3af
b9c2
bcfb
bcab
39f4
3755
3d27
3ead
3914
569f
3dee
3dcf
c6e0
bfdd
bb7c
bc0f
393f
be41
3dac
395b
442a
3d48
bf3f
305c
24c9
3635
b82a
bf65
3c52
be55
57d7
3fd0
39ab
3dc6
3c13
bfcc
3894
3d98
b378
d580
39fe
b43b
befa
bd4f
bc29
bd98
bf32
3778
3d55
3b2f
3e08
2f28
b910
bc1c
3a8a
3b85
b96d
beb9
3d78
3edf
b534
3e8a
bd32
bcbe
bca4
bfc1
b9a4
bec2
bdb1
2dc5
bdb7
be89
36a0
3890
bc53
3d9a
baae
be06
bb6a
bef0
2c91
365b
3feb
5531
d135
b7a6
a4b0
3ef6
a358
a8ea
d494
3e78
bef1
b806
3a4b
bb31
b87c
3cc1
3c3e
3e5d
3e16
b856
3fb8
bd7a
2e8f
bc8e
b8a9
bf2a
3e28
bfdb
b85e
5507
3cab
395e
3407
b441
b32b
bc8f
34b6
3d04
35e8
35bc
bd05
3364
3fb0
b8d4
d2cc
be92
aca9
bc4e
3d33
b683
bcc7
3a8f
bba5
b247
ba74
3cb5
b70c
3e45
3fe4
bb80
3b26
bebe
be72
3e3c
391a
be87
baed
b83d
b8d8
b153
bc93
b524
bf62
bcae
3e3f
bc45
bce6
2fc9
be66
bacc
2e1d
bf8a
bdb0
bee0
1bde
2d7b
2c67
3c4d
37dd
3291
3ba0
388b
c1d1
bf13
3e49
b836
3e6c
3587
d17a
54ae
3e37
3eaf
bb86
b86c
bdf8
2720
bf34
37b0
bca9
bfd5
bcf9
3df6
bfd3
348b
bd13
3c72
bb97
b934
bdae
bc60
3625
3d35
cddb
b925
3c91
2f36
bd7c
bec1
309d
b939
34db
3c13
3c16
3b25
3f1e
3cfa
ba51
516f
bdc0
baf7
58af
b8e2
3f06
bd6d
3e3e
39e0
3926
b94f
c251
b15f
b9e2
b93d
d0a9
3c1e
3c6c
b2dc
3ed8
3e3c
bd4d
3e2c
38e5
3f3d
5727
bfc9
bfed
b4a4
3e9f
bc33
3dc7
d818
5475
3e34
3ae7
3fb3
bee4
bce0
3c75
37ba
3738
3d11
bf11
3f8c
3f3c
3916
3d5c
3f57
bc61
bc96
b84b
bde4
3f07
bc30
3eb9
bd6e
bac6
bc67
bf3d
b5fe
b822
3457
b8f9
3e31
3d53
4e98
39e4
3f3a
be1b
bcd6
3e2b
3631
3bc6
bbc1
353a
5777
3ff0
3fae
3511
bf5b
39a8
be05
380b
3d07
35ac
b93f
b7d9
bfb7
3b28
bee4
bfb3
cb8f
3fac
38e6
31c8
bfd5
584c
be31
b8c9
bf6b
2f43
5667
bfc0
39f3
5890
57b8
d700
c7d1
3c85
bcaa
bf68
be34
b822
387c
3bf7
3f5b
3583
38af
38ed
346d
2920
be47
3eec
b881
3658
adf6
bfdb
bea2
38ff
d467
39f5
46f5
b6eb
bfff
aec9
bc86
55e8
b5bd
be81
354c
3cba
b5cc
3f60
3467
3e13
3bbd
2ff6
be13
27de
bd70
3911
3d50
bea6
a0e2
bfd7
3fcf
4c1a
b72d
3939
bfa0
473f
abab
3e06
564f
b90b
b9f0
c938
bbd5
3f34
bcd7
3b9d
3bd9
53d6
be92
362a
bf02
3d97
bf76
3d49
b95b
3cc4
3db2
3446
5833
3e10
d7ce
bcc9
324b
b3c8
b9dc
3f0c
bbc5
522a
2dbe
30b8
b17f
aca9
bfa2
3e83
38a3
3f36
383c
3cdd
3c2b
3897
348a
2d51
bd57
38df
3620
3e48
35f5
31ae
bdf5
bb30
5628
3040
d4b7
3ee5
a85a
b547
bd98
3f09
370a
cf3f
bf35
acba
aa35
3ecc
32b1
29c8
3cb6
adee
b897
bdcd
246b
d017
bc19
3812
d8a8
b692
b934
d57e
3b95
36c8
310f
bb23
b95a
3d0c
bb74
bf32
ac11
b923
b139
3c39
3ce4
3c55
2974
3914
ba3f
baa5
584b
d16a
ba2d
399c
34c3
3ec8
3ec2
bc33
3636
3c12
3f04
bb6f
bec5
bd04
3fc5
3cef
bfd3
3f12
3ebc
d6a3
389a
b41b
b677
3a8d
3e80
30af
bd66
b48f
bb2f
bc9b
35cf
aab3
bd88
3d61
bebf
39df
3dfa
3c2a
3c1e
3ba6
3d29
3735
bb9d
bfb6
bdc1
b8e8
3945
be6c
3acb
bcd1
b9d4
b4d4
3985
3a94
3e39
341a
bcee
353c
bf64
3b04
3f9b
bb9e
bd02
3eaa
3ba1
3b4c
3c64
3b24
3979
54b3
bd26
bf4c
afaf
3417
3bee
bdab
3e34
bc38
bddf
3e44
340d
3fb9
c5c5
85d5
32e4
d13d
28ec
3c97
56f9
bf8a
3c50
a8bb
3e96
bcf6
3931
3d35
bfcd
bc20
3cf4
38c6
d5ec
5492
be09
3f31
35f9
bb0e
3e89
3b32
3bbc
bc21
bbe1
346d
bc9d
3e90
2fd9
3ef7
2fea
3dab
b91a
3ca5
3883
be7f
bc00
bf5a
bdb6
d559
3983
3f3c
39d1
57a6
b979
3406
bdb6
3ac6
bbb7
3cd5
b6a0
bd29
b05c
bb77
b424
b597
b94a
b549
b70f
3eb3
37ce
3ef9
35c0
378a
3b9d
bb22
be52
3f68
bdcf
3890
b77c
3f52
d79e
b11d
b1df
b97b
bcaa
3c54
b899
bc56
bfea
d4ac
b89e
3992
ba5a
b5de
bcc4
b88b
3656
bdf6
2f4d
bc4c
5799
b87f
be64
3a8d
375f
b352
3c6e
3d46
3a1b
bb1d
b5f9
3cdc
bc81
3d21
bc66
bfda
57a1
2e52
bb0c
522a
39f1
b0dd
391a
b4df
bcfb
b1f3
3d05
bd5d
3c48
3ceb
b8da
d5f0
b7cc
b1ad
bd1b
3d5e
bc7b
ba54
bbfc
3fe9
3db3
3d83
3d48
3d84
bc60
bf1b
b3ff
bd47
bfed
3484
badf
3c13
bf16
bea3
3bed
d7d7
2ac6
3da7
a990
b5b3
b455
b4f0
3cc3
bc14
3f73
b569
3fff
b48e
bfcd
bbb5
3990
3bcf
3c07
bb78
57b9
cc44
32a2
bd72
bbb6
b111
d674
3c72
bf74
bce3
b8ad
be06
bebd
b006
39d5
2ad4
b684
50ae
3d75
b1d6
be4b
a4fa
bcf5
b75d
b831
2a28
a833
be82
be68
37d6
3dfb
bb11
3788
bd21
bb1e
3ddc
37fb
381e
ba8e
3c74
bda8
56cb
bccf
3e11
bce2
bc70
3413
cf89
bda4
b872
3768
3b29
b826
bc8b
bcfc
b08c
321f
b568
bc35
553f
3769
b35b
29d3
bf1b
be8b
d3f8
bcce
d8a6
2b8f
3fc3
3e5d
3ee2
bcc2
bc1e
3fdb
3cf8
b907
bd9e
bd4f
bc84
3068
bc46
baab
545b
b8ff
bb43
ba3d
3d04
bfa4
554a
bc18
2f19
befe
38c5
b603
b9ee
3ef1
3c95
3b05
b33a
3c47
b6b3
bddc
bdf8
3a46
bdc4
34f1
3b49
bf61
3f01
cf27
bd81
bb04
3e2b
3550
ceb5
4e61
d4e8
3f0f
bce7
bf1a
3e6f
3e8e
200b
bc53
bfa7
37b2
b8c1
d795
bea9
b352
d1b8
3156
38b1
36d9
b75d
3e07
577e
3506
bee0
ae57
3c3b
3f84
3fb4
bd0d
3d22
bf39
3f81
3919
3858
3499
3ee7
be3a
3ea7
3e10
b911
be64
3ecc
34c4
3c87
b8d6
3f23
bd77
b488
3ca3
bf85
ad98
3ff2
b6ff
ce70
b939
b86b
3188
2554
2d9b
3e0f
bc8a
1728
3cdd
3440
3cb2
36a7
d279
be39
b9f7
313d
b3fc
3ede
bf19
bb0a
beeb
18dc
3ab5
32b3
3b13
bc9f
bf22
381c
3d63
b65f
bdbc
bc61
36c8
3e4c
3d11
a0be
b941
b992
3ee3
3900
38c1
3ff7
3b4d
be00
3d89
3843
3e19
4ec7
be1e
bc45
bde9
32f3
b6d1
b683
bb09
bf42
3d17
38d1
3e9f
ba94
376a
bfe1
a95f
3fdb
3eed
3d32
aed9
d574
be78
1eff
bc5b
3fcc
bf4a
bc8a
3945
b005
3fad
be2f
334e
3a39
b0a2
be12
2d24
bc38
aa6a
3ff9
3c2c
d7cc
539b
bc07
3c12
3f18
bc50
3083
b6fa
bf67
3c8e
bd1f
b12e
b5db
b169
bf09
3ee6
3e33
ae08
36c1
d6fb
bb87
bcb9
3e6a
3f8d
b8d2
a344
525d
bd01
3d85
3681
bf2b
3c58
bc53
be89
3e30
bcdf
3d07
1df3
3877
bd0f
d873
bc77
bc0b
bb10
c7cb
3c2f
d5f5
3cb2
be94
bcf7
b66e
54dc
bf2a
bcff
3c2a
35a7
3e43
3cbf
baed
3fff
ccba
36de
bc10
3e09
3e4d
bd92
3faf
bd52
3ecb
bab3
d80f
b6d4
32f5
b660
3e68
bc39
3545
bf2b
3e15
bcab
b9ef
3e96
3c4d
3638
bdb6
3c18
bf3b
bf67
ba91
bc48
3dce
566a
3d49
b7fb
aaa4
be74
bdb7
bfd2
b767
b0f0
4d6e
3c22
3863
3664
bc7f
3cb1
bd20
556f
b48f
bda2
3ffc
3db7
3e7a
b185
3ae3
bf24
3bfb
b898
bc2e
37fd
3ae0
3c11
38e1
3a91
5805
544a
b158
34b6
bd82
584c
3c52
d7cb
3bd2
3b02
d769
3ae0
2764
ab35
5846
bfb7
a93d
3b35
2f12
bd59
be80
3aa7
3e58
36eb
af94
be1d
b06d
bc88
b87b
cc15
3d2e
bb82
5358
3a87
be4e
3c26
331f
2e5a
be8e
bd5f
bcd8
bfe6
bdb4
38cc
bd0c
bc3e
3fbc
bf14
b808
bac3
5473
bc10
ba53
3be5
34cb
3eee
a870
3dfc
bec6
bf37
3fb9
3dc9
5444
d4f8
b8ae
3850
bc3f
3bed
bae9
3e70
3f00
d849
2a7a
39f5
d7f1
d441
3a2e
2d0f
b892
b8b7
b5dc
bc02
366b
b014
3542
bbea
3a8f
3eee
3d31
bee5
3d99
3910
b5ca
3f3f
b0cb
36d8
b743
3d50
3e70
37b4
bb48
bd4f
31be
3d9b
b8be
bd0f
3c6c
3caa
3a5b
b5aa
3494
3c5f
3d6f
b06e
b753
b637
3d5b
d88e
bdb5
bf95
394e
3f16
bc7e
3682
3d21
3140
3bf7
3d40
bb9b
3fb2
540a
3887
3c76
b44d
bed7
bf58
3d9e
b97e
bf26
bb08
ba41
b774
38ae
38b2
ac4b
3ce4
b4ba
b85c
382f
57b4
5893
d290
ba96
bf38
b876
3772
3d3f
3c6f
3931
3dd8
34cf
bb0a
3c99
b0c6
aada
bc28
3d35
beb6
57ba
3de1
31fa
3f8f
b8c1
ac23
328e
3e5a
2cb3
3c08
3ec6
3ac6
3ee7
3973
b797
be60
bccc
d86b
b6f6
d12c
3df8
388f
3578
3a84
bc93
39fc
bb74
bc3b
afc6
3e0e
b71b
37d4
b44c
3e05
3acf
b7ba
be6a
39c4
3aeb
bd26
b4ac
38ec
3ac9
bebf
b7e2
b761
bd16
bd26
b5d1
3982
3942
398d
3ac3
bf6d
bd9e
be6b
be82
a990
3db1
3d63
bc67
3d61
3c7a
3c5a
3cf0
bed2
bfda
be65
3d1d
3e23
3a2c
bd4e
b80f
bf9a
3eeb
3cae
bb35
356b
33be
3909
35fc
a96d
aded
bfd9
be48
bb11
cea9
3927
3a9c
3a29
3abb
b799
24a5
3bae
bdef
bd37
3b58
3cb6
b4c3
b823
3e9f
d22e
bc9d
363a
369d
bf2f
be3e
3921
3ce3
3c66
3936
3c0d
3ed1
3b5a
3677
2ed1
bdcc
3bf0
b886
c914
bd36
bc37
b945
ba38
be73
b6c2
d3aa
3d54
3c90
3dce
3c99
b8f2
bfc9
b85c
bc88
3bcc
3ed0
3d10
3cb6
d7a5
3ef8
9da7
39d5
36fe
be33
3e83
3ca5
588a
3fd2
3c31
bc0c
bb78
3da7
3e04
3cfc
b93c
bf72
315a
bfce
3fe3
b527
bcaa
bfc7
b635
3e67
2442
3c89
34b2
bd49
272f
bd83
b5cf
3cd6
3d81
be97
bfeb
bc3d
bc68
b81b
ba06
be5c
3fab
bda0
be1c
3d82
bbd1
bd1d
2ce6
5821
37ae
3fcf
b694
b9b0
be94
3ca7
a9d8
2acb
34e7
587e
3d8e
3ce9
bc2b
b7fc
3ae4
beb5
354e
be33
3da3
3c1d
3c10
3a23
bb9e
bf5b
be49
bfb4
5327
3c59
b9aa
3546
3094
bede
3a76
3b44
3bde
3e36
bfea
3e8f
3389
b9f6
38f6
35e7
3ffc
bcc7
bc61
b579
39c8
3c3c
b970
38d8
3afd
3c1d
baa6
3e29
57be
389c
bef5
bf07
5448
cf15
bc9d
bd04
bf7a
bd32
388c
bcf9
bf24
abc7
5417
3fa6
bc5e
3f54
b7e3
3b8a
b62e
3b74
bdd2
3d7c
3e4a
b4f4
2ac7
374f
32bf
3c4c
bcaa
bedc
bced
3d96
3fc7
38d4
3fc5
3f75
3935
530c
b4d3
b5d9
d0c2
3633
3f2e
d41e
305a
3b2e
beed
361e
3cd1
bed4
cea8
3ba8
31f0
b523
3ae3
3f60
bf23
be04
b5d9
3c5d
5663
b909
355a
3090
5863
bd29
bd58
bd98
b8ac
acc9
3fe7
be76
3fc2
3f0f
50e4
bedc
bdee
b8bb
b9ee
3f20
be96
3f94
d278
bc75
beea
cd1c
be28
3fe0
3c0a
3944
d460
3df0
bae2
d45f
3f4f
3f0a
b635
3bd4
bbe9
bb58
30be
3903
32d8
3b55
2c62
be2b
b51f
2f92
bea7
37b2
3829
38d1
bc3f
3d53
be2e
5675
bc42
3fe5
bf13
b824
35c3
bf51
b9e2
b977
bf49
3905
b927
374e
b5ab
bf41
3c37
3e71
34ed
37d9
38b5
3f76
3cd4
baae
36c2
be35
38a4
b9b4
b4fe
3d1c
bd2b
2287
baaa
3997
b89f
348b
3c69
b4ec
a7db
d1c9
3825
b510
2b1f
3e3e
3f79
bf0c
3d6b
be17
b19e
3b1b
3098
38d5
b9fd
3e60
bb45
befe
3f32
b58c
bd4b
bc19
bc8f
bf9a
3b69
3edf
3eac
bfae
b519
3fef
1ebf
ba6e
d43c
3c9b
b433
bb49
bacf
4c9f
3eb0
3f9c
2e92
b69d
3499
3784
ad21
3f85
3e4e
b187
bdf6
ba94
bd4c
aac3
bf50
b64e
b8d8
b933
3d01
3f52
bc55
5797
b40a
3b53
3de6
b77b
bdea
3e2f
3ce3
bf30
3dc2
3889
b870
3aee
3e68
3c7b
ba6d
3562
bd50
3642
bc3c
bb4e
3628
354c
be8b
d89c
3e2b
b772
3233
d72d
5875
bea1
bece
bc20
afe1
3d9a
bedf
bfb7
d3a4
39a7
b9ec
bf2b
d83f
3a04
bb3a
d18d
bead
be6c
b831
36d8
54c1
3952
3f13
2fa1
b0db
3ed4
33dc
bfdd
b8e2
395d
b700
b5ca
bef9
b316
3f00
582f
be42
b91d
d80d
b20c
d07f
3e1c
3b47
bd18
2a8c
b7a9
38fb
310c
a632
3e40
351c
bd9e
bfb2
b749
bdfa
bc0d
b88a
3f20
3db6
3c34
bd2b
3301
d710
3c5c
b954
3d5e
3f37
3ca9
3fcb
b9ef
baed
3d9a
5001
3e65
3142
acc0
ce1b
bfba
5882
2eb3
3ef7
3947
aa18
bfad
4530
b956
3d55
b590
beed
388f
3c95
bfa2
33d9
3c53
3c58
3dbe
baaa
2c93
3e22
3a7b
3f80
bcd6
b46e
3cec
3d8a
bfe2
a545
3cc1
3ded
3d17
ba49
d7c0
bb08
3855
38d7
3bf1
b860
3fc0
3f4d
3470
3708
bcf7
ab1d
bed2
bf66
332d
3fc7
3e07
b602
bd64
395e
3a4f
36ee
bd57
3905
bfb3
a933
393f
3b84
bf65
bd16
bddd
34af
4ef9
5685
bdb6
3eed
3d70
b05d
b9dd
ba21
bce3
bc47
bd26
be16
bfe8
5805
be28
a581
d830
b4d2
3922
bded
3e6e
b009
1f27
3e1d
b9bc
3883
b2f1
bbbf
2dea
3bc7
3eb7
be83
be4f
3dec
3f09
3d20
3e99
b9d2
bdbd
b2c8
56c1
bc5c
38cb
d853
3696
bde6
b8b5
3b60
56c4
3a84
3e6a
3a12
be79
3fa4
3c7c
39f6
b8c0
b8e7
38f4
3f8e
ad9f
bf4f
399a
b2ff
bab9
bc78
bca5
b856
ba34
cd33
3174
beff
3463
35fa
2fc7
be2e
3e5d
ba12
9d6a
3b87
4dc4
3350
b84b
382c
3e5f
be72
be30
3907
be9a
a73d
38a4
399b
3cbd
3fd7
bc10
3e1c
ba49
ab9d
b5c7
356d
354a
3fd9
ba31
bcb2
3fa8
3ed7
3f96
38e7
be0e
bd6c
d6a8
b400
3873
bed0
bcf9
d6db
bb63
bdc7
b8cf
d87d
3eda
bb45
3b07
39d0
b586
3fec
3dca
beb0
bd3b
bef4
b9f5
be20
3b2b
b970
bf98
bd83
be59
ba9d
bd43
3b5b
bed8
bc91
29b3
3cef
be83
3fbd
3ac8
bbc4
be19
bb95
bec1
3e18
bf60
bdf8
bc40
bf6d
3cab
bee4
333f
b2ad
3c3f
b7b9
485b
3e5d
3fd9
35c0
249b
d565
36b9
5690
b2e8
bbfb
3f49
3be6
54c9
392e
3ddb
bc0e
bd29
3d16
3e17
b21a
3a63
3e18
d113
3840
be43
bdac
b5c4
be84
3465
be81
ab51
cd4b
bd56
3ea6
3539
5664
d83b
3892
bf18
b6cc
b7bd
d50b
bffe
3f3a
3683
3fc4
387f
3586
2f9c
33fd
b698
bbac
bc1e
bf6b
bcfa
bfc4
2669
3ea9
bfc6
2cad
557b
3f11
386f
bcf6
2d1d
bce2
bf0e
48e7
3d91
bf1b
be6c
be02
be4f
28d7
bd2e
a8a2
b966
bd70
b989
bae5
ba4a
bff2
3e7a
3cda
bf42
d805
bf45
3bda
3d72
bca1
bca7
bc3f
bf81
3c20
320c
3f44
b2e4
b6f5
bd2d
b93b
3dae
3f89
bb4f
bdd7
35e1
3e63
b244
3ef6
d798
3f47
25e1
30f3
390c
3426
3427
3d7a
b861
b79a
b85f
ad8d
3941
3bec
3b63
bcbf
b989
3fc3
b908
4d72
3e5c
3804
3eca
bf75
b904
bdd3
bcc2
38dd
adc3
bd42
3538
2df0
be59
be68
b673
bd62
3d4f
38d8
b00f
3509
3ee3
3cfc
3df0
b092
5535
3cbd
bc1a
3e59
be36
be96
bb57
3157
b59f
be9a
3d06
3d4e
3a2e
3a39
5099
3cf1
bfb2
b66f
329c
afa7
3d14
bec2
bd76
3031
bbf3
3fba
b84c
369a
3db9
3c26
3933
bfa4
bd6e
b868
3678
3f1a
bc18
bfa1
bac4
bc58
ba04
3f7b
b55a
b476
3d11
bcc7
3e08
bca7
3e01
39bc
b8ba
391f
be2e
3d7b
ba11
be57
d41c
bd83
3d9f
3c45
d6dd
bc4a
b0a2
bdbb
d830
3adf
b43b
b3bc
3395
387d
befb
2e3d
b88f
b2cc
b5e0
2a57
3f18
d418
b657
b961
3f76
bfd3
be0a
ba6f
b8ea
3bcc
3d3e
3620
bf22
3c69
3b37
b086
be67
b992
3d1c
25a9
bea1
3c58
cf70
3b23
3f77
b631
38e1
3c71
4ca2
371d
b88b
3802
bb09
bcd6
331d
b74b
bb3d
bf59
bd42
bd31
3516
ceb6
bcd2
360d
3da7
bca9
bbf5
3cb1
3d29
35a0
3933
b1fc
30de
30e3
3210
becf
bd49
b85b
3b10
2e7e
bd3b
be40
30d5
bf98
3f24
3e81
55ff
b7ec
b9fb
b7b4
2c83
b620
bc53
afad
bc02
392f
306d
be24
3d4d
d7f3
bf32
b610
3c02
24c2
bdec
bee1
bfa0
3f1d
be82
3ede
3854
acc6
384e
3f92
3db1
bd30
bd88
3adf
3a17
5895
3844
3c0f
3cc7
4e30
d365
b00f
b5f3
3e91
39c0
3cd6
3ac3
3fdc
3e39
bf6d
bac3
d189
3d1e
bc74
32c0
d89a
2d38
3aff
be6e
b57f
3d81
bc60
3c63
bf2c
bd82
be09
333f
cd5d
ba34
3d81
ba7f
3de8
bf78
3cff
bafe
b9c7
3a3d
bc07
d792
3488
ad2a
3ece
3fe4
3b98
d475
3488
be0d
3f4d
3b96
bfd4
3e2a
bf16
bd0c
3299
3b54
3ee3
bdd9
d4d7
3dee
3b14
3b21
376e
37a7
3ede
39e0
55f7
b955
bbb5
58a7
b815
bcbd
bfbe
b54a
c549
3da6
bcc6
3c16
3bcc
b928
54de
b494
3e80
3e35
d834
d6e4
bd64
3efc
3e95
3a75
b79e
3d36
3dc5
bdc3
3ea7
3685
b58c
36df
3cb8
363c
b5d9
b6e2
beb6
d504
38fd
3a3d
b8ed
3b6e
bd49
2f87
50d2
39bc
d6de
b642
52c5
312b
3e40
b8b7
baa4
35dd
3b04
38e3
3f16
bff0
3448
bc66
3347
3fe8
d8a4
baf9
be7e
bed6
d72e
bce5
3e42
ada4
3843
aa0f
b829
3e54
3490
d237
3d8e
bf1b
b050
5860
b081
be22
3943
b9a6
d7d0
3534
b73c
bd1e
be2b
b74f
31a7
bf62
b659
bc3d
a1a4
bd7e
3dac
3f1f
3c19
be62
d017
d611
3930
bbfb
ba1f
bcc9
3a1b
d64d
b178
3e26
3ff7
3db7
b8d2
3920
b866
3d27
b2e3
bd9e
bf94
d23e
49bd
b2f6
3d7f
bf88
3f8f
be47
adac
3fb7
bde0
3b49
d476
3fca
3f55
3d3a
bef2
bf24
bd0b
b463
3f3b
3566
b923
be1c
d5fd
3ea2
3ef4
37d9
d277
d683
babd
b8e6
330d
3f2f
5584
bb23
3e8d
3a79
be40
b6a8
b868
bdc0
2de2
3c31
d857
3957
bc0e
af37
3f3a
4c38
3dcf
35ba
bb7b
3124
b937
bd6c
3ec6
b145
325d
bfc2
ba94
bf1c
3ff1
334d
bf10
3b4a
386b
3ecf
38fb
bd94
3ea5
b89a
3cb6
376d
3069
3fc9
be20
b3ed
be45
bf5b
bd45
d3f2
cc78
bdbf
bf89
b62f
d84f
3e84
bdd9
ad55
b674
3513
2b10
325f
bd62
3774
bd21
3fef
b3e2
bfd2
3bc0
b732
be53
9219
3605
b63a
bd00
b064
b9fc
b9bf
33b5
b494
bd07
3fca
3c71
38d2
bf15
bc37
bfd2
bc3b
bfa8
56c2
39c0
beee
3c9f
bd7b
be49
3320
3cc9
3c72
b8cb
35c2
b02e
39eb
3e4e
3cff
ba74
329c
b281
be08
2da1
bc2b
b4d0
bd9b
3f3d
be3c
b949
3245
be92
b5ab
b17c
b3e6
bd14
3a6d
3c4d
bf12
b93d
3cab
3748
bdb8
baf1
2ccb
37f6
bee5
34d2
bcf8
bc18
b840
d58e
4cf0
3a8e
39ac
3f1d
39a5
b966
bbca
4d7b
bb54
bde7
3aa1
bb50
d580
bc8c
39fe
bf16
bfa0
bd9b
35c7
3950
3fce
3ce3
be72
52a7
3837
3c66
ad93
bbcf
bbf0
b410
aca1
351a
3a1d
3efe
5409
d77e
3eb8
b408
57cf
d6fd
41b1
b77f
334d
bd3f
389b
b8dc
bcb0
b90a
3b0c
38c7
3f32
bcec
b801
3e5c
33dd
3e1e
3fc7
b61d
3c96
3c20
af1c
bf3e
3759
b039
2313
b984
3e84
38db
3edd
2db2
d4c8
ca1b
b7bd
bc39
b55a
bf7c
d3ed
367a
aa10
3a4d
52b3
490b
cf2d
3657
c000
be07
bf02
bd60
3cb4
3a18
b7e7
3d6e
4c4b
bc4b
bfc1
57ee
3d48
be8c
3d8b
bace
3cfb
504b
b203
3d0b
3865
3fb8
334e
bd8c
bc33
3aca
3c53
5836
b9e8
3dd1
b4ee
3d03
bcc4
b06a
be63
bd14
b1e1
3a3f
bf58
3b11
3e53
bcb9
bc35
3d89
31f5
3dc9
bc7f
b6a9
3dab
560c
b2c8
3f7a
d405
31d9
b57f
bdb9
babe
39eb
b80d
bfef
3cb2
3b95
a83c
39b7
ba1e
baa9
bf94
bdea
3fc5
b620
5044
becb
3c6f
bdb8
b8f4
3e69
36ca
bfba
365b
3e51
3c25
beec
3d7b
3af0
b015
37a3
bcaa
2395
3ccb
3d20
3bbd
d4ea
3a41
bcb8
3f64
b2b9
38aa
be51
b117
bdea
b8de
3a94
3f20
3c46
3c9d
3bf8
34f3
3f6b
d625
370f
3df7
b7b0
be7b
36d7
39da
58b0
bfe7
b931
b372
ba48
3f3c
be12
3d7e
35ad
ba67
cad1
bc3d
5384
bd96
bbce
3552
bbca
3e01
bba8
2fc5
a5aa
3e2d
b2ec
b8db
3dd0
3cf1
a852
2a48
ba3c
bc16
be8e
3b23
b5ce
bdd2
3c1c
ba26
3dfa
3dea
3da9
be42
bfa4
b8a2
303e
3c36
5432
3b0b
ae14
cf18
ba37
b0e9
3f7e
b83c
3adb
d306
cf3c
d88c
3c99
bec2
382e
b72c
365a
3cc3
3c37
3664
3489
37c7
be51
b884
35e3
b949
bd8d
b568
bfba
bc33
3070
36cd
28ee
3a31
d538
3dbe
b416
b7f6
3c22
38e2
380a
bd49
a99a
bb14
3e1a
3875
3d6e
be1a
38cb
3bf4
3b78
3c26
ad20
bdcb
b952
bd49
bcef
35b7
3de4
a9cf
35f1
2224
b967
22c2
bc29
3599
3e87
3e41
3f70
b9aa
37d1
b5f1
d780
bba3
bcdb
b440
b872
bccb
2f00
9198
3d8b
add0
be74
35c0
3c0b
3984
3db7
b09b
3302
385e
bb57
3ce2
bfee
b881
b988
3c20
3c93
3993
3bc3
3ea7
bf9f
3f2a
3f0c
b377
3b7d
3f44
bfd4
3ae0
3e28
b251
bb98
4fa3
bdcf
3cd5
b011
2f41
b14a
b713
3e98
3faa
b484
b8a8
37c8
bfa9
3b0c
3ff9
271f
be36
bef2
d60c
b9b7
3d6f
3ea7
bd3e
d6af
bee4
bdcb
bfd8
bdfe
38cc
307d
58aa
bef3
b9e3
af03
3238
bb89
b87e
3e22
3fb9
3972
bf6d
3bc1
bd3f
bd51
22bf
3ca3
3965
bdcd
3ac2
3b88
b717
b5a4
31ca
be94
baff
3eb3
bd75
3c2a
3916
3c93
3cb6
b737
3fdf
392e
be22
bfbe
3825
3d79
3d6c
3037
3582
3efe
b84e
3853
d661
50ed
3ead
b42d
35e0
3ee8
3d3f
bed1
affa
b856
bdea
39a0
3cc6
3b80
bcb7
34aa
cfe2
ba77
38fa
be15
bcfe
b5a3
bfba
b937
bcc0
be1d
3e77
3cf1
b4b4
bdef
3fb9
afdc
3793
b79a
be83
24ef
3b11
3dbf
bdff
ba66
b56d
bc73
d83f
3774
ad52
3847
3c8f
5787
b55d
bfdd
bc39
3ec6
352e
3ae9
ba82
50fa
3a0f
b935
3ec4
bbe4
addf
b4e2
3e38
3fe6
bd77
3da5
bea6
2c1f
48e1
2ce6
3a2f
b437
be11
bef4
bdf8
39a7
2fe7
be41
3daa
3a0f
b459
b906
2c5c
bfc5
b821
b630
3a3f
38de
b73f
3ff1
3ec0
3a7f
b826
bbd1
3c05
37bf
be1a
386e
339d
3fc7
b194
bed8
389e
bad5
bc49
5512
bfe8
3d7c
3a5e
3e49
3b1e
b871
3dcb
3963
b5b7
3d61
b221
bf62
b9c2
ab4b
baec
c79c
33bb
3cbe
3cd8
bf3e
bd9a
3504
344f
bb46
b45b
358d
5103
bd75
3ede
bc94
be7a
36e1
3a1f
bce0
ba46
b370
b82d
be39
3842
ba84
be33
229c
bb45
3904
d6b5
3f68
3885
378d
bc00
33ab
3c7a
bddd
52b6
be79
ae33
bed4
bd60
b9d8
bff6
cdb7
3873
37b6
3d3f
bae0
389e
bfcf
bce7
d7be
3f1c
3bf2
3d80
b859
3dea
bc49
bd1c
d4d8
bf79
ae08
bca3
37d3
3182
cb08
b5b2
bd75
bdae
55b7
5345
3989
3e99
3e65
bdcd
3a7d
3cee
bd6a
bd15
5852
53e4
b018
b7bf
3511
d85e
bf50
3ad6
a9cb
3ee5
3a6e
544c
35a8
bfec
bbf7
b2dc
2c25
b645
3bd3
bc9a
d885
b018
3e8a
b72f
2ccd
965f
3ee1
bde6
39a7
beed
b442
bea0
343c
3b5c
3cbe
571a
bb04
3a79
bf71
bcfd
551e
d4c4
ba0b
b1bf
bafe
39ea
b604
b97d
d25c
3d4c
3b26
be74
bd2a
bbfa
d738
bec9
324a
3d57
babf
3f9a
bded
bd7b
bf0a
bda1
beef
bd38
3d23
ba9b
bc11
b74b
3a42
3a71
d6f6
bc68
bc99
2dbb
b3ec
37c2
3b57
3e1b
bfc7
bbb7
bba7
bcac
bf07
b87b
3b7d
5505
3fca
ba42
bf6e
5881
3a06
3dcf
30b8
3d04
5518
afdd
3e0c
3c97
bfb1
3d62
bd2a
302a
bd3b
b4f1
3eb4
bf08
bfaa
3c90
34b8
befe
3aa8
57ee
bbd9
5177
bf10
bc99
bf88
bec9
bf16
3fc5
d255
bf33
ba61
2ede
3f0c
3d60
afca
bd48
374a
3fc7
3d24
bc30
398c
36d7
be9d
be4f
bf76
362d
b6cd
57b7
b976
3e98
3b46
3dc8
39fb
2987
bdee
3ed8
3de4
d64e
46b9
b984
3ca0
556b
bb8c
3c63
b013
3ec2
3da2
bc35
b6e7
bd1c
3af6
bb2a
af8d
555d
b6cc
3ceb
d1b4
334b
2dbb
3b24
bc70
b9a2
b064
3914
3fb0
bdc7
ba32
b9be
4e8c
bb8f
bd11
4d06
bb44
b8aa
bcad
3e29
3772
bd29
2ae1
ba92
bdf8
bce9
bfe7
bf00
d687
d08b
aa3b
bee9
becc
be5d
bca7
bdbc
b834
390b
35bb
3906
b911
3cb3
d719
cc15
b4ef
3cf9
d2eb
bdc2
3b75
3c5f
3af3
3c3d
b8bc
360a
3fbd
bda0
ba3f
3ec9
3e1e
3fdf
4726
be5c
bc65
2d45
391b
3efa
3d55
38f6
bc57
d367
4fea
58aa
3ee4
3940
cc23
bd46
3fba
3bc4
31e7
bd51
bfd0
3809
35a2
b579
360a
3fe4
3dfc
d405
bf0a
3bbf
3524
b9e9
36ad
3bbf
bee0
39ac
bb5f
3e54
bdd5
300e
b467
38bb
acf1
bca1
b495
b639
57fb
36d0
55f9
3638
25bd
3c24
bfc3
54a0
37a1
b676
b0f2
3e95
3f2c
55d7
3faf
3d42
d599
b14a
bebc
d7a6
bc9f
540b
3c0c
3ca4
3c28
3696
3dce
b9c6
37a2
520b
baba
c6d2
55e4
be70
ad58
bc68
b011
bc81
3fb6
3b7f
bb17
bd7b
351c
d053
d8a6
3d7a
3cd0
ba77
3ed7
5718
379d
bcd3
3d04
d636
3ff1
b39d
baeb
3a33
3ef1
34a3
bed4
3dcf
b89b
3d6c
b912
3c94
33c6
369c
3c39
bc08
3f9c
3f60
3f39
3b5c
3e4f
bcc2
3d4f
b960
b85f
3f08
b889
d705
3e81
d407
ba80
b9f0
3f71
b74d
3e3c
3fa3
bca0
3d03
b9c8
3fb7
bf51
d4e4
3664
bf76
3f60
b6bd
3827
49b8
39e4
3eca
3da5
bd56
397e
b30c
3a9c
d836
d472
b32e
bab2
bee9
3f5e
38a1
3962
b997
3e8d
bdf1
30d5
548e
536c
3fa4
3cbc
30f5
333e
a2d6
376f
2f69
3c3c
d4d4
3d99
3ccb
3fd7
3a28
5417
bee7
bc62
bd35
3d2e
3d01
bca2
b5c4
bf91
b6b9
be2f
ad59
aa8f
3ee8
baa0
d4bf
b9e3
bbfb
3f24
3f08
b8d3
3dd1
3567
bd23
bdf5
3f13
3dd0
bf72
bd81
bf16
3c04
3573
b384
3517
bdd5
3807
3d66
34b4
beab
3fd1
b847
3c5a
b902
b5f8
2cf7
d86e
bf99
bea8
be24
b585
be02
3c28
d603
2b83
375d
bc16
3c4f
525d
38ca
3737
b9b6
3995
3ddb
4d08
3c9d
bfa7
b6fa
3f7f
ba6f
3dbf
395c
be86
3819
37e9
b5b6
3fcc
b70f
3a5a
3997
3eab
b05b
bdb0
ba1f
31f9
d577
bee9
3dba
bd6a
b2f1
3c45
3b78
3cb4
bb98
3da8
bd16
3f04
3e09
391f
b0bd
3e71
321b
9df6
bba9
bf00
b6ba
3d32
3d83
3edd
3c2c
bf01
3ce9
3b9c
beec
b452
bfc3
3bf9
3650
b720
b739
3049
3f47
3b44
d74c
3da5
bd83
be52
252c
39c2
b4b8
3fce
b7dd
3957
bf4b
bf0e
3e9f
bfce
39cc
3bbe
bee9
35b2
37fd
bdc7
332c
3f10
b761
3f15
becb
2d60
bfb8
ba92
3bda
ba97
451c
3924
3560
b417
3915
be1e
3f65
b739
3682
ba5a
d43c
3b63
bfd0
3412
3d70
d87a
b052
3a45
3efb
b4c6
3882
3c11
bd5d
bf92
bf29
bf9c
b9c3
5621
bd31
b068
b403
b92a
3ed9
3fbb
b991
3866
ae95
3e32
573a
3b8d
bec3
b412
380b
390c
3eee
3b46
3552
d204
be03
bde1
be5d
3dd5
bdc5
3289
3a1b
34db
3ed0
39d3
bd7e
3d6a
ba17
38a6
b512
ad3f
39b2
3750
3c05
3fe6
3a45
c923
3555
b412
34c2
b861
be01
b641
b991
3bd3
3a6c
b5f8
bc8b
3f88
bc6d
bba1
34e5
3699
bf33
3ad1
b7c0
bf38
be0e
bc1b
3eaf
3a7d
3d23
3cc6
bbee
3bb3
587c
3ea4
d723
24e1
46d9
bc4f
b313
380b
3109
3c4a
51d4
3c00
3c85
ba4a
bc6f
b680
3e3d
b207
bd67
3dce
d393
3883
ab89
3332
be71
d46b
b8f7
3f2b
348d
bf03
baaf
bdb6
3d4f
3121
b01d
bfd6
bafe
b763
26ad
b007
bda0
3f3d
3e9f
56bc
3ed8
3839
be4b
3a4c
2e31
d639
3e4e
3c9a
3867
b835
c4e4
38ce
3d6c
55af
3981
3bce
b8e2
b950
3c68
be50
bd91
bdaa
bd09
bee1
b8a2
3c31
3c9b
b822
bc23
3ff5
bc53
38bf
3e4a
b79a
bbe7
39c2
5867
3f1c
297c
bc95
3e19
3f3f
bfed
d47a
395e
bd28
38b5
3afd
3984
3408
3d4d
b7b2
3fcd
bc85
2af9
b64e
3e26
3a43
b5d2
3dad
3eed
506d
bbd3
551a
b8b7
3f95
beea
3e25
d7c0
bd25
b89c
bdef
3fcf
bc0b
bc1a
308c
3ea5
3c49
343d
3d57
bfaa
3ef1
2d20
3f8a
bcbe
bde0
ba79
5467
29d0
3d15
3a31
3baf
3c8f
3717
39f7
b8ee
b421
3a37
3d5f
3c8f
b6af
b41d
bba6
bc2c
d776
3df5
bff4
b773
3f85
d88b
3e29
3e30
395a
bd1d
303d
3c25
3f4a
3f2f
3c57
bc83
2d32
9f8b
39bb
3e63
48fc
3d0e
bd40
c578
b6e8
2305
bc28
3881
3c7d
3f88
b96e
3c4b
3d2b
3f89
335f
af46
3e86
3e68
bb12
3faf
36d7
3d09
2a58
39e4
bde7
ba92
5463
3d0d
3d19
b13f
3df0
38a2
3232
3cff
aa19
22aa
bff4
bf6a
ad47
bf79
b82c
beed
34f8
b8f4
5542
bce0
3c08
3bcc
3f5c
b45c
b883
be46
d5e1
3f4a
3bdc
3253
309e
bcb6
3d1c
3948
d67d
28bc
3e5e
3c60
380e
3e56
3153
3c27
35f2
377d
bf66
b296
2790
be96
3b1c
d2b9
5845
3a67
3e86
3ac6
b98e
ba66
3e56
bed8
bf26
39d9
5545
acb0
3ec7
3e4a
bff7
4176
bd50
27d4
3e3f
bd35
d831
392b
316b
d430
5580
bb91
b90d
b0fd
3fd5
276a
3f56
d3a6
c007
b8ae
d67b
bb4a
3ce3
3ea4
45c0
3d89
b0b6
b90a
bd7d
bb79
b614
d053
bd66
b41a
30ba
3dd0
3f17
212c
be79
3c2b
33c0
3ed6
bbe9
3f45
b930
3269
b089
b98a
b8c4
bc9c
d622
bc2d
36b6
32d1
b4d1
3b5f
d690
b8ca
3e20
3962
bf5a
ae17
3048
bf2f
b9ad
b3fb
bebc
b190
bf1b
ba1f
bd56
3e94
b323
3ff9
be79
3eb0
3dfd
3b0d
bc33
3eb9
bba4
3bbe
383a
368a
3dc7
57e4
bda2
bf74
3b78
35a6
3dac
3a7e
3732
d842
3988
bef9
bfde
2f8a
d4ce
4f7e
37d8
5197
b9af
3d16
c96d
557c
38b1
3974
bf4b
37ed
3282
54ec
bbed
3a5c
b417
bbee
bd4e
386c
bd9b
4f8d
ba2a
b6a8
38c4
bd73
d73f
2b24
bc31
3cf3
b1dd
d703
3cbb
beb6
bf9f
4bda
d5dd
30ca
bffe
3041
3e6c
ad36
d07b
3db9
3af0
3ed2
bfee
35b1
be8e
bc5f
b2a4
b999
bb5e
b7fa
b6d5
3b22
2ad9
c9f1
bc25
beb9
d250
3c01
5443
b8bd
3f59
b821
ba5e
bc4e
bf41
bc44
cbe6
3f4e
b4f8
3f66
b43a
3d8b
3850
bf3f
3b16
b90e
bfa8
57bb
bb0d
b83f
3ed7
38a2
3f73
bfaf
3ed4
3d00
3d48
35c7
bdca
bd4c
bc36
3f5d
b851
3f89
557c
3c41
bcd2
38e3
b42d
3e93
38b3
b76d
3c05
be63
314d
b4cb
3927
31e4
bccd
3e9d
b429
b87a
b990
bac7
3fb0
bd40
d730
283a
584c
bf54
d810
3a9c
b916
bfcc
3e1f
3811
b98f
39d7
3fb0
b69d
bf5c
bc38
3dc7
3b93
3b82
3f51
bc9d
3ecd
3ac5
b269
bf9a
ba89
3dfd
344b
1cc6
bd88
35ca
b576
d7a9
bf36
b977
b74e
b4e7
b99c
3302
b189
bd64
be2a
3a03
b7d6
3914
3e93
9db6
3e51
3fbe
3e4f
2e70
b452
bfae
b80d
bc95
b944
30d2
3883
31c1
b634
3f62
bb47
3861
bc29
b909
3f36
bb4e
3fba
3ec5
bf9f
3a43
ba3a
384e
bd02
beda
be69
bedc
bf06
3823
3d3a
b560
52e8
b8da
bd40
b5bc
b505
3f1f
b0b4
b9bf
3105
a59d
5060
baf8
3c05
bfda
2142
bdf7
bd95
3d24
beb8
be9f
d50a
3611
a617
bd19
bba3
3c71
bc7c
3e00
bf49
3dea
3d47
3e22
ba9d
3fa1
b653
b2c4
3c08
50af
35d3
3fcb
3c77
b674
b6bd
3e13
bfb3
bc1d
3e7c
35f4
bca8
3e21
3ec3
3e7f
3f74
b9d5
3e60
3d82
3d21
bfe5
3e29
3590
ba32
b818
ba6b
3de9
b06d
babe
bdd6
515a
be40
1c93
ba13
bc2d
5847
b999
be05
baae
37e4
3aa0
3976
b9c5
3cff
af73
bdb2
ba9a
bf01
b881
3afa
bdc8
d50a
3ec4
3e66
bbef
3a0f
33c0
3c4a
adfb
3c3c
3d06
bc38
34ee
d858
bcb8
a7f9
3c7e
cb74
3d14
343a
3b09
bcdf
4c92
3b76
b9d3
b9ae
3c1a
389e
3b24
b721
3b67
bde3
b63e
39cf
3db9
d891
b5b4
38f0
3bb2
d567
be80
3a2d
b848
3730
3ec2
bc58
3b65
bfc3
56c5
3fe3
b182
d65d
b975
3f88
bebe
3662
4bc1
3acd
bd69
bdc5
3cc9
31d0
bd72
d788
bbee
b7a0
3554
bce0
3c14
ad22
b8b0
bca8
3b78
3c71
2c78
3d29
2f3f
badb
3b5e
56e4
3b27
3e67
b9f8
3e14
bfef
3b53
3592
bd1c
3c42
3e74
30de
3a1c
5232
bc9d
be12
3bc8
3cdd
b717
b9a3
3930
5817
bbc0
bc09
34ec
3c1f
be87
3f87
bd93
3d51
bfc0
bbac
acd2
3fff
b71e
3d8c
3afb
a541
b8cc
2c91
369d
b99a
3e06
30f5
baae
bf39
3e5e
bf10
bd37
4c4f
bc94
329a
d61d
bfa7
35d8
2e80
395b
b9f4
b724
baba
bc00
3e2e
3b54
39a6
d69a
ae99
3f8c
bde7
3c36
bf7b
3223
cefd
3463
3d6e
3d64
bd6c
bc1d
b52f
bd4b
2afe
38e0
53a7
b43e
bb59
bce3
b45e
bcba
3dde
3894
3cfc
36a0
b88d
3e69
af0d
3ea1
bb90
393b
bce2
305c
bf29
be4f
b855
bf4d
bf06
bdba
b5c3
a8a7
be91
be1d
bec8
bc9f
35a6
b077
bcea
3c3c
3dfa
b6af
3d15
b861
b8ee
3acf
bd46
3bfc
2f95
5782
396a
be9f
343c
b8fa
bc3d
bd0a
bb12
b9ea
398b
b4ba
3795
3d6b
d71a
3f91
5884
54b2
b4f0
3ea0
bd37
b2f1
3fdd
3db0
bea9
aa9a
3c32
3246
3a98
bb5b
3a53
353f
d496
3c1f
3d21
bcc7
3db0
bd63
b5e8
bfb3
b877
366d
3e98
38e1
b377
3411
3cc9
d095
56db
352a
2afc
3de1
bf52
322e
58aa
c2fa
bdc8
b7f9
4aad
bf85
be88
97c7
383a
3deb
b346
3f5b
bc30
3f3b
26de
3bf1
3e37
4e60
bfc9
3f46
b77a
b621
bfd9
556d
3e0a
beb4
b108
3d47
bd13
3371
3b7d
3f55
3b12
bc15
be85
cfc9
3ee9
bd32
be10
b90e
b627
bd7c
bc51
55b0
be08
bf42
394b
b126
b554
bcc3
b66b
3a76
5332
3a14
b9ef
4c8d
397a
3234
5249
5607
a184
3162
b1a5
d827
aaf8
366f
bded
bf18
bca7
386c
3d05
b8b0
3f61
3de2
3b36
b6a8
3eb6
ae4a
3a53
3b90
be20
bb7d
38e9
bf12
3ef3
3e0b
bf86
3f7b
3b85
bfb5
54e5
b166
bf80
38c6
bbed
5810
b980
33a9
bd2b
3eed
3f9c
be28
3f72
3a40
baa0
cb8a
3b01
3a65
581d
39e9
3957
d473
bc57
3de1
b623
4b92
bd0a
3f95
395a
3aa9
3a1f
3ff3
be81
d52f
3cbd
bdca
b257
3fdb
b189
39b1
b9fe
39e3
b2ed
bcf6
b7de
3ecb
bdfb
589e
3a44
bb7c
3b5e
3e8e
3c6b
af55
3e4a
3916
b98d
537a
3589
bd91
bfe7
bec8
bd35
3959
3a4e
3c50
3c2b
3b5b
3d35
beaf
bce4
bda2
3eb2
2b6f
bf1e
3c07
3af1
2f6f
bd85
bb5e
2879
3b56
3c00
36d2
3816
d2f7
3552
3ff4
35ab
30cd
3f19
bd8b
31a9
3b67
3a30
3d35
bfe0
569a
39e2
b650
39bd
3459
3f57
34d9
bc71
3532
d3eb
3803
b9d7
3f5d
39bf
b903
3ca7
3d06
3973
2ff6
bf9a
3c50
30d2
39e6
b91b
b27a
3ef3
3d95
3d5f
bd49
bd47
3cc4
3fe1
bf2b
3eac
d899
3d09
3e15
cefb
b20b
bf08
be2d
3b0c
bd14
3f2f
35b0
2c9a
3fe2
4fbd
3c88
bb3b
583d
3d01
3c05
b81d
b9d3
3ccc
bc79
3b0d
3fc6
cf21
bc79
3ee1
347e
bb4d
b8c3
3e36
3af5
bd07
3dca
4c07
a9ab
3c55
3bd3
be3c
3c1d
3f89
36ec
36cc
b350
3c98
bfd2
bd23
bfd2
acd3
456d
bf44
3cf4
2f84
2e5b
386a
3f0e
b0ae
393a
38cd
55c3
cead
cf30
341c
3fb6
b842
b864
bb6f
bfe1
3e0c
3b9c
3d28
37bd
3b85
af67
5498
500a
bec7
d0d5
d4ab
37c5
be87
3ad0
be41
3c12
3af9
353b
27c1
be91
3b46
bf36
3ccc
c925
3c9d
bc68
bc54
3832
bd50
be07
3faf
b016
392f
2e2c
a851
bc9c
b11d
bf8d
3ee8
bc6a
bc9b
bd24
3e72
bfb5
bf21
b65d
3d64
363b
391f
bc69
b189
b8df
b8e4
d564
3f1d
bbf8
bd6a
3872
5554
38f2
3bfd
3dde
3d2f
3dce
3e0a
bdd8
be77
be62
5810
29bb
4ee6
beaa
3db5
b356
3fb7
4fb7
3541
39af
3aa0
bc03
bc6a
38f4
ba96
bf66
3a1f
3c4f
3874
b0a4
3d85
bdfc
b651
3915
ba72
b712
b310
be68
3b33
54d0
b32c
a395
b91d
b3cd
b866
b612
3e4a
3f06
a871
3c78
bdd1
b5b9
bf59
beaf
4c4b
d36e
317b
b795
bf37
bc2f
b96d
38e6
bfd2
bc1f
b743
2d16
ba67
3fe8
bc00
bec6
b3e2
45f2
52e4
b49c
3f50
393a
b3e4
50b3
bde4
317c
51be
bee1
b7ec
390b
3c3c
384f
3146
bb5a
bdf1
88b4
d44d
b30e
be74
bef1
ba67
3c49
b852
35ff
bcf2
bc3d
3eb3
b9fa
3a7b
3b97
3fc0
bd06
bc93
379c
3d86
b13f
bc3e
3fc5
b6dc
3e9c
be70
b346
bfed
b192
d730
3fdd
3b30
3f5f
3ee6
ab53
3d56
bb4a
b525
3ccd
bdd3
bc59
3373
3c11
d472
3e3e
be7f
3d29
2ce9
3ed9
b5dd
bf2d
33a2
3fea
3e00
3d05
514a
b764
30bc
be3f
3d58
bc09
3940
3525
bfa1
ba73
3c22
bc0f
bd79
bf93
bba3
36c6
5724
b522
38ac
567e
3dad
adcc
b0b0
3fa9
b970
bbe2
38c7
d0cf
3c47
bfd3
bda1
bd82
bce1
ba49
bdbf
5688
3cd3
1188
ba4a
3d7c
3e2a
ba36
39b0
3722
3c83
b716
b8a1
3ff0
3635
bd3e
3c22
3cef
546b
2cce
bcc3
b92f
3e19
be11
bf4b
3e43
3e3c
a5b3
b505
b9a7
4cf2
bb04
bf31
be4a
383a
3d03
3a77
b959
360e
bd7e
bd1a
be56
d747
3d06
b627
ae35
bb25
3ea2
5063
b954
b236
3e99
3c8a
be05
3430
bc54
4000
beec
3d97
3fe1
d401
3e4c
3cb2
b399
3b61
b883
bfde
3c00
b9c5
3225
bdec
3fc0
b28f
3cb8
b509
3c3f
3a1f
3bb7
bae5
394d
b917
3716
3700
bb7e
383c
b385
36d6
3d7c
3e48
3c01
3bd3
3f70
3a20
bb31
38cd
bd7e
3f16
3fb4
becf
b298
3a5c
cb12
30d5
bd8a
3eae
2d3e
bc3c
3e72
4ec4
ae45
b60e
348e
bd36
be40
3fef
3ede
3d78
bf33
bbb5
bcb7
3fba
d63e
5447
b9ea
b7ed
3e7b
beba
38ec
bfa0
3c0d
bf49
3e2f
b54e
b2db
3e9c
3dce
bf76
bfd6
bd4f
b70a
3b18
3d5a
52e4
b90c
bc92
bdcf
bf7c
bcbd
3a33
384e
be47
b72d
bf35
bf88
380c
ba1f
3547
3fdf
bb42
3b06
b700
bd44
3be1
5771
b498
3ca1
5613
29bd
3e5e
bbba
a897
2a69
d4f1
3d6e
bc97
389c
befe
bf08
baa3
bd8e
bb5c
3872
384e
b858
bc8c
3f08
ba8d
3a54
3e3a
bf1b
39d4
bcc8
3b31
3a4d
b51e
ce07
b842
b871
3fdc
5584
3cae
3926
3b70
bec8
38b9
51d1
2c30
ba15
bf08
b712
4690
bfa8
39f9
bb96
3e12
bc78
392c
3a74
3d3e
3ee4
bab9
50c8
5494
b7bb
3505
d7ff
57fc
b674
5138
c0e2
39b7
d1e8
4c82
bf94
b88d
b506
3cbc
31bb
be5a
3d3b
35dc
bda3
b485
388f
3cfe
bdda
3ff3
bef4
bb89
3d23
b8e1
b9f9
3c84
3979
be09
bc7a
35a9
3f9c
bafa
b801
be59
3bc9
ba06
b848
bd37
3ddd
2aeb
38cd
b431
4f42
bc22
52dc
3d7e
3334
bc7d
353e
3a66
b02f
3c41
d3b3
b1ea
3b23
b983
bfb7
d469
bd67
3d25
52e8
be82
b4a5
bf4b
3928
b80c
3958
573b
2ad5
3cf0
bff0
b51f
3c3d
3e58
3e61
be09
3ee0
3994
3d82
bd25
32a6
3e94
3c32
3cae
2d1c
b1db
beaf
3b3d
3e2f
b9c0
b22a
3ea8
d61d
3cf2
4fbe
bfa7
3e5e
3e9c
c79e
d818
3f7f
bbab
3d2e
3895
bcf3
5018
358f
3737
34d7
be11
bd38
3f6f
3ced
bed8
3c27
bc2d
bc8b
ba61
b8f1
bd35
bbcc
349d
3d76
3e49
38bf
3f1f
3aaf
383c
333f
bc07
bc35
2f81
52c8
b9f1
bc64
2e96
bcc9
3c72
3930
3cd0
bedd
325d
bf55
bec9
398a
3cbf
bd5b
d858
be58
3d2c
bbc6
bd62
ac95
53cc
3c4c
3e9e
bcfa
b7a4
3ba1
3a43
bd24
bc8b
b7f1
bd8f
ba87
b479
bc83
3a14
57a2
b999
bac0
b9b8
3e19
bd09
bf4f
3968
3c14
3924
bc76
3dc9
bf84
3fde
b125
35c2
390a
bf5b
b924
b6b3
378b
2212
3dc8
bee4
bd79
b08d
3f23
aff9
37a2
3590
a7ea
3520
3df5
bcd0
3fea
3d11
34e3
3501
3951
35e2
bf5b
290b
3d66
36b2
266b
3fe4
b824
bae7
b0ce
befb
2ca6
389d
ba75
bfe4
bfb0
545f
3c40
bd6d
3c60
b849
ae65
3758
349c
bdd3
37bd
585f
3c0f
be83
3f0f
ba78
bfa4
b15e
3560
bea3
319e
4b4d
bb66
58ab
bca4
bd3c
3f8e
3db4
bdc1
bdc1
38b4
3802
3cf6
ba1c
b2d8
bf88
bf59
3fd3
50d1
35ba
3d8c
46f4
3ac9
38ed
bb72
3d27
b3b2
33e0
39a9
54ab
d56b
3167
bae9
b9fb
575b
532a
b749
38ec
3770
3ca4
ba04
3e23
346d
3286
3f7a
bf1b
b833
3ee9
2d54
37a3
3e70
3510
340e
b791
3904
bd1b
b02e
3e38
3e89
348a
bb9a
bffe
b766
344a
b893
3879
3b48
bf4d
b8ba
ad6a
bd5e
3440
37e9
3e02
bf68
bd9d
bbb8
bb9b
b833
3779
3dc2
3c99
bd3f
3daa
b04c
bc56
3f7b
bb9f
4897
35b4
3c9e
3c0e
3d7b
bfe3
bbd2
3eab
3e19
3a91
353a
c797
3e83
b6d0
d719
bcdb
bf16
3401
3df6
3d1a
399e
bd76
bdbd
bd2b
3dda
be12
39d9
3da9
ba4a
3f81
37a5
bc08
3e96
3aa4
bf48
b8c1
3d8f
d19a
3b9a
be94
39b3
3e1a
3ad3
d54c
3f47
bd20
5076
bc18
3f6c
3f9a
a7ed
3b65
bbc9
b469
d463
3c06
d349
5672
379f
b9fd
3cf6
bfb0
563a
3f95
b815
bcaf
b919
383e
be49
b248
bce7
3ccf
b822
bed6
b9f4
b2fb
2aa8
bf4e
b835
bf0e
390b
bd68
bc29
3f60
bf14
bf0d
b1a7
3c92
d26a
322c
3b76
bb68
b853
3cff
b025
3865
3f1a
3ba3
3d0c
3e57
bcec
3757
ba60
53d0
368f
bec9
3094
3815
3bc5
bb8c
b61e
3a6a
cd98
b5d1
b8c5
be24
b4cb
3a60
5636
3d50
3fe9
ba69
bb7b
39e9
3d37
31b1
b216
3f6c
b675
aba0
3e76
3f56
3a85
bfb8
bc60
384d
256d
acda
b357
3e4e
3e40
bf65
3b8d
bd1a
3f9a
bf4e
9e59
3df2
33a7
ae78
3c4e
d615
b5e6
3fb5
bf45
319f
3ba6
be74
3b2e
3802
570b
a695
bdc7
d872
3dd9
bfd7
af0d
3e12
3f22
3c3c
bc29
b61c
bfb7
3d47
3cbe
c7d1
d1b0
bea9
bcc6
3db5
3b14
3d90
2e29
36d9
3c0a
becc
bc6f
364a
3e0e
3e5a
3c6a
3919
3e50
3c87
3e42
3d07
bd20
bc6a
3f34
1918
3d20
374f
2820
ace4
3fac
4276
32bd
3d65
bd09
23aa
5450
bd20
3dc6
3f96
b588
b3e7
3b47
bf02
31d4
3f53
3ae3
3267
be49
bb7f
3dcc
bcb7
3c9a
bb38
bd67
5359
b4bb
bd7f
d40c
3abc
38a1
bf2a
3f91
3e8a
be43
388f
bcae
b859
bebc
3ce8
27f4
bafd
bdf2
489e
b940
383f
bfd9
ae9f
3646
bc37
3d2e
3c2f
bba5
b03e
3a71
3ed8
d588
311c
b536
3dac
3d78
bd32
3b14
bd99
3eea
b346
bd94
ba91
b819
3941
3814
3f3c
3a43
3ed9
3949
3bc1
3ea7
b9d6
391d
b2e1
3c28
389c
3d95
bcd8
be66
c6d0
3af2
39a1
b7d2
3a56
3941
3fa1
bf38
393b
d507
be2b
be65
b8f0
3599
34f7
b5ed
3c86
3b84
bbe8
38f8
be17
5187
bfd9
b983
3562
bfb1
3fab
3ff8
bf8f
3554
be36
d51f
bc69
3b79
d4b3
be2c
bf7a
2844
3b98
3f57
3b5c
3b32
baf0
390c
bf9b
3fad
bc38
3835
3f79
bbae
302b
3b99
bfd6
d830
b634
39e8
32f9
3b4e
b648
d826
3e62
3802
b80d
3244
3671
bfc2
b8c8
5490
3bab
bd1f
ba8b
bff6
3b3f
36df
bb8c
3b26
1d75
bd1c
b950
3b25
ba34
bfbc
bfcc
3d0f
bc0b
3953
2b82
bc9c
3ba0
d89d
be24
b837
3b64
3fb6
2504
39c8
bbcd
bba5
3696
b8b5
3873
3c13
3ffb
b809
3085
a95a
bfe9
d440
b29c
abae
b7ee
3e81
3f03
bf2c
d360
391f
b912
3b50
b2e4
38e0
55c7
36a4
3c14
3952
bd53
bddf
bcaa
34ce
bcee
3d48
d74f
3e12
36d8
bf5f
3d1b
3bb6
377f
bac0
3835
bf39
b9d4
d896
afc4
3863
3d7e
bfdf
b8a4
3f85
3806
d7de
b28c
bcb7
d47e
3ce8
bed7
3bdc
3c50
55a8
3f5b
bedd
aba5
b3b7
b5d9
36b3
3dcb
ada3
3b42
bea6
b858
bfc8
be66
58a0
a8d7
3fbb
2859
565c
5052
3d23
309f
be20
b92c
b8a6
3ac1
39dd
b49c
bc02
bf13
3957
b593
3e30
bdca
3b01
38e5
3c29
3d23
bfb5
3d5a
3d2f
bd8e
be54
3d3c
124f
bd82
1edf
a8a5
bcd4
3539
bc85
35fd
3fa8
be29
3fc1
b879
b68a
bf6c
383a
bb7b
3b36
bdf6
bce4
3f4c
3c53
b9ee
bdd4
34af
bf25
bcf0
3ea1
3f31
394f
a89a
b837
3d8b
328d
3a81
ad89
b2ef
3c79
4d6e
bc19
d098
9b57
bd07
b93b
5756
bda2
d834
587c
b6f9
3606
2dc9
bf79
bc95
3aec
3bf9
bdf3
b8dc
bddb
3989
bc4d
512c
350f
bbf0
3fbb
d808
b8b2
3cfd
bc0a
4760
38c5
3876
bda0
d0e6
3106
3ef7
4cee
3e93
3b60
35d3
3cff
a659
bbf2
cd57
b99b
36e6
b52d
57a8
bfba
35e5
3c21
b9c7
34f1
3902
5440
bd9c
3fbc
4855
befa
365b
b6bb
3e5f
50b7
2819
af11
3baf
388c
3147
b70d
bae9
be1d
3ce5
bfd8
b98e
3a63
b9f3
b268
cd0b
d31c
bb8c
266d
b980
3b2e
3f31
3c18
3eb3
3b2c
d65b
36f6
addc
b86f
3b35
cc00
bd7d
3b0d
bec8
2d10
3bf3
b40e
36fa
ba7f
d326
cd4c
3fe0
2df5
bfb1
317a
bad9
c675
3b8b
bf53
b840
3b3f
2aae
3e56
b771
bf76
3e62
5844
3bb4
5569
bed1
b981
3942
3ace
3ec8
b845
3d97
b8de
341d
b948
3c62
be84
36b5
3392
b6e5
3abd
bf3c
cad1
bc13
aa72
3cb1
31f7
ae9d
3011
3faf
29aa
bf76
3cea
b77c
bee9
3172
bbfb
36fc
bfaf
396e
39f3
550d
2cc7
3f50
3af8
b428
3ede
3fbf
b40b
bdd9
3910
bf48
5155
3d97
54b3
bdd2
b5d8
24ac
39a3
3b72
b6e1
48f0
3f90
55ac
3b33
393c
d6da
3ac2
bf9b
d59a
bc84
38ef
2436
3f80
bf5f
ba12
3ffd
3f4f
3eab
be16
b9f2
d467
be96
56fc
b61c
3cd7
3e24
4f64
bffb
3ea8
3d85
a8a9
bcfb
3659
bc42
ca9f
bc84
3ae3
bea7
35b7
bb33
3d4b
d7db
3d4c
d658
3e78
319a
bba1
d1cb
3679
bbae
babe
3b2c
bd99
a9f4
389f
b957
320d
3a7a
bd35
bd29
3c32
313b
be42
bc3d
be8e
d87c
bac3
3906
3787
3464
3d82
3d3a
3e7a
57fe
3b91
d597
582f
bf0d
3e6e
bae3
3e34
bf76
3e19
af8e
3e53
be6b
b9d0
3ed8
b755
d619
3def
339c
bdcd
bd5b
3668
ba5d
3c63
3851
38fd
bcb5
3e83
b90f
ba5c
3dd8
bc4c
3df2
b834
bb00
b995
bda6
3fc2
be3c
bd0a
bb1a
3e0f
befb
b020
3e79
53ce
bc22
d80b
284e
bd62
3e26
3e23
bd94
b8b4
be46
531b
2e72
b6c9
3ffc
b9c1
3fe2
ba2c
3d75
5053
b908
bd2f
362f
bec3
3cfe
d5ae
bc52
318e
b809
b7c0
be21
bf0e
bbd1
3abb
3f05
3e57
bcbc
3d13
d2b9
393a
3ec3
b3ec
b816
bb45
bc38
bfb6
3ff0
a90d
b410
bf6f
b81c
3dc9
360f
bdf8
38c4
b8e3
baf4
bd18
5858
be3c
35a6
3eac
baca
375a
3d93
b039
3c2a
3b7c
3739
3c0c
be8d
3fff
3ef2
3959
b801
d1cc
bf1d
3e9d
39a1
3709
b449
3ff3
3f3f
3ce9
b24e
d393
38bc
bb1b
beb3
34c0
588e
3fff
2dd4
319e
b494
2e08
3c5b
b92e
5557
ba59
5746
bd62
5808
2cef
bbe6
bc23
3d0c
3cdc
d70d
3f12
3f8d
bda0
bd48
be69
bf3d
b866
3cf9
3c8c
a413
5679
beef
386a
3fba
bfa2
ba92
2e82
35af
3f84
bd10
30ad
388f
384a
bf98
3ced
bc6d
390f
36b6
3ce8
3bff
3edd
ae83
be37
b7f3
3fff
d4ae
2e04
3569
33a3
3733
3fd2
35e1
ba88
2ee5
3adc
bbbc
3eb9
3cce
bf07
3c87
a106
bddf
571d
28fd
3e48
be2d
3d83
be4b
3b6d
3d31
bd35
b5b1
ac16
b8b9
4b75
38ce
4fa2
bbbd
39d7
3d24
d500
b7b7
3a05
b18b
b736
be12
3ed4
323e
b813
d53e
32ad
a6b5
a7fc
395e
3a7a
bc09
ce7a
bde3
bc3c
cf39
bf4e
3aca
32e9
ba4d
2b61
bcc5
bfa7
a025
bb5b
3c15
57a9
b935
3f9e
36c7
bd39
3d46
3950
bfed
bf1c
b891
482f
bf78
3b21
3f80
bd8a
bed0
31df
2fa7
d124
3dd4
3fe0
3d68
bce9
b8ed
39d4
3cc1
3cba
b907
b3d7
ba4a
3e76
bfcd
b7b9
3da9
d422
3d11
bcfc
d481
bfd6
2a63
b7ae
39bf
3d5b
3e48
3d03
4b12
3c9f
2f9f
bd46
beb5
3998
3eef
bdbc
5514
b3bb
bbc8
bc42
3ed4
bd89
bc02
bc93
2a31
be25
be3b
3e4e
382c
d6f7
3a51
3123
b527
3aab
d802
ba54
bcb4
be23
bd34
d7f5
bd70
3e24
3f4a
be65
3990
bcbf
3542
bf04
bf58
bc6f
bf00
bb4f
b559
3d30
300d
2549
bead
bef2
2498
379d
3ecd
d4e7
b8b8
3d2c
3f30
d426
2a24
3cb0
3e76
3e0a
358c
3efc
3ed8
a46c
38bf
bdd5
3adb
bf49
3c28
b3e7
ba18
bc5e
3ecb
3d1d
bd33
b4b8
4c43
d506
3e91
bf3c
3d46
38d5
3f40
3f0c
bd35
34b1
3934
3041
3aa9
39d6
3e43
3780
baa8
57ac
bef1
3b3e
3fa0
33c0
3bf9
b6c7
347d
bf14
3e1d
583d
3ed1
b86a
3f1c
39f1
be6a
b990
345b
54d9
bb41
3912
3e5a
3671
3fc7
348b
3da7
ba53
3616
3f88
3dda
bec6
3037
4bf4
bfb4
bfc5
a75d
bb9b
2eac
b256
b4a2
b9c4
bfa2
3c6c
3032
3527
3b3b
3972
37fe
bc1e
bd91
be54
3be0
b801
3c53
bcb9
b8ef
bf78
bd7a
bcd4
3fd5
b45d
bd39
3f24
a67b
5806
ba17
b625
3c16
3a49
c941
3f20
3e5d
b5a4
3da3
3b66
3479
3cd3
bee1
3c2b
3a58
3df9
bfdc
3bae
3893
2b14
3c99
bd53
36dc
bfc0
b1b7
3e39
bdb4
383e
b8e2
3f7a
3e84
53ec
bb67
50d3
bb6f
57b2
3f98
bd38
b98a
be24
3a17
3d68
3eaa
bc99
537d
3c5b
550a
b7d5
3bda
b5b2
b5b4
35a0
b475
3bb7
3e59
3834
bd9e
3d70
3e0c
b848
38ff
3e9d
bd0b
394a
3c3d
3adb
349a
35b3
28dd
3ca0
39ac
bce5
be06
3e21
5878
3e11
bbc7
3dfe
588f
bee9
2e84
bfd5
3972
3fbb
583f
3f37
bc76
bdcb
34e0
399e
ba4f
bf09
3287
3c85
af52
b8a5
b917
be36
b972
bfd5
3a78
35bf
3996
b933
bc60
bac2
bc46
3c45
be79
3b0f
b406
ba6e
bae7
d561
3d66
bf84
331d
bdd0
3818
bdbf
bddc
3e69
3f48
b495
bc37
b692
3a19
335d
bc63
becf
b4e9
3e82
bc3a
364a
bcf1
bca3
3e32
3375
befc
5846
b8d6
b8ab
bf2f
bd52
bc59
3f90
bb64
3fb6
3e6b
3493
208e
3537
3bb0
bf5f
340e
bc51
3c16
b992
3f45
3e00
3504
3eb3
5855
baa9
d00d
2989
be03
3609
3d19
bd7f
d40a
33c4
bef9
b9fd
bd15
3f98
3b9a
b80f
371e
d422
3df3
574f
3d7d
3e47
50ca
b111
3f92
b8f4
3882
bc6f
3ecf
4ac7
395a
3ccf
bc9b
54e2
bd1c
bc88
bba0
3b51
b633
3f12
3ec7
b16e
aa5c
b387
bf8d
3d8d
3b46
3f61
3865
2ecb
353f
ba11
3a4a
3d63
bc03
b996
bf99
b848
bdc5
3cd8
b881
bcd7
3848
b699
b1c0
55a8
bafc
3e0c
38c4
b3ce
bc85
3e73
34f2
32af
bc63
39e5
bcb1
b88e
3e7b
bf24
3d48
3c2a
3ea9
b50a
a97b
bcf3
a767
d806
3758
a8f2
3dc8
bd26
3d2f
3f34
3a21
b725
3ca1
3fa5
331e
39c2
ae03
52df
b738
bf1b
3e78
3caa
d6f3
ba09
34c9
b6f0
b0c7
3e78
bbbd
b9c5
befb
3235
57e0
b5a7
b74a
36a3
bd0c
3fbc
b970
3e93
b831
d8ac
bd87
ba23
3acb
3a4e
586c
bfa2
3ad6
bb1d
3949
3d41
bf58
b71e
3f76
3cf2
3f85
3f8b
3f8e
38f5
b810
bd90
3cfb
bef9
bff7
5549
cdac
b3f3
5470
be0c
3c67
3806
2f31
3b47
3b3b
b05d
b915
3f41
b949
bf81
3507
b70e
bde1
bdbc
3cc7
be06
3e33
bfac
3f6b
ba56
b680
4f50
3839
3fef
306d
3c41
3ddc
b9c7
3f62
3b10
317b
bb3b
3dfd
d7ce
b829
d45c
b86c
3815
b458
bf32
38fc
bcd8
b6bb
b865
3597
bef8
2e5f
3a8f
3c95
b3b3
bf19
b8ed
bd2c
b4c7
3fab
3c5d
bce0
3bd8
3609
b422
b5b5
3f59
b7e9
3bbb
3de2
3f0c
57ee
aca2
bedf
3a2f
bf07
3cab
3957
beeb
3421
bc17
302f
3e13
3eb5
be5f
b97a
359d
b820
3dd6
bf4e
395d
bf07
3b46
3e95
be81
3d15
be17
d07e
b8d7
2c88
3f12
3e8d
a5c9
ba16
ba07
b7b3
be78
2f65
4d29
378f
3ae5
bf28
3ffb
b9e3
3c7d
bcdb
be6f
3d93
b0b7
bede
bc8b
b877
bc09
3e83
b445
3c99
3885
bd5b
3980
b882
3cf4
3e86
3ebd
be1c
3607
5187
bd94
3fba
be4c
3c71
bede
bf98
bcf0
b80f
bf97
3e23
bf8c
bf50
bb44
5272
3cc7
be91
3844
3481
bdb4
3dfa
36f6
bd27
3e8a
bf6c
48ca
be01
bfbf
d871
3dca
3135
d47d
3ef6
b8bc
b4ae
bd00
d407
3c87
3747
ad9f
b4b8
3c90
53e3
36a7
3bd9
336b
b6c2
b288
3d1e
3f3b
3bef
32b2
35e1
b405
b8a5
be3d
bbbf
3c11
3543
bbd1
3801
2943
3eee
d7b6
b821
3b51
bbf4
b7d1
be27
3866
b8d3
3c3a
bf1c
2838
3a9c
bd81
3cfb
3dda
bc80
b82a
be22
3f96
baa7
cfb9
39a1
3a39
3c06
3ae4
3b20
b892
bda5
bebc
a1a0
bc5b
bb34
be6a
bb22
b6a8
3fbb
3aa4
b583
3f2a
bb1b
be35
bfa0
ba7b
3c7d
3fee
d03f
3598
3c4f
252f
3b64
bdb1
bed5
b915
3262
3d6a
b9c6
b544
a6a7
bcac
bf93
3bdb
bce8
bf5a
3b83
bf60
3d21
36fd
bc1e
3bdf
bdc8
3d6a
d5f6
bd38
38a7
3813
d630
39a0
3072
bb25
3de8
3057
b74b
bdea
3c12
3c35
bc3d
b8cf
3bac
d3b3
b9c9
3a3a
3fce
bafb
3fec
b2b9
5228
3cca
9aec
3d7f
3d11
bc96
3748
3fb7
baa2
be98
36ce
b3d7
3a77
3b64
b9b5
3a89
3901
bd55
36e6
bb10
bcc4
b807
be81
3ca3
36a3
b9c1
be9c
d101
3805
3e82
be66
3d5e
b4ff
a811
d0fa
3f97
3f44
ba82
3daa
3fef
3aa8
3df9
31a7
3c61
bc03
3a65
5851
bbf0
bab4
3ce1
bccb
cbc3
bcd9
3ef7
bc33
b2e4
b937
af2a
28e0
3a22
5633
bcc1
25a2
b5ea
37c3
53c9
3adb
3b1b
3d97
be80
3fa3
bd5c
3815
bda9
315a
3d1d
388a
b1a7
3c75
be86
b329
3e55
3e53
3d3c
d67d
bd1d
bfbf
bdfd
3805
3d5a
b920
bfb4
3bf9
3c30
36dd
b9ec
3e61
d3b7
b8a4
3b87
3f0f
ba9a
b6a1
3eb9
3fc1
3604
3502
b296
b9c8
bcc7
bd21
ac36
b49c
3d05
3dcd
3e9f
3a12
3d3f
3b70
346a
b4b6
d082
ba08
374a
be0a
4f1b
3b73
bac0
be37
2c03
39e7
3d22
ba4f
38b2
4b01
3607
bdb2
377f
bd5a
bdc8
bcec
b6d3
bec7
bf2a
38d2
3a1f
3ae8
3f3d
bf30
3fac
bc4b
2aa7
b60c
bfd3
3e04
d795
b4e8
373c
b8e4
bda7
3c19
3510
b43b
bfcb
384b
baa7
bce1
b602
bc3f
3c2f
bd15
b7b9
39ba
3d7a
351e
c934
beab
b2a6
2c6f
b56b
b9f5
54e2
3d4d
5771
bf60
be77
ccbd
3abf
5117
3f59
b7a9
bb33
b0df
3d5d
300d
3ac4
3f2b
bfa1
3f80
3866
b772
3c16
3f81
3e91
3438
bf06
bb35
566f
52c2
3c89
b999
bb40
b611
3198
bd0d
bb5d
bd59
3d66
bf6a
364a
2c0d
be59
b79e
3353
bdbc
3db3
be44
bc86
39d1
39a5
bde2
bd49
b05f
5079
5794
be39
31af
58a8
b6c4
3a93
bc32
d58c
259c
b8d7
bcd9
3379
3e16
d779
9eb5
3b47
38d6
3dc8
bd24
bf6d
32b9
b8d6
3762
2da7
36ef
a635
ba03
3cf0
39ea
bba8
b995
bad7
3f21
3d96
be47
5019
bfbb
3eec
b46b
3f13
3eb3
b9c0
bce2
3a07
3e38
9d81
be03
3bfa
bad9
3bc5
3d16
3fca
beef
bf4a
b454
b8c0
b401
560e
2f3d
b06c
be30
bb92
b8cb
5834
218f
bb64
3a93
3f0a
3dce
b9b0
589d
bf77
bcb0
3d0b
3d95
bef5
b8a7
bc20
b134
bdf5
30ab
3403
be86
becf
32ca
c768
b855
badb
b846
349b
3de5
3296
bd28
3eee
b852
381d
3d47
39bf
b347
39b2
393f
bc1d
be0d
bf86
314a
bd4b
362a
b96c
afc0
bba9
587c
bd6c
b10a
bd21
bb6f
5731
5883
38aa
54ef
3288
3fcd
be45
d050
bd15
a4ee
a93d
bc4a
bc1d
d6b2
bc1a
3d1f
b828
b46a
5505
2f34
bc9d
3b3d
a070
bf2f
bb26
bf74
367e
be89
3fe5
3ad9
bd87
be38
be81
3e4c
3eef
b2f4
d434
3c56
b4a3
3b6a
35c4
3ef4
5079
36dd
56ae
bd60
bdc5
bb28
b8cb
bfd3
b036
37a0
3d13
b206
bc0e
3af6
3ee1
be7d
3db7
be4b
2b48
3dfb
3662
bfdf
bab2
3896
539d
38ab
af54
bfef
bc22
cc1e
be8a
38bf
3463
b51f
3ed2
4fef
bfed
3e2e
a9d1
3c8f
bc7e
bf85
bcce
b97a
3a42
d735
3e3a
bf24
520e
3fee
b805
b506
3c25
3782
3a4b
3de5
bb71
3f74
2edc
d82a
b927
bf5c
af69
3708
55ba
3b8b
d1db
bf18
49c2
bc89
38b7
2c1e
3352
3eda
ad1f
be35
3a2c
3e71
d066
bdec
bdfa
b7cf
3135
bd6d
3937
be3f
531c
3d9c
3cc1
3c04
bfc2
9c65
be0b
9cc8
bc93
ba2d
3ec3
b860
3f1d
3c51
3987
3c37
39ad
517e
3fb9
3f5e
ba2b
b613
beec
bf3c
bba3
3869
bcbd
bf48
2f10
ac2a
bd14
360e
366c
3c60
3877
bf32
38f5
bf15
3fc0
543c
bebd
376c
3f9c
4a25
3c6d
3e65
388a
b83d
3d5c
b4f2
be80
3d4e
3c2d
32fe
b48b
38fb
3c23
aeb5
bff2
bc01
b97b
b268
b8aa
bf80
3a60
2c95
5761
3c7d
3cf4
3e01
b210
b480
3e48
bf2b
3e91
3e28
bb36
3757
5531
be14
3afc
bdff
3fe2
3f8c
bc0c
310a
b80e
d5c4
aedb
2e0a
bfac
3c1c
bca5
bd36
5804
b706
379f
ba83
bf70
3cd1
bc03
3a30
2f3a
2473
4e0d
3e2a
ba55
3828
3fd8
3f7f
b6c4
2fd9
3d1e
34c0
bd29
3d6f
2b7a
3cdd
3c84
bcc1
3f54
baf2
ad53
d380
54b2
3040
3a9a
389a
bd03
d46a
327f
3833
b7e6
3327
be96
b41f
bf73
3857
3e51
bc33
5299
3f6b
b2b4
bc63
b64b
bd4b
bf02
b9c5
3cfe
beed
bbc3
b4b8
b536
b173
bc8a
bd76
288a
3deb
1c48
3ebd
bf97
3c08
aeeb
bb29
3f3d
3a07
3c05
3901
b990
b799
b89c
d405
3584
bcc9
3bba
beb9
bac2
b87b
bfd5
384e
2d07
3e70
23ae
b99b
3f6b
b866
b99b
bb98
bcda
b9ad
3db5
3fee
beb0
3c89
27a7
a465
d830
3e04
bfb5
b30d
3d13
b94d
bfa9
be72
324b
35ff
bebd
5609
3e17
b6c4
3e95
3088
3db5
3a5e
345d
3bb0
bd2a
559d
38e1
bd25
393b
bdc7
bc6a
b9f5
bd91
d246
b184
38dd
5769
bbb0
5556
3a1b
3ec7
ba1e
3538
d7e4
4291
2e9b
3a63
3b62
ba55
b96a
bd3c
be7f
3ab8
398d
3f45
3b2f
2ae0
3954
bf8f
d4e3
5585
b4a1
58a8
3c3a
32f8
ba94
afec
bc17
38ac
ace9
3930
3af9
5895
3ed7
3866
d555
bce9
be0d
3826
3163
b8f9
3404
b16b
beb4
d696
3f8b
d5e3
c905
3e80
be56
b5cf
bf23
b9f2
b1e6
3747
3f7c
bd55
3772
b4e2
368b
34b4
3d1e
290c
389a
3eac
d4ab
be46
3e6f
3de6
b34a
3c7a
d2b7
bd5b
bf22
34f0
bfbb
bedc
bfdc
bcbf
3114
3cf2
3e68
bd23
56a4
3de8
d744
3b11
bc98
aea5
3839
3957
3c1c
b8fa
2e64
b5e4
bbbb
3d62
3d41
bcfa
bf11
afa2
38d9
bedb
3cc2
b9ad
b58e
ba57
3bda
bc47
22d4
af87
b4b6
550c
392b
bb0e
3c97
b878
be6d
3dfa
be6d
bd5b
3c51
39e8
3b43
36dc
3515
37b8
3ea0
b85f
28b8
3dbf
b94f
587a
bab8
b1ab
3f1b
b03e
b80e
3e6c
bc8b
bbda
3dc4
bbce
3530
beb5
bbb3
bdb6
3422
d81f
3d11
54ca
d86c
452e
381d
b210
bec4
3ead
5744
b82f
3e1f
d853
d7b3
b87f
be02
bce5
2a78
b737
3eca
3f99
3fad
bb22
bcd1
3cdc
be59
be0c
3251
39ce
3b22
39d8
bbe7
bdb9
bfe0
b48b
bc81
3c8f
bffa
39b7
b98e
3d7d
3c47
be44
ba03
3da1
d805
bf0b
b50c
3d50
b960
b83a
bc64
c071
3ddc
3d70
3f8c
b345
3f3f
bce8
aefc
bf2c
3a90
bac9
34cf
3d37
3f2d
bd52
bfdf
c83b
b9b7
aaa4
b77b
3e0a
3d91
baca
be8d
bcef
38e8
bc36
bf05
be65
b848
31d5
3907
bf6f
3ed9
345a
bcb7
b27f
b7ee
b9be
3350
b4e7
d6eb
3fd3
363a
3abb
3ba2
a9f7
bcfd
a8e0
3705
be3e
3bf5
3c7b
beba
3307
b8a7
3d77
580b
3c60
bea5
3c1d
3847
3392
bfcf
5024
30d3
b886
bcf1
be77
b906
be2d
b869
bddd
3cd4
b85b
b143
5809
be46
bdd7
3cb0
bd2c
39f8
be94
36ee
3d38
3201
3b92
5182
3e71
3d96
bed7
b60b
3913
3c2d
b5ff
bc1f
bf0d
b8de
3c64
bfc2
bad8
bc9e
bd38
bd99
b9eb
577b
bab4
b1d1
3d13
b871
bdd5
3fec
3db6
9cca
b5b3
3674
b5ed
36e7
3da7
3f0d
bc81
3c50
bdc3
3c94
bf2e
2f43
bc65
3129
b883
b423
34de
d603
bf90
398d
b774
3305
3d7b
bd9f
3dc0
bd3e
3aa2
aa30
b534
3f09
b8ef
b826
bcb2
3d36
3d8c
3871
3b88
b869
36bd
3ea4
bc46
36b4
bf41
3a82
bbaf
b56d
3c69
be1d
3e98
b36d
5525
3ead
58a8
3ecf
2c02
3ed8
3658
3eda
3da7
ba56
3f26
258f
bce3
d699
3d96
3ed0
3fcd
bd0b
2d52
5387
3c60
be4a
bc4c
56dc
be44
ad4f
3b26
3f33
3fe0
3895
ba57
3c41
3c5d
be5c
3a91
bebf
bfb8
bd14
3b17
3f56
3fcc
3eba
3e8f
bee3
3e09
3508
b6d3
be28
3d3b
3d5d
2d38
bdf6
b11e
3e8a
b80b
3e63
3db6
32b1
3c2a
3a90
ba78
24d2
bcb8
bf60
bac0
30c1
1492
ad6f
3d6a
bc35
bc84
bd65
3cb4
3d5d
294e
3c04
53ad
4f1d
bcdf
2fc5
3e20
3bfc
beb2
bc20
bd42
3bf3
b8ac
3e3d
b7be
3ed1
bf3f
3d7b
3e1c
3190
bcf0
bcd5
b042
37ed
d74a
be48
3833
bc41
573e
3e00
bfaa
389c
3e7a
3d5f
3a08
2d46
3842
383f
4d82
bf71
3ed5
bae2
384d
35ed
246f
d585
bc91
2336
3b2f
d704
bc7c
beaf
3348
2ca7
3d7f
3ec0
3aa8
be07
be12
bcd4
3e83
3666
bfeb
3e3d
b425
3ff5
b2ad
bcc4
bcd5
3dad
d813
3b2d
52f7
bb97
b19c
3965
3cd2
b958
b13e
d054
3d1d
4b79
3a52
3c3e
bf29
bb8c
2dfc
3d5f
3fb4
3e90
b782
bc69
bb2d
3cff
3893
cf84
3ca2
3c05
ba43
a233
bc41
be45
b463
4594
3dc7
3f23
3bf7
380e
bedd
3d99
bf4d
3b71
bf55
3669
3580
292b
3f04
38cf
bd79
b60f
3a6b
bf56
be5f
ae98
582a
baaa
bb8f
b9ea
ba95
bc1b
3e56
bfc7
3de4
3fd7
385f
b507
3b7f
36ed
bf67
3913
3fb7
5286
385f
3e12
3d18
3fb9
3f71
38b9
3822
bf37
38ff
be16
585c
2c24
3eff
3cca
3160
bd62
3ca6
b004
b96c
b784
3d76
b740
3ee3
3f1b
2a27
3e1f
3e9d
bfce
bb89
3e5f
b4f2
3cc4
bcac
3fd1
3d50
bede
3e15
3d19
b1d8
3e8c
bb15
be69
a540
3ba8
beca
bc73
3b38
3d84
bdbf
bfd0
bcd2
3ba7
36b1
54ea
bff7
be04
d538
3025
bd22
adf2
bf89
395f
3e63
cde3
3568
b53d
bfba
3f70
3bd7
bf4a
bbfd
bfa3
3891
bbef
3516
3d0c
d815
bd8c
55b4
3b43
3d66
d849
ae03
b897
b75c
3f90
b3b6
bca2
5519
bcc5
b67e
ba3a
3c05
3c95
2a83
3b9a
37ef
381e
b00d
b764
555a
bfe7
3cb2
31c0
d372
bf88
bbae
3c20
3c3a
3f8b
3eb1
38c3
bc11
3e15
3938
b479
3cca
b68f
3d63
2d6e
3846
3422
36b0
3c8f
3ae1
d409
b52c
3e7e
2a40
5287
2465
3cef
bd78
d2e0
377a
bac2
344a
3e69
38a1
34eb
3b3d
35af
3e6f
bcc6
3e8f
d567
3b3a
b601
3726
bb55
b5c2
bd5f
3ed2
be7e
b419
3d27
bd00
3a49
bf1a
3fb8
3ff4
ba50
bc6f
330a
3e2f
bd65
d7bd
ba57
3c4e
bd16
3924
bae3
b3eb
3920
3dfc
bc2d
bbfb
be74
32e8
38dc
32e5
3d86
d876
d50f
bb3d
3e0d
b0dd
3ff0
3b7f
38e4
d406
bc98
bc8e
35d5
3b1d
becb
b952
be0e
d067
ba5b
513f
bb8c
3d2b
be66
3de1
3fb1
3d6c
bf61
bbd0
3a2e
3d96
3fc5
bf82
3e85
bf64
bbe7
b800
d5d8
bdaa
bf60
b95a
aad8
ba1a
1f80
5208
b78b
bc47
3750
3e83
b1b9
bfcd
3a55
34ab
b5dd
b53f
39b2
3e8b
3a51
bdf6
b075
3e3a
b8ec
cf9d
3def
3dca
bb0b
d173
beab
d510
bb2f
3d9e
b81c
be74
ba5a
b99d
bc46
a706
bdcb
3bb5
bacf
285f
be8b
b90c
38d3
30d6
364b
356b
3589
52ec
be36
b9ad
b555
b564
3878
bc92
bc5c
b4a2
b103
2add
c751
4b6b
bd74
3926
3fcf
b751
b9ce
b900
28b7
b144
358a
3f90
bcd8
b0b8
3e41
bf39
3e19
3eff
3d40
b508
b92c
bd7f
3cf6
2c59
3ae3
35bf
3e00
388a
bcc7
399c
a1e2
55b2
3c4b
bc07
3d26
bc59
3f17
3a0e
b2ed
bdfb
bcf5
bd6c
3d3b
3e14
bd9b
379d
3861
d72b
3df5
bfb6
3aa3
bfe2
3a5a
2875
3fce
3c6e
3db5
3987
bf76
bc14
52fb
384f
ba3f
ce8e
3cf8
39fe
3ddf
d4b8
b61b
bb90
ba42
3bab
be0c
3dab
bf41
b853
b236
b440
bc7f
3f66
3ca7
2acf
bfd7
3e40
4beb
3c59
4e72
3831
b583
bce5
b7eb
34c5
3f22
b587
39ea
b857
b73a
3f84
3c34
bd74
3961
3bdc
bcca
3f03
be9d
3fea
3b99
3d2e
508f
ba44
bca4
3d3a
bca6
be9d
36ab
3c09
5856
3e52
d556
3f3a
310f
d5cc
3d4b
bff6
bf59
508f
af27
b590
b5db
3782
3e75
2b93
d888
3cda
bfbe
b337
382f
3c18
bb84
25ff
3edf
3d4d
4b50
b6d6
3e4c
d0c7
be67
585c
38ae
3d5f
be5a
bb66
bd00
3c19
b734
2898
3ee4
adcb
d7cb
3f0c
3e97
3afc
acb4
545a
b5ff
37ab
37f7
d4a1
b0ae
bc47
bc36
ba91
3bba
d79a
4d0d
bc3e
b1b3
d4dc
bd47
3df1
3b62
3ec6
3df6
ad79
bca6
3ebb
be26
bf6f
b19e
3e34
3513
3c8b
5884
be97
51f2
39f4
b4f4
5890
b5f5
bf95
3c34
3cb2
bc9b
3657
3e4f
bffc
366a
3d97
5361
3fd1
bb6d
34e3
bf42
ba56
b831
506a
37cd
b4ed
bb51
379a
bbc4
be65
567b
3f9e
beeb
34d9
3762
b49c
3bba
b21b
bdd5
ba57
bc16
3dc2
bb15
3d6b
b3e5
562e
3d8a
3f04
397d
3868
56e2
b616
3c1a
d876
3e67
3a52
3e2e
a9cc
3f2c
bcfa
3842
bc12
3c2e
bae6
39d4
bf6c
4e2e
b697
3de6
bd87
390c
3dce
3867
3e1e
bf63
3c21
3ad6
b963
bd48
bcf8
bdfd
bd3b
3db9
3d76
bc58
bf81
341b
b8f0
d59a
3c50
3eb4
b2bc
ad89
b505
bb7c
bbeb
2f95
acb8
bed5
3eb1
3c34
be4d
3fc8
38f7
38e5
3858
3bc4
bcc9
b881
bb2c
bdda
3b32
b726
b90a
3cdf
be7a
3e10
34c9
3595
3e77
3e18
bdad
3f56
b84a
be1e
d1d0
bccc
530e
b7c4
35b5
bca9
bf26
b8d2
bf33
56a8
ae4d
3dbf
d49a
394d
2dab
ba37
3bbf
bf67
36bc
bf55
3a35
371b
d856
3e6d
beb8
3518
c675
bb7e
375d
bdf5
b9c4
3b3f
b1ac
b1e0
3ebd
3670
bd7b
b961
38f8
3f41
3cc4
3cc7
ba80
3be1
3ce6
3d76
3e6f
388d
3cdd
be85
b45d
bd0b
3ac8
3d97
2ced
35dc
bf29
bf70
bff1
3bf3
b1a6
3e0b
3ade
bd04
d6f6
2cdc
d73b
3cfb
3eb9
b5bd
bfd1
4f0c
b5c8
bdb7
31d6
bfe6
3d83
340c
3c46
3cb2
3c1a
3408
be15
3d3f
bc4d
bcb2
3ae2
3bb0
bc42
d4fb
3c71
2b44
357f
3c38
bb0e
3d38
b5d9
d858
3d46
2d0b
b142
3d3d
31f8
3b81
3b76
3ba2
bde9
33d1
50b8
b01e
bcff
3c2c
3f97
b5b3
3361
d82b
5594
bc83
bc6e
3fa4
bc86
3041
3f44
3fb5
bca8
be64
38d0
bacc
b732
5679
b679
ba8a
3954
3546
bc76
3e0e
b267
d418
bddf
3dd1
38bf
b6c2
3aa3
b72d
b8dc
3c2b
3a7d
3493
3722
3eea
b613
bec6
3e9d
3dc9
b781
3f3b
bf6c
bf7e
be4d
bef8
b6cf
395a
242f
27c1
3cc6
be6b
b84d
bab4
bb1d
bfc8
3f34
3dee
3c9c
3f0c
bd4a
b213
b629
bf08
bcf4
3e69
be42
bb97
b519
3bdc
3efa
3ca6
3d06
20e0
be4e
b4fb
bddd
bf53
37bc
be2a
3f5d
3de5
340c
bee1
3af7
3e1d
b561
3ac2
3fc3
3496
cf13
bf29
ba86
3cfd
4dbf
3f0a
3b75
3c51
3fd0
3a7c
bf1e
3b8f
3c97
3d01
b919
3e28
b9dd
b2b0
be4c
be01
be12
3a1d
b9b1
3f33
b9d3
29f0
aa91
3a69
3eb3
ba33
bf61
3f3a
bca3
3665
be48
d3a1
bb17
bf00
3a43
2cc9
3d26
b15d
3f4f
b96c
b619
b5fb
3c2f
bd62
3fcd
38fd
bf5e
cdd6
bc2f
b3b8
bf45
d1e0
d152
bf30
3b6c
3a88
bc2b
bf4f
3a9a
bee4
391f
5314
bff4
bd19
bece
b757
c2b8
d4f2
b4b1
3565
bb72
bb3f
bd17
3419
37a5
2e56
bbd7
3d38
3d24
b49d
b7ec
570b
bd22
3d99
af85
3e19
3fd3
3e11
bb49
bce3
3914
3c74
35fb
3d11
3ccf
3f76
3db4
bf96
bed2
3ee2
bea6
b633
b936
bfdc
b790
3a3d
b54e
3f5c
3ac9
bc22
bc4a
b943
355b
3c8e
b643
bcda
bd0b
bc0c
5581
2d23
aea0
b4e2
3a5f
bb28
bd9f
bcb0
b9c1
b84c
b8ae
ca7f
ba8a
3a63
39dc
3c51
3d91
3f08
b4d4
b9e0
b34b
be70
3607
b68a
3f02
2e95
5874
3efa
bd5d
b9a1
3e96
bb87
bc77
bca8
3d3a
bd3a
38fd
3a12
d779
bfcd
bf56
3e89
bd8e
31df
3cb7
ba7d
be32
34d4
3f99
38d0
3d29
3c88
3b2c
bcdd
3e20
3aca
3049
3e3f
b845
b4ec
d6bd
d850
3fd8
3cdf
aff6
d7b6
22d8
301e
afba
324f
349e
3c6b
bec5
3891
3b5f
bc3b
bf75
ac9e
bbe6
bbef
3bca
be95
3fe8
be05
b926
2a50
b801
3c53
3b8f
3569
3f4d
d41f
3edb
2d6a
bf3d
3d8e
3525
3d8d
bff3
bd5f
b129
3ea0
3d09
3599
b239
31a1
bcb3
3a7a
3546
b4df
3acd
3e13
bf22
bbcc
3537
3b7d
bd9b
b145
39d3
afd9
3cde
b730
bd8e
3a1e
bee8
be09
5856
3f9c
bfbf
3ce9
321e
3c87
3400
37b5
52d6
3c8e
3fde
3963
0124
b394
be11
3e6d
bda9
bceb
d19b
b042
d4c0
bf08
3e29
bce6
bf80
3a73
3442
3ca9
3e3e
3d49
d52e
3902
b8eb
be13
bfdc
3240
ba21
d879
d5ec
b920
bb1f
3ef1
bc6e
b9e2
baba
bc26
3ffc
3ef8
3979
3f0c
be9f
3c1f
2cf2
baaf
3ab7
bfe8
3c86
39e2
5442
ab86
bd17
be99
bdb9
bac4
36e4
586d
3afa
553c
bc81
3872
3aeb
baa7
bac4
bb55
3fe5
bbec
526a
387f
3f3d
d6aa
3bd9
3e65
383f
bbd6
bc04
3907
4ce5
3d4a
af09
b87f
beda
3c26
bdc2
be88
bb04
3d66
be3e
3b37
3f4a
bf30
bf5d
b640
3dd0
3ddb
566e
3e3d
bd6a
bec5
3c0b
bdd9
385d
bb2f
bdd7
3a4f
3c35
acde
3da5
555e
bab5
bdd9
3ce8
3b93
3fa9
b82a
3c5b
3eba
be56
b852
d2e7
be3c
3b6d
38c1
2fb8
3cf1
5053
bcda
ce22
37e4
bb33
bdc2
3d6a
36a0
b57c
5165
b9f2
2fd9
b65b
3acc
3fa5
beeb
3cff
bd39
bd19
32f0
584b
3f9b
b22a
d7e9
acbe
b8dc
3cf7
bdcd
3ffc
a9be
1277
38c1
be4c
241c
565a
386e
36f6
3e4c
bdab
bc92
3f85
b3d0
3774
a8b9
d1bc
3fa2
3150
bad6
d464
bc63
3473
53fc
3f0f
bed9
baca
c020
3c21
3d1c
3c20
bd1b
3ef0
587b
bc47
3fa3
b698
cc27
bbe9
3d8a
3fe1
3fad
542d
bfe5
36e5
b995
3ced
ba46
bcf2
b971
bc8e
379c
3903
46de
b8c9
bf0c
3c56
3c28
3f19
bea4
be71
bef1
3c9e
b68d
bd19
3eaf
2821
d633
beb4
bd05
3e18
b954
3a76
3509
bc20
50ee
55f8
bd3d
b8e6
5820
b731
ba0a
3d91
5447
bf4e
ba61
3f0d
36da
51e1
d8a2
bce8
37ac
bbfe
3bd1
3f10
3afa
3538
3725
39c8
d6fe
4202
d4b0
ac33
3cf8
bff4
35a6
3c7b
3d21
b3e0
535d
3f18
b7ad
bfa6
babe
3ce9
393b
3e11
3f0f
38b5
3d5b
3a8e
bbc3
cc4c
3685
3264
4d6a
b72b
bd30
2c90
b2ed
3ee7
bcae
50c3
be8f
3930
b50f
beea
b96a
3c50
bc54
bb31
3801
3f1b
352c
2d03
bf9c
3f89
bc08
331c
bf9f
b998
35cf
3cfd
3a53
ac14
bc85
bebd
3582
39cb
3cf2
3efc
54e2
3fee
bcbf
bb3d
b837
396b
3e02
be73
bd9b
5840
bd3a
d521
39bf
b651
ae68
577c
d6b8
3e60
d2b1
bb41
bfb0
bfd5
baa9
bbd9
3c08
5693
d5da
b72a
3ed2
d73b
bc53
5220
d6a1
3bb2
3805
3eb3
3fb6
3ec8
3f0e
bb6e
3e20
bab3
3dee
3dbd
3e13
3d87
2bb3
35a6
bf2c
3d54
31c7
bd35
b5b2
be6e
bc05
3fe4
37b7
3fc1
3c0c
3cb1
3b99
3b13
3cf3
3c46
018a
8014
0061
77c8
00ec
2804
ff00
de68
0071
5022
74ba
31a6
01f3
33ee
01d4
0936
0040
fe6e
fe2b
bf3c
009d
1168
fe63
dd96
008c
971c
0152
8f2e
0071
4c8a
ff43
11a8
ff9e
b096
fe22
36be
00db
01ce
fe6a
c0a4
fe1e
84b2
f14d
ee1e
01d3
6928
00ad
6a3a
0037
a136
fe07
adb6
7d18
a534
fe74
397e
ff81
4818
fe31
1d90
0019
0808
6437
567a
fe0a
5058
00be
b024
7d20
8184
78c3
e642
9280
c278
f85e
1066
0117
bc5a
fee9
8e08
fe37
8206
fe6d
2ff2
ff5f
c85a
007b
b956
00f4
4e8e
01bc
7004
0044
b004
0097
2ba6
0087
7028
0049
c614
0027
002e
fe68
30ea
0196
4ae0
ff76
75e8
008b
46ba
ffe3
a864
fe0b
af78
fe75
f164
00af
0e7e
bb19
4af2
00ca
b90a
06ed
4042
ff8a
4dd8
fde6
46ac
010f
44d4
febc
ea88
002f
65a4
916f
0b68
0130
0742
ff42
c986
0152
ce6e
01b6
b1f6
0115
39ce
01e0
6efc
ff32
3848
ff03
48b6
016d
895c
1f6b
756e
01a8
4fca
0010
7468
0007
56b6
e822
bb7e
fe16
ea4e
7d49
15a4
001b
17b2
01cb
189e
0098
7c68
0008
20da
fe2a
6dd6
0504
7d96
ff42
6174
0145
07de
ffbf
e018
fe50
6990
008b
75e8
0126
1c5a
fe11
28f8
0042
7a84
0100
65c4
010a
7a82
0172
ac78
ff32
c6e6
000e
b0ba
018e
5988
00d1
8b66
01c6
ead2
feb1
b19a
ffa9
72b6
012e
fd0e
014a
fc84
fe00
b7a4
ffff
9386
0116
3ae8
0177
0194
015c
0eae
ff2c
c64a
869e
86c0
ff27
3d88
00af
769a
0092
b984
00f0
0d58
ff8c
ae44
01f7
ac7e
01c5
d212
0055
5c0a
008d
e6c2
febf
da38
ffcd
556c
ffc4
b214
0179
2f08
00cd
d664
ff7a
24e8
fe8d
3082
009e
f706
00da
824e
feb0
18f6
ffa8
6bee
0092
ed1c
00c0
46e8
fe35
e5f6
ff93
317c
ffa4
3a2e
fed9
762a
fea4
a0e8
ffbe
f6f6
00b1
7dfe
009f
58ee
00c8
26c4
00d3
f092
fe46
553e
fe93
1c08
fe81
e53a
fe72
cd96
ffe6
e976
014d
a014
0148
f15e
ff03
1db8
0152
1eb0
0115
5cc8
0118
6b1a
0124
78d8
fe59
7704
fe05
8944
fe6a
92e2
014a
9318
0183
7626
00be
bc3a
fec1
74a8
ff87
f306
fe15
2a32
0192
25fa
0114
4bd6
ff18
fc4e
0044
e004
002b
4244
00a1
edc6
004a
cce8
fff9
9354
0005
bf6e
fe06
636a
fe5b
dc00
ff26
4328
e619
5efa
009c
8144
00c6
f998
00d6
46a4
00e4
d91e
ff85
c332
0014
cf4a
010f
faa2
fe83
36f8
fe94
5d6c
0042
cf42
ffe2
cbb6
00f8
1bac
a0ba
29c6
ffac
948e
01c8
20f6
fe36
6f1e
0024
8f10
010a
e318
fe46
bf0c
00e8
b940
00a9
8c4c
6e3f
861a
fff6
9ece
fe85
1a80
82ba
0288
0180
24f2
fdfd
ce2a
fff6
c676
0181
ed6e
01b0
720a
010b
4c44
fed4
86bc
ffa1
4e72
fe1f
8d9a
014d
38cc
0120
8946
f84d
f0a6
d380
ffa6
fe59
0098
fed8
fc7c
0158
757e
00a4
9952
016a
6ed6
003c
aa50
006e
f6d0
00f9
dc34
fe6a
c64a
fef6
45d8
0050
303a
015c
fe4a
0187
d6fa
011e
69d8
009c
1c36
0197
2780
012d
689a
015d
b0f2
0131
7398
fea7
1588
ff00
47c4
01dc
9802
0012
16c8
013d
fecc
0055
4214
0011
9458
fffb
8f8e
01d1
da3c
033a
fee4
0038
7e4c
0136
c2bc
fed2
3998
001d
5206
4367
687a
fec3
7bac
0555
a142
fe35
7116
0120
350c
0004
1f06
0020
f72e
006f
dcf6
01b7
48fe
ffd4
5c50
00be
99d8
0071
49ac
5a31
3900
e60e
90cc
e3eb
1c1a
003e
042e
01d2
1e80
ff64
0528
ff88
75d2
ff00
012a
fe25
3bf6
017f
f8ae
00e0
202a
0145
0064
0051
f4fc
00ec
db92
ffe5
5b9a
47e5
360c
1f91
7546
fe4a
8246
da32
80a6
b6ed
c258
007d
89bc
fe5a
a9de
009b
cbf2
fe87
0b56
0123
7ad0
00dd
7b30
004e
b494
001c
0a6a
fe71
42d8
00d1
49ba
fe1d
ab8a
0126
097a
f5f9
81f8
011d
35b6
fef8
3a40
ff02
ddfa
0058
8ed2
fea9
ff58
fe6e
5bc8
01f6
4064
fff9
72c2
00b3
76a8
0015
a72c
ffda
06d4
fee9
3cb8
ffe7
05ae
fe19
40fc
01c2
7484
feee
e5ec
fec4
d2bc
fecb
60f8
01ad
5566
fe09
5d9a
fe46
4bac
ffea
c982
0186
5e96
0089
974c
ff38
b106
3a88
11ce
003d
0176
fea1
09fe
fe09
aa70
fe72
ce78
fe94
fd0c
00af
0520
00f1
ec0c
0117
539a
0102
998e
00d4
cf60
012e
b708
fe6f
c432
feb6
a70a
feb1
1796
01a9
0c6e
0000
284a
fe44
45a4
00d5
033c
00da
4672
0020
0a1a
fea9
67ac
ff10
66c6
fffb
c666
00e6
e5c6
00f4
0458
006e
de1c
0073
99be
c948
0132
0061
6336
0216
07d0
005c
61b0
0021
b754
01d0
3daa
feb0
d538
0019
6b3a
00c9
4faa
00bb
6e9a
014f
5098
fe0f
c416
6759
e400
00c9
a65a
ff72
b8b2
00aa
7bd8
002c
56c8
01e0
bc24
0066
0262
fefb
59e8
004e
60ec
c1ef
2334
0086
f158
ff58
3aee
01be
4abc
00c6
1fc4
ff67
320c
0108
cb1c
0148
1318
00c3
95c6
000a
d47a
fe27
fa0c
01e9
50fe
fe84
1e9e
0104
bed8
fe64
4b54
fe16
e596
fed8
09d6
ff8a
7040
fe31
b8ae
017d
24b8
fe5a
e5a2
fe4b
6f56
ff1a
d708
3271
7c00
011a
154a
fe65
515c
008e
1bf2
002a
ad36
feaf
a890
0175
29da
0077
8012
fec1
2da2
0172
98a2
fe2d
a7b8
0972
5be6
fe81
d124
fe3e
e4d2
82a5
bcc4
015c
5740
0030
4b52
b997
52ee
01a2
8ddc
ff78
b3be
ffbc
b312
fec7
0d80
c0e0
5d4e
012f
1046
007a
6916
fff8
9696
ffbe
6df4
011b
f748
3db8
d6c6
006c
22a2
00eb
c166
0048
315c
ff8c
58ce
ffd3
8c88
0153
5528
01c2
1752
00fa
fe22
001a
50dc
0063
51e0
ffd2
20fa
ff7e
19a6
fe7d
685e
fefe
c79e
010e
3ca6
0037
a3d0
ff0f
fda4
0089
902c
0002
9a30
01bf
9810
8747
670c
ff9d
dbd4
00fa
11b6
efe9
d45e
fe74
789e
0083
a558
0057
1694
ffa2
0516
01b8
7e36
1f13
1380
fe1d
2ece
0180
13d8
0027
8c42
0132
bc56
fee5
0c68
fe2d
17a0
fec1
930a
ff54
ef3c
00cb
b992
8f1c
e436
019a
df10
fe3f
9eda
2f6a
7a72
01f4
c3e2
ff5a
a322
ffaf
f9d8
0117
69c6
006e
be24
00e8
9432
0145
79c4
ff08
b8e0
01d9
bc72
ffed
c90e
82bf
54fc
ff6b
fcde
fe39
6692
ffe2
ae40
0054
6bae
59b0
0b86
00f4
a9f6
d23d
99d6
fe4c
bc34
0b41
9b48
fee8
1d06
0098
2582
0005
eb46
0048
315c
01a3
53ee
fff2
d888
fe8e
4348
00be
e9f2
0195
8562
dd7b
6e9c
fe94
b680
fe9a
235a
ff95
92a6
002c
b7be
fe9d
f47e
00b3
47c6
fe5e
4650
37a4
9364
016b
7ccc
0121
2a10
0108
b3f0
fe0b
56ac
001d
faf4
fe9a
b6d6
ffb7
edbe
7d3d
495e
ff92
12b8
fe38
4874
00f9
4eb6
0133
7b36
fee9
1060
006f
d2ce
0187
e6d8
fe3f
8322
0079
e376
015c
daa8
39bf
7900
01d7
d20a
ff17
519c
0054
67d2
fe1d
79d6
ff4e
1950
ff7b
85fa
2294
4e72
007e
2e42
ff8b
89e2
ff19
5c18
008b
8e26
ff05
d9c4
fe93
fb72
653d
8464
01ce
c520
fe55
f372
001f
aa2e
0061
c2dc
ffc4
fcfe
00f7
9fd2
ffd0
1920
fe79
196e
ff4c
e566
ff08
b756
0176
ff36
ff2a
bf54
0151
c1e8
ffc6
2026
60b8
4ae2
0151
7866
01c5
9f9c
00a2
1b4e
0090
4ee8
6bc7
1628
ff9e
6552
0103
cb82
82b6
7afc
0198
6060
00d6
48ba
0193
2006
fff7
e77e
01b2
3ebe
fed7
f586
006a
7f50
ff05
3b84
0112
7cac
ff1f
b330
00c4
3db0
fe20
daec
184b
ea54
ffae
8496
