0114
015d
fe52
0012
01e3
013d
006d
01d0
00dd
ffbf
ff1d
0041
ff1e
fec2
0001
ff2c
007b
feca
fe97
00a4
01c6
fece
00d4
0179
0087
ffa2
01d0
018a
0015
fe7f
fe1c
febf
0130
fe02
01f2
00aa
fff3
009a
fe80
ff87
ffc6
ffe8
ff23
0195
feba
fea4
008f
01ea
fedf
0069
0054
feff
00a9
ffa0
004d
018f
febb
0114
0089
ffef
0052
ff78
ff83
ff7e
fe43
0014
01cf
fe8d
feb7
ff0a
ff32
fe4f
fea4
0121
0034
ffe2
ffb8
015a
0033
019a
01f0
00db
fea8
0098
feec
01e4
00ae
ff85
fff1
fe21
002b
feef
ffc3
00f9
ff5d
00a9
0168
fe7f
fece
ff2b
ffc0
fe5c
fe97
fe36
fefe
ff82
fef5
0121
febb
00f6
feed
fe4a
fe2c
ff8e
ff7a
fefd
01d5
ffaf
fe7d
fe2e
0167
fecf
0014
fe8f
ffc4
fe93
0068
00cd
017d
ff71
fe7d
01bc
fe50
fece
0121
ff98
0014
00de
01c3
ff5a
ffa0
fe76
ff44
ff4b
00bd
0001
fef0
0189
ff66
fe1b
01c5
0147
007d
00db
011b
0001
ff3a
fe19
01a9
fea1
00af
fe5d
003f
ff14
ffeb
01da
00d1
004d
00df
ff0f
007b
011a
0150
fea5
fe03
ff89
00ac
ff47
ffea
ffc8
0195
0107
0150
fe40
0137
0158
fe5f
ff53
0190
fe82
0012
ff42
0192
01e5
fe00
fe4f
01f4
009b
007f
01bc
fe66
0152
ff81
feaa
ff0b
fe1e
0136
0157
0087
fe06
ffb5
fe1d
fe04
fec8
ff86
fef3
ff96
006b
003d
ff75
fecd
01ce
012c
fea6
fe2c
0032
019f
feed
000d
ff11
00c6
feeb
ff3c
003a
fe26
fe56
fe53
ffa5
0013
0084
00ef
fe56
01f4
01ab
017b
00fa
ff6d
ffa9
0101
0054
fe12
ff1b
ff35
002b
00aa
00b3
00f0
febf
00b4
fe49
fe54
0028
ff4f
ff32
0050
00e3
0128
ff09
0058
feeb
01d3
ffea
fe62
0076
ff6f
fe91
006b
0139
00a0
0064
0151
fede
fecb
01d9
01ca
00b2
00bf
fefe
01d5
feed
01fb
0169
fe4d
006a
00ae
ff3e
ff55
0101
feb2
fe86
fead
ff95
ffc4
fe7d
0114
fe10
fec8
0126
0051
0196
01e8
ffbc
0162
feab
00f2
ffc2
0016
ff55
0173
ff89
00de
feeb
fe82
fe38
019c
ff9d
fef3
01fa
012f
000d
ffa8
fe56
ffba
ff2b
fed6
ff95
01aa
0106
00e4
ff35
fed6
01e7
ff2f
013f
0162
01f6
0094
01fc
01fd
ff9d
ffc0
fe13
00b8
008b
0093
fe48
ff2f
000e
ff3f
0108
005a
01c3
fe87
fead
fe50
fe87
ffcc
ff0b
fe53
0067
fe1f
0196
00a5
ff49
ff30
01af
00f8
010e
fe44
feb9
fe9c
0169
ffa6
0051
0157
01db
011b
ffde
fe29
fe00
ff74
006b
0009
00a9
fe86
01f2
0018
006c
0143
0112
0111
fe7f
ff4f
ff04
ffe9
004b
00ac
fe71
fe49
01d9
0157
ff20
01ef
fea7
ff36
00d2
014a
fe48
01ba
0117
01ab
fe60
fecf
01c4
ff36
fe29
fe42
ff0f
0097
fed7
00c5
ff8f
0111
01ec
fee3
fe7b
01bc
00b3
fefe
005e
ff04
0119
0059
fef8
ff83
fe4e
0122
018e
00f8
ff86
01a4
00da
fe9a
fe5b
fe51
01e3
000b
fe36
ffba
ffd6
febf
015c
0071
fee8
ff2a
0168
0160
feac
fed6
0153
fe80
fecb
0152
ff3f
fe3e
0192
0172
0156
fe3d
01f9
0098
0005
fea0
00d1
fe90
fef8
00df
fe3c
00c3
00c8
ff6c
fe14
ffd8
00ed
fe90
ff25
ffa9
fe06
ffa3
fefc
fe0e
0058
00f3
fe32
ffdc
ff22
ff7e
01a1
fee6
01d0
00c1
0010
ff0a
fe39
ffaa
00e5
00ae
01c9
0057
005e
009d
ff78
fea5
fed2
0076
ff40
0103
ff2c
ff00
ffc8
0086
fff1
ffe4
ff78
0054
00fa
015b
fe5e
ff0e
fe2a
0126
fe9f
fe95
ff0e
015c
0065
0155
ff23
0160
0062
00d6
fead
fffc
018e
00f4
fe76
0102
0144
fe11
0156
0090
0187
ffa1
00f9
0058
01c4
feba
ff7b
fede
0037
fee5
ff3b
0191
0130
ff7b
015f
0174
ff65
fffb
01a0
00b9
ff23
00d7
01b3
feb1
01dd
ffa1
005b
fe03
0197
01b2
fe0f
ffbf
0063
feea
0068
ff3f
0164
01c5
febd
01fb
ffdb
013e
003d
fe2c
fef7
0029
fe53
fe00
000d
012f
012b
018e
fed0
0005
00d4
0044
ff91
feae
fe48
fe90
0019
0071
00b8
fef2
fffe
ff4e
fe8b
0151
0051
0043
ff13
ffae
fed7
0149
013a
003a
0056
0189
00f9
ff1a
ff41
fefc
fef6
010d
0135
01be
ff1d
0064
00d5
01c8
0152
ffbe
01d0
01e9
008b
01f1
fe7b
018d
0066
ff24
01f6
fe6b
ffb9
fe34
00d7
01c5
0120
fe14
fe88
fea6
0129
fe0d
00e3
fe54
feed
fe07
0029
0057
ffd0
ff20
004d
ff87
fed7
0178
01af
00a4
0112
ff58
00a5
015f
017b
ff2f
0194
ff2e
0087
ff08
ffab
ff7e
018d
00cb
011c
016b
01ef
011d
ffc2
ff91
0183
ffa2
fe65
011b
fe44
ffdf
fead
ff7e
00e8
fe74
ff63
ffdd
0061
feb1
0046
00d3
014a
01aa
fe6e
0171
01a3
01eb
0009
01ce
ffb9
00b2
0020
fe56
fe59
fe6b
ff4d
00cc
fe07
0051
fe0e
ff1f
fe82
016c
ffc6
012c
ffc4
01a1
ff8a
00b7
fed1
feaf
008d
0095
01a5
0099
000b
fe3b
fe5a
ff85
00f3
fea4
ffad
00c4
ff80
ff9c
0002
0069
007f
0113
0009
01db
00c0
ffeb
fe5b
0072
fe94
fe12
01af
01f6
0181
fe61
014c
01f2
01af
0185
fef1
feaf
fea6
ffed
feca
ff3a
014f
ffb5
0186
fe9d
016a
0127
fe50
ff71
ffff
01eb
ffc2
ff06
003b
00d1
008e
017a
fedb
0048
ff9c
005f
0188
01b2
0016
002e
ffda
fe21
fef3
feca
ff61
0151
fffd
ffbe
0046
fe0d
016d
fe65
fef9
0113
002e
fef2
00df
ffd6
0041
ffc5
ffeb
fe84
0075
009e
ffde
00fc
01d7
004b
ff5e
ff19
fe1f
009f
00ef
fe33
ff09
012a
ff3d
ff6a
fe9c
ff15
ffa6
01f9
ffb5
ffe1
ff0e
ffde
0113
00d3
ff0f
01fc
fedd
fe35
00de
01e9
01a5
0078
fe19
ffc2
ff4d
01f5
01d8
0082
fea1
0012
ff19
0136
ff87
0088
0055
0112
fe79
ffab
fe4e
0085
ffff
00be
0187
ffce
0014
00c0
ff4c
0070
fe22
00d9
fe77
ff35
00d3
fe2d
01ed
fe7d
fe32
ffee
fe5c
fe19
ffce
009d
fe88
fe7f
00c2
0161
ff16
ffbb
0197
017b
ff22
00dd
007e
ff6a
00a1
0144
010f
fe13
0146
001c
01b3
fe55
fefb
0145
011f
ff5e
fe06
ff1b
ff2f
fea3
00a3
ffe6
ff69
fff9
fe2d
ff59
ff58
fea0
016a
fed4
01a8
ff33
fe52
0005
00b8
0103
fe37
fe4a
01f8
feb7
00dd
0057
ff34
01aa
ffe3
00d8
ff4c
013c
00b3
0028
01f0
0124
fe1e
007c
004e
01c0
fe47
0019
fe4e
01a5
0129
fef5
013a
00c5
01f7
fe68
fe2a
002f
fe46
0008
0051
ffa8
00b8
0116
0001
ffab
feed
00a2
fff0
00d3
ff4c
ff39
00a5
fe12
fe68
ff3f
00c1
00e7
0054
0058
0095
01f5
013a
0172
ff5c
fe02
ff20
fe59
0188
ff01
00bb
fe13
01d7
000f
ff80
fe8f
0164
003a
ff64
ff5b
fe81
ff42
fee1
0113
017a
0020
007d
0047
fe1b
016d
003e
0010
008b
00bc
ff85
0174
ff22
fe0c
ff3e
0112
00e3
01b6
fe4a
014b
ffd3
fe20
00e5
ff44
ff8e
00d5
01f9
fe27
fffe
ffef
0032
ff7b
015c
fe9f
0195
ffe4
0198
fecd
ff81
ff50
0186
fe85
0169
0128
002c
0005
017f
00d9
009f
feb9
0074
fe3d
01f0
fe16
0001
ff9f
012e
0117
017c
011d
fe4e
01b8
00d6
ff03
003a
009f
fe31
012f
01ca
ff15
fe55
fea6
00c7
00e3
fe09
fe8e
ff86
fee2
01c4
fe58
0084
fe33
0084
0124
ff00
0033
0140
ff23
ff2e
013b
0072
fe7a
ff4d
ff00
ff12
01d8
fe5f
fe59
0119
ff71
00c1
fea9
fea5
ff65
001f
ff9c
0016
009f
0007
0012
01a6
ff3d
0197
ff38
fe4f
ff6a
fe45
0087
fe92
ff8b
01a7
ffe8
01ab
ff46
00ab
ff14
01cf
fe75
fea8
00bf
fe05
fea3
fed4
016b
00d1
019c
00af
0106
00e5
fef3
ff16
0088
fe2e
ff75
ff00
fe27
00b3
ff8b
fe5a
014f
fe7f
007d
011d
fe6a
ff58
00dc
fe9e
0144
fe6e
0186
00d6
000b
007a
01a1
014c
ff72
fe3e
01a1
001c
ff86
0119
fe83
00dc
fec5
fefc
fe35
00ce
fe2b
ff6a
013a
fe1b
0095
01a6
01f7
01cf
fea4
fe69
0137
0019
fe38
fec4
fea4
00ab
00de
fec9
01c5
fe43
ff3b
004b
fe4b
fe01
0103
00b3
ff41
ff2c
ff48
ff65
ff45
fff0
00a0
fe30
01dd
012f
fe5a
ffcf
ffec
0040
00a0
ff5c
ffe7
00d1
ffce
ff4f
015d
01b4
00e8
ff1a
0117
fe1b
ff4c
fe0b
011e
ff60
ff30
fe27
fe33
0096
fe07
fe4e
fe60
fee5
ff2e
ff39
0109
fe36
0159
017d
00a9
fffb
ff1a
00e9
ffbb
0133
fe95
ff09
0143
00ce
fec5
0173
017d
fff7
01c4
010d
ffcc
0128
ffeb
01d9
012d
fe8d
0004
0034
00f9
fe2c
01cb
ffe5
0035
fe52
0092
0120
feda
fe63
ff27
0123
fe36
015e
0125
0176
fed6
01af
01b2
ff4a
ff5b
00b9
01cb
0149
ff45
0045
fee6
00f2
00c3
ff24
00dc
01c8
fe6e
ff90
000f
ff6a
0098
005e
010a
fe54
0054
0173
fe47
0148
0027
0100
ffaa
00c6
ff12
ff0e
fee1
00db
ff53
fe3f
0171
012f
01b5
fe9b
fe9f
0167
ff1b
ff5a
ff39
ffa8
ff50
ffd3
fe3c
ff15
01f1
00db
004d
00ae
fef2
0145
0018
ff44
00bd
00a7
ff28
0102
0071
ffe0
0107
00c5
011f
01c5
0073
0147
0140
fec8
ff3b
ff2e
fe0a
feda
ffa3
fee3
0022
ff59
0101
feae
fe49
fe15
feec
00e5
01d8
008b
fedd
019e
00f3
0007
01e4
ffd4
ff45
fe9f
ff58
fe34
ff55
0145
ffaa
0181
013d
001c
fe2b
ff12
011b
ff5e
0187
fe6d
0100
feb1
013d
00ad
ffdd
01a4
fe50
01d6
fed0
0026
01ec
0127
01c8
001f
ff72
ffd6
00ea
ff46
006b
ff26
01a7
fe8c
fe8c
01d3
0125
0147
febc
001f
01db
ffd6
fee3
005f
ff20
00e0
fec0
ff1b
fe74
ff18
ff96
fe0e
fe43
013c
01ec
fedb
01c8
00c7
00be
fec7
fe0a
ffee
ffd0
01fb
007d
0032
ffcc
fe12
01f7
00d6
00ba
febb
fe9e
0070
0160
ffcf
00f0
010c
ff29
ffda
004d
ff98
01d9
00df
0043
0113
ff08
fef4
0135
00d7
0200
01c4
ffd4
00fd
00de
0174
0038
00df
0134
0043
fed7
01d6
0054
fef7
0191
ff3b
00c0
fff2
ff7e
00b4
01fe
ffd4
fee1
0112
011c
01b7
01b1
ffc3
0131
007d
01e4
ffdc
0084
fe03
febc
01c6
0089
0127
ffd1
0173
fe63
fe52
0140
febf
001b
ff9a
009d
ff6d
fee7
ff72
00e9
fe39
ffde
fe59
fe10
010f
fe09
ff09
feee
ff98
fea7
01ba
ff94
fe03
0152
fe88
ff6a
ffdf
ffd0
0152
010e
01cc
fe00
017c
ffae
010c
fe54
0027
fe3a
00c6
00f0
00b2
01a1
ff13
febc
0003
fed3
fed3
002e
fe31
ff22
ff16
0108
ffa8
008e
ff9c
015e
0200
fef6
fed8
01cc
feff
0194
01c2
ff6d
01a3
00b7
ff07
0154
0009
0104
fea0
00af
ffde
01a1
fffc
00ce
01d8
0148
fe30
0193
fe0c
013d
0191
ffca
016f
ffed
0006
01d1
01cc
ff20
ffd3
0186
0044
00e1
01e3
ff30
feb3
ff80
0066
fefb
fe78
ff3d
00be
fe4b
00ac
ff48
01bf
011f
ff80
014a
01f8
ff89
ff57
0120
fe60
00b6
ff80
009f
ff77
0178
ff37
01f2
ffb4
0187
fe43
fff1
01e6
008a
ff92
fe01
fe59
fe7f
ff12
fff1
018b
ffca
fedf
0167
004a
00b4
01f2
ff89
ff4e
00fb
00da
0181
0120
0182
008a
01bf
fe89
ff2c
ffc2
fee8
ff3f
0127
01b6
ffae
00f1
fe5f
fe2b
013f
ffa8
feb3
014c
014a
ffaf
fe08
ff17
01ea
0078
010a
fe87
fea0
01f1
fe1f
ffa1
015a
00e1
007f
feab
fe2f
ffe9
fe39
00f0
ff3a
01b9
0011
fee1
0193
003a
ffc1
010f
0112
00b7
ffd3
001c
feb6
fe5a
ff3d
0086
01e1
fe81
01d5
017a
008e
0115
fe31
feee
0179
ff11
ff22
fe3f
fef3
0170
fffb
fe41
002d
001d
0113
feec
00c0
0055
00fd
ff84
fe7a
00b5
fe1c
ff4a
01f6
fe2c
0010
00a7
ff19
00c0
fecb
0157
fe8a
0003
fed5
fe99
ff06
01e1
fe46
ffc9
00c7
fec6
ffbc
ff6a
ffd7
0131
ff9c
0183
00c9
ff43
0027
00c9
ff9b
ffba
01b9
0082
ff07
0036
fe00
feaa
009f
0077
0096
fe47
fead
fe1c
0056
feea
ff54
0033
ff9c
00c5
0197
feb6
0151
0145
fefb
fea4
01b4
0097
ff64
005f
ffed
017e
004b
fe40
fe2e
fe10
0027
fe9c
0081
0089
004c
fe63
fffd
ff1e
0013
fe72
011b
0159
003f
ffcd
0007
0080
01ea
0197
fefb
0163
00fe
ff5b
fe69
ffd9
01d1
0111
fe3e
ffe8
fea6
0077
fec9
ff76
ff07
0180
fe1f
00e5
014f
feff
fff8
01ff
0040
0025
013b
0173
01c4
fe77
ff50
00db
ff9e
fffe
ff35
ffc5
0068
ff29
ff7d
0000
fe37
ff73
ffdc
0156
ff41
fff2
ff07
ff58
fffb
0065
fe2b
01af
ff99
fe7f
014b
ff57
010c
011a
ffb3
0114
01f2
fed3
ff03
feb0
fe17
fea7
fe15
fff1
012a
019a
0034
014c
00c3
012b
0010
fe9c
ff43
fff0
ffad
fe5c
fe6d
fe89
0191
fffd
019a
ff13
0050
fe1b
ff2e
00cf
00dd
00ef
0060
0007
ff11
fe2e
01d5
ff98
012c
00b7
01c9
0069
0185
ff1d
01cd
005e
00a7
00ca
010b
012a
0135
0062
ffe1
ff82
0173
ffbb
001f
ff56
ff1f
01ce
00bb
0012
0177
0069
01a6
fe6a
ff8d
000e
01ab
fe8c
fe25
ff9c
fed3
000d
fe02
ffbb
ff7a
ff63
00e2
0024
fe12
fe21
fe2a
ff56
007b
ffe3
0124
01ff
00e7
00d6
feb3
0174
feec
fe32
ff60
fe1d
002e
00d2
ffab
0112
ff93
008d
ff79
ff6e
01f8
ff35
0142
ffd0
fe05
fe6e
017d
fe40
ff15
feae
015a
007b
00a7
ff83
fe7d
00b6
ff1a
0087
0031
01e3
01d9
00a5
0028
fe9f
01ab
ff46
fedc
0012
013c
0195
015e
ff45
015a
ff02
fee6
fee4
ff7c
01db
005a
fecc
0167
0019
0035
fee2
00d8
fe99
fe10
fe53
fe1e
ff1b
fefb
0143
0114
01d9
fe37
0081
ff1f
feae
0122
ffcd
fe63
ffac
014c
fe38
fe60
0131
ff0f
0060
0140
013c
fe70
0190
ff29
ff04
ffa8
ff58
feb6
01c1
004d
0024
0005
ffb1
0139
fe12
fe69
fe8f
fe15
0046
ff3c
ff20
ff13
feea
00a8
fe0d
0096
ff29
00a4
fe80
feb0
00fb
ffa8
0007
019b
00a7
01e1
01c3
feac
fea5
0086
0182
0111
0139
01d7
0168
fe97
ffc1
ff26
0132
0081
ff2f
fe90
ff25
ff3f
fe46
0112
feed
fe8b
0024
006b
00d1
01d0
0137
008d
01bb
00c3
ffdb
fe4c
0112
00ed
00bc
fe0e
ffff
fe9d
01cd
fee3
00f1
017b
fff3
fe31
fee4
fe52
00de
fe51
00ed
ff70
00ba
0027
01e3
01dd
015a
fe02
ffe3
01d1
00c1
ff49
fe59
01d7
ff51
0115
004d
01de
ffb4
fe37
01a2
ff63
0188
0085
009f
0170
ff27
016f
0121
ffe5
00f2
010c
005c
ffec
ffb0
000a
ffef
00f9
01a4
ffe7
00b3
ff2b
0093
fff2
ff26
000d
ff62
feea
0193
01d6
ffa3
ff73
00dd
fffe
feb5
01f9
ffae
0059
011e
002f
ff9d
00d4
0140
0085
fe2a
fe58
ff89
ff93
ff4e
01aa
fea5
0001
004d
01e4
015b
0083
0115
fe6f
feeb
fe78
00ad
ff47
0021
0181
0078
0151
01da
00ff
ffc3
feb7
fea4
feba
fe23
00a5
fec4
ffe1
fe29
fe54
fec3
007f
febb
0121
ff06
ff95
0038
005d
ff45
ff78
ffce
ff18
ff0a
ffd3
0010
01f7
006d
ff29
002b
ffa2
fea0
ff17
0141
ff74
ff97
fe23
00cf
01d6
ff02
002a
fea7
003b
ffc3
fe08
ff25
ffa8
fe06
0158
ff04
ff29
01e1
fe54
008c
ffc2
ff65
01a7
0088
018a
ffd9
0033
ff82
fecd
00cc
01eb
002d
00d2
0043
ffbe
0049
0123
fe86
ff66
0101
fee9
fec2
ff1b
01af
ff27
0161
0017
ff8f
ff6b
fe8c
001e
0186
009d
0102
fe68
00c1
011e
0112
ff01
ff37
fe47
0071
018c
0153
ffae
01bf
ffa0
0121
feb3
fec7
0137
fef9
01bb
ff57
fe42
ff9c
ffdd
ffec
fec2
0106
0140
fe8e
ffb3
ff96
ffbf
01ef
feba
ff88
fecc
ff0a
ff8f
0173
0128
0018
01c5
fe3b
00ce
00c3
ffa5
fe46
ff94
0186
ffb8
ffb2
fe0e
ff25
ffe4
01a1
01c6
febb
0035
0051
0123
00a1
0061
feb5
fefe
01f8
00f6
feb4
ffd7
ff16
0146
ffeb
fe24
01e1
0043
ff26
00f6
ff2a
feed
0092
008f
fe9a
00e0
ff88
ff9a
005c
0164
0107
0128
fe48
ff24
0186
fe9d
004d
ff3d
ff81
01ea
00cc
ff3e
ff30
016f
001e
ffb1
feef
ff43
ff1d
0188
0163
ff6f
fe4e
0064
01c2
feae
00ee
fec9
fece
01f4
fff7
fe57
fe3d
feb0
01b9
0014
000e
0102
ff4c
ffe6
fef9
ff47
01f9
fff2
fe1a
ffcf
ff25
ff27
ff3c
ff6b
fe8b
fed8
003c
fec3
0028
01be
0010
015b
fe54
fe99
ff21
019c
fe78
00c6
00a9
0008
0143
011f
fe2d
005f
ffef
ffb2
feb6
ff26
fffb
ffb4
019f
008e
fe15
0000
015d
ff08
00a7
011b
ff9a
0062
fec2
018f
0028
ffe5
0018
0073
fead
00f1
ff28
0199
fe35
0117
0194
fe6a
0048
0164
01be
ff8e
ff48
fe0f
0022
fedb
0114
000e
ff95
01e0
01c4
001e
013b
ff0f
01fa
0025
ff60
fe1f
ffa9
00b6
0017
fedf
fe3f
017d
007b
0094
ff8a
00a4
0148
ff05
fefd
ffff
00dc
01c7
0188
ff63
00d5
016b
017d
0147
00ea
fed8
feb3
019f
ff0c
fec4
fe1f
0117
01d7
ffe6
0125
fec5
015f
fe75
005e
ff5d
0069
003a
fefe
00b2
fe00
ff27
fe03
febe
00b6
00b3
019e
ff96
fff1
00fe
01b0
0017
ff5e
0199
0133
fe1e
fed3
fe09
fedb
00a3
ffa9
007f
feeb
0068
febd
fed1
004f
fe7c
fff7
fee3
ff50
018e
ff53
ff53
01b8
0010
ff57
0184
fe37
0107
fe21
fefb
fecd
007a
fea9
010d
ffab
000d
0112
ffd6
01b4
00f1
ff7e
0167
fe11
015e
ffde
0044
00c6
0082
01c8
01bd
0006
00c1
002e
ff4f
ff7d
ffc7
01b2
0096
fe2f
00fa
01cb
004a
fffa
fe2b
fed0
01ac
ff75
ff94
011c
00a7
ff10
fe43
01ee
014f
01bc
0186
00f1
fe18
ff94
ffa1
fe8b
01ec
ff0d
feb3
013d
003b
ffa9
fea1
016c
fe2e
01d1
00bd
fe05
ff94
005c
0159
0197
0044
fe83
fe4f
feb0
00c4
0108
014c
010c
ffdb
0043
01e0
0134
fe01
017a
004e
01e1
ff3b
0131
0173
0128
006a
01c1
00f5
006e
0159
ff5c
00c5
fe4c
0165
0183
0186
007b
fe86
ffd0
00a6
ffd9
0103
fe31
00b5
ff3f
ff76
01fa
fe8d
fecb
ff6a
fe41
ffd4
ff6e
fe14
017f
0173
ff6f
0050
012c
0185
007d
fe4d
ff46
01d4
ff43
feda
feef
01c9
0043
0071
006a
0121
fe42
0023
00a7
01b0
fe8a
fe7a
0059
ffc2
01a3
0079
ffa5
0105
fe8b
0164
fe52
fe57
febb
00f3
fe0e
005b
0078
fe76
fe02
fe43
fe58
ff3f
ff5a
01c2
fea6
ff1d
fe29
ff14
fed0
fe9d
fe85
feed
ff9d
fecd
01e5
0176
fea4
feeb
01c9
0190
ff58
fed0
ff1b
00fa
0160
ff0a
fea5
fe47
fffc
fec1
0106
00f9
0097
0123
0074
ffef
febb
ff38
013d
00ea
0044
00d2
00fd
fe2a
fe10
fe02
ff25
000f
ffad
ff18
ff7d
feed
01ea
01df
ff01
0034
0016
ff1c
fe53
ff60
00cf
0096
ff99
fec2
01f5
ff28
0002
0091
ff84
feed
fff1
00d2
0131
fed3
0032
011a
00da
fe41
00a7
ffda
0127
fe45
015e
0029
ff46
0018
fe5f
0024
fea2
00ad
0155
fe0f
0022
ffd0
ff6f
0006
00f4
fee8
ff5e
01fa
ff98
fe97
0143
0048
fe57
0010
fe0a
fe3d
ff44
00a2
ff60
013c
ffdf
ff95
fe40
ff84
01a1
0198
00ad
00c5
00eb
feef
fe22
0159
00e8
ff7d
01d6
ffd3
0114
fe1e
ff81
01f4
014e
0123
ff4b
ff3b
016e
010c
018e
ffb7
0005
fe81
ff44
fe04
0068
ff7a
feca
ff3b
0000
ff69
012e
000d
015e
0090
0165
01ec
01b6
fef5
0001
0085
000e
0005
0047
0100
fe2f
01ff
ff9f
0160
002d
0140
fe4a
fe2c
0150
feaf
0039
fe34
fe3c
01f1
011e
00cc
01c6
018f
01cc
ff7a
fe33
00d8
ffae
0076
0171
fe88
ffc0
fec7
ff52
01a0
ff07
01fa
0086
0185
ff3c
01e8
0004
01ee
00ba
ffca
fe5b
00e2
001c
0126
fec5
0074
ff09
ff1e
ff29
fe82
00b8
ff8e
fe5a
fe37
01ea
01c4
fe9f
fe67
ff1d
01bb
ff15
0010
fea5
006b
00da
ff0b
01be
00f7
fe57
00a3
fed3
fece
fee1
0073
0077
00ec
ff71
fe0e
01cc
013d
013c
ffb6
febb
0157
0022
01e3
0174
01f1
0103
ff29
016f
ffa5
0164
ff89
0024
fe92
ff18
01b8
0093
00e7
0054
0199
00bf
fff7
ff4c
01b0
ff05
00b8
ffc0
01fa
ff3c
fec6
018e
008b
ff64
feb3
0087
ff4e
002d
00d9
feee
fee6
0107
0093
009f
007a
00aa
fe03
ff83
006b
ff7e
ff5b
ff45
01cd
ffed
fea2
0013
fed8
fe68
0107
feb6
0120
01b5
01e0
ff20
ff20
fe76
fee7
ff35
fef5
013b
fec0
0040
fea7
fecc
ffbc
006a
0139
ff60
019e
0022
00b3
ff65
013a
0016
ff6a
ff4b
feaf
ffb0
00dc
01a5
feb9
00a7
0165
006b
01ab
fe73
ff1e
00cb
ff67
01fe
ffcf
ffd9
fe85
ff01
0185
0179
fecb
00e2
ffcc
fef7
0094
ff12
ff98
ffe5
0084
01f8
00bf
01d9
0028
005e
fe25
ff71
002c
ff90
0200
fee1
007e
0184
ff64
fee0
fe63
01a4
0101
015b
008a
00b3
ffd0
00a5
01f4
ff28
fe35
01da
ff1e
fe02
feac
fe26
ff1b
fee0
fe70
0091
007e
ff8c
fe80
fe62
ffd6
ff6b
00e0
0110
00f1
0159
ffad
0123
fe51
ffc8
fe0f
0191
fe16
0151
ff3a
ff9b
fe81
ff08
0088
003e
005b
019e
00bc
014e
01ed
00a3
0021
006f
018c
00a8
0135
00ae
013a
003e
fe1d
ffb6
01bc
0063
0139
016d
ff09
ff6e
01d1
ff85
ff5d
ff8b
fe9f
002a
ff4f
ff7a
01e1
fef8
01d9
fffc
0178
ff78
feee
fe6f
fe4e
feb8
fec1
ff19
ff2d
ffad
00df
00ed
fecc
fec4
0103
01e8
ff01
00af
ffa0
ffca
018d
004b
fec3
ff1f
0158
fec3
ff82
ff0a
ff6c
0020
0034
0098
ff5a
0190
00b0
fecc
feb9
012b
fe17
fe7f
ff82
00bf
017b
fffc
00a5
016b
fefd
00a0
fe86
01da
01f2
0060
fff5
0111
fe78
00c2
00a7
ff5a
feb7
0035
01aa
fe0c
ff47
ff21
00b3
01a2
fe8a
011d
002c
01be
0044
fe3b
013c
fe30
01a5
fee3
ff0d
0067
00a2
0061
ff3e
01e9
018e
fe0e
0098
ff3d
0150
fe36
0063
ff6d
ff40
fea0
015e
019f
ff1b
015c
00b7
ff0e
00e0
ff59
fea8
febe
fff0
fee6
ff9e
01d3
ff88
fe38
0102
00a3
001d
00d7
0005
018b
fe4e
007e
0190
0177
ffc8
01ca
fe1e
012a
00b2
ffb7
00ca
0059
ff4d
ff6a
003f
ff98
fef3
00d1
0106
ff3c
006a
000b
ff57
013e
fe38
fe9f
ff7c
011f
014b
fea0
fe9d
ffff
fe8a
ffba
0097
019f
fec8
ff5b
ff46
fe63
0180
0014
ffb5
fe7c
01f2
fe96
fe22
fe63
ff81
ff5e
01f0
ff98
0053
feb3
ff33
00fb
fe01
00ac
007a
ffcf
006e
fe18
014d
00d5
fe91
00a1
003d
00c4
fecd
0067
ff31
00d1
fe4e
fe1d
0134
fe11
0174
ffde
0171
01b8
0059
fe08
ff67
01a2
fe8a
fe1c
fe59
feba
ff04
0125
0111
ff66
ffc2
fedc
fe3d
fe53
0127
013e
0043
ff5e
010a
fe35
008c
015c
ff9b
00d9
fff7
fe42
0152
01f0
fe61
ff99
00b4
01a9
ff78
ff93
ffb2
fe49
ff99
fef4
0059
0096
00a3
0070
ff26
ff71
0152
0034
fe71
010f
fee2
01fb
ff4c
010a
ffc6
0147
0118
ff07
018a
00e6
fe5e
ffd2
ffba
0132
01e3
ffcb
fea0
fee3
ff39
ff52
006d
fe39
008d
fee9
ff0c
ff70
0154
000d
fe1b
00ee
ff1a
fe5b
ffba
018e
0029
0155
fe7a
fffe
0021
ff8b
00b2
fed7
0025
01ef
00f8
0059
fe77
001e
fedc
00df
0047
ff8e
00b9
ffdc
ffed
ff98
ff81
0107
fef9
0002
ff59
00c5
0120
fe37
fe59
0178
fee0
0008
ff9b
0067
feaf
fed6
0200
0160
00d2
ff6f
ff2d
fef9
004c
005b
ff64
01e3
005b
fffa
ffec
fe9f
01d2
ff8a
00dd
0169
0026
009f
fed3
ff1f
01b5
00cf
ff09
fe80
01af
0135
01db
008d
007e
01df
ff20
0044
fe5d
0149
fe87
01b5
ff6b
fe8b
fee7
0126
ffd9
0055
fedb
0167
005c
fe3f
fe64
013b
014c
00f1
ffd1
fff6
ff4d
fedd
feee
ff29
005e
00dd
01e2
fff8
0174
ff31
ff7e
00bb
ff73
fe2c
00ad
ff32
fed2
0084
fffb
fed1
fed4
01d1
01f2
004a
00ae
feb9
ffab
fe54
013b
0012
00b8
ffc2
00b8
0015
fe87
0199
ff04
fe4e
fec6
0183
003f
00ad
0008
018c
fe24
00bf
0092
fff0
00d2
00e5
00de
0100
ff9c
fe23
0126
0077
0134
fe2d
fef3
0083
fe31
0178
ff25
febd
ff00
fe67
0055
ff93
00e4
fff0
fea9
ffc8
0176
008a
004b
fe2a
fe85
01af
0033
010d
ffb5
ff48
019f
fe16
ff43
fe05
ff55
fe65
febc
00f5
fe6f
ffcb
ffcf
01f8
000a
007f
00ff
0082
01fa
fe66
fff3
ff0a
ffb4
ffdb
fec9
ff1f
fed8
fe55
febb
0178
01a0
0199
0129
fe1c
008c
ffaf
ff03
0065
0059
0137
fe66
01aa
fffa
0124
001c
0075
fef7
0083
000b
0023
019e
0192
fed3
007d
0094
fe9c
017c
00ba
fe0d
fede
00a1
fed7
ff92
fe0a
fe25
fe25
007b
01b3
fee1
fe28
01ff
ffe4
0031
0069
001c
ff9b
0136
0193
01d0
0074
00a5
fe1e
005a
feda
00bb
feba
ff3a
0114
01a6
0019
00ca
003a
ffc5
ff76
01a2
01bb
0012
01ce
fec0
feaa
ff61
fe6a
0002
00e1
00a8
00e1
fe74
0112
00ba
ff64
0047
01cf
fe5a
006c
008d
0029
008f
fe99
00ca
fe28
0197
ff63
00df
005b
001d
01ed
fe03
0190
ff43
fff3
00c7
ffdd
fee8
fe61
010a
018f
0107
fe4b
0098
fe34
fe19
01ac
0000
ffb2
ff68
01b8
fed2
0133
fe72
001d
fed6
ff18
fe77
fe15
000f
0162
0047
fe8b
00ab
01da
00b5
001f
00ac
ffd9
fe60
ffe7
0189
fe24
010f
008c
fe57
ff9f
fee9
fff3
fe3d
0080
ff32
ffed
01f0
01f3
0177
ff70
0192
0019
ff60
fe4e
00e2
005d
00bb
0031
ffd5
0120
fe0b
fe79
fecd
ff16
00a4
ff51
fe27
fe55
ff4d
ff3d
fea0
ff1d
ff35
ff7e
0142
011c
fe26
00f4
004e
00c1
fe20
ffe5
fe14
00f0
00f0
00bd
feb0
00f7
00ec
fe84
0146
ff80
00e3
0004
ff33
ffb3
ff7b
ff14
fee4
008c
fec4
ff52
00dc
000b
01be
0019
0192
ff7a
0128
0159
00e2
fec7
0089
ff32
0013
ff6f
00b0
0194
fea5
00fe
00fd
0025
00d0
ff30
014f
ffa7
ff99
ff42
01ad
016a
fff4
fe03
00ec
ff17
fe3f
0187
0145
fec1
fe6a
011b
0050
ff98
0172
fe06
ffd5
013b
01e1
01f3
0166
0139
013d
fe7d
007a
ff68
ff56
0090
fef9
0198
ff45
011e
ffd2
ff01
000b
fe24
01a9
0082
01d6
00c8
ffc0
007f
fe3a
01ed
ff19
002b
ffa7
00fd
fe1f
004b
0173
ffd0
fe0d
ffc3
0118
ff10
0007
ff98
ff00
011f
01d7
00e3
01c1
ff14
fe3f
012b
0163
00c2
007a
ff23
0052
01fd
0015
012d
ffed
01b2
ff9d
ff76
01f9
01a5
fe4d
0147
ff9e
0056
0167
fed4
0079
0029
ff4d
ff34
ffac
0075
ff0b
ff4f
00c6
ffac
ff46
fe7a
fed6
ff03
0004
004a
0044
ff7c
fe7d
003b
00f8
fedc
014f
0015
00ac
0015
fedc
fe73
fe3c
00bb
0164
01df
008a
ffd4
fef4
0166
015f
feab
0000
00c0
ff33
fe52
fe12
ff02
0117
00eb
fe39
00fb
00ad
0131
fee3
fed7
ff8b
ffb0
0095
0138
ff27
fe54
feaa
fe42
00d5
ffa9
014b
feed
014a
ffa8
00b5
feb9
fed3
ff19
002f
ffe2
ff5e
ffb9
0113
017b
ff97
ffa0
fe17
003e
0159
ffb8
fed0
00e7
00a9
0002
ffde
01fd
ffb2
fe68
fedd
001f
0175
fecf
fe4c
fecc
009f
00a5
feea
0043
fec8
ffec
006c
fe84
fec6
0121
01d7
ff31
0098
ffcc
ff0b
ffe7
ff1a
fe51
fe6e
01bd
01d0
ffe1
0164
fffa
ffbd
fec7
00a8
ff65
005c
fed0
0197
019b
ff9d
01ce
0018
01d4
ff86
019f
ff47
ffb6
013b
00ce
0170
0018
011f
ff56
ff0c
01eb
fee1
ffe0
00c3
0036
fe0f
0071
0191
ffb1
0129
ffcc
0050
0084
fe32
00e1
fe47
0169
fe33
fe2c
fe62
fe6d
0141
0067
019f
00a7
fe35
010e
fed9
015d
0030
fe59
00b6
fe5b
fe7f
00ca
fef2
fe1c
fec9
fe46
ffb2
014b
003c
fece
fedd
ff72
fef9
ff3e
ffe9
ffd9
01dd
0014
0133
ffa2
fe68
01e7
fe99
ffd3
ff0a
0126
01aa
fe87
fff8
ffd3
fef2
ff3e
0178
01ed
015c
000c
ff89
fe4b
011f
ff3d
01f2
ff1c
fe62
0074
0117
01d6
01a6
015d
00a8
ffd9
fe83
0064
ffe6
00b8
006e
ffeb
0179
002d
0056
010b
0094
008f
ffa9
fec3
006d
0064
ff8f
fed0
fff0
0144
ff4f
0086
ffb3
0158
01b7
fff5
0032
00ea
0123
fe87
01cf
0185
fec6
ff55
fef6
0022
001e
fe11
011f
0124
ff97
fe32
ff4d
fe7b
0153
0167
00aa
016a
0109
fe53
0022
01c9
fe1d
feb0
fe48
ff35
ffe4
ff50
00a8
0166
ff1e
0055
01e4
fff9
fe98
0027
ff2d
ff8c
fff8
ff13
fe1b
fe38
0188
0035
0069
fe29
010c
01bb
ff57
fe4e
ff56
fe12
0132
00d5
febb
0081
fe35
01b2
ffdb
0012
0104
fe79
0176
019a
01e8
ff53
ffba
fee1
fec1
ffbd
0132
0092
0037
ffd8
fe79
008c
003b
feb1
ff7b
fedc
01ac
fe2e
01d3
00d5
0000
017a
ff62
fe4c
ff69
ff48
0171
ff97
0067
fe68
fe6f
ffd7
fe30
00f4
000f
01a3
0041
003b
00a5
00fe
ff0b
fe88
0187
fee8
fec7
ff3a
ff50
00b4
0151
ffbc
0002
00d0
00d4
0008
fe16
fe81
015d
fee3
015d
01ac
fe97
fecc
01a5
ff2c
010e
ff7a
0144
fe45
00c0
0167
003a
0042
ff20
feab
018c
0082
ff82
fe5a
ffc2
018e
0144
ff17
fe45
ff93
0045
ffa5
001f
fe70
00ee
0046
0112
ff0d
fe4b
ff8b
0067
ffa7
0195
005a
fe06
fe56
016c
017d
fe15
ff55
fed3
00ef
015a
ffd8
0026
0136
0200
00d5
ff3d
feba
009e
ffb8
fe55
0125
0101
003a
00a2
ff8f
ffe4
fe4a
01ee
fff9
ffa4
003f
ff49
ff79
019c
ffda
fe59
fea0
ffda
012a
012d
0161
fe38
ff2a
004e
0077
fe5b
ffa1
0062
01e3
010e
fee7
00ca
feb6
01a9
00e8
ffca
fe5a
fecf
00dd
01b0
ff86
007b
0050
feca
fe06
fe8b
017b
ff9a
01f6
ffa2
01e8
013e
01c8
ff49
ff3c
fe08
01a3
fe97
014d
008f
ff6e
fea4
00b8
01a4
ff8b
01ea
015b
fe68
ff42
0000
0055
005a
017c
fe03
01f1
fe8c
01c6
0054
01bc
00ee
01d6
fe8f
0077
ffaf
0159
01b4
00d0
018a
ff28
01da
00e3
fe83
000e
ffac
ff15
0049
fea6
ff6a
fe08
01a5
01dc
0039
ff73
fe0a
017a
00d0
006a
017f
fe61
fe43
fe5e
fffd
0162
febb
fe5f
0100
01c2
ffad
feef
0023
fe25
ff63
01cb
fe60
fe89
fe26
0003
ff2a
0180
ff44
ffbc
ffe9
ffc0
fe24
fe7d
0197
01e8
00a7
ff36
fe93
fe7e
fe62
fe73
ffd3
0136
001c
fe13
01f4
0017
fecd
ff32
fea3
00f6
008c
ff9a
ffb0
0064
fffb
ff43
ff7b
00d4
fe89
fecf
0048
0150
0163
0008
ff39
fee3
00f9
012f
fef6
ff7d
fe64
0144
fe3f
002c
0085
ffe3
fe22
fe71
fe43
fe2c
ffde
009e
fee5
febb
0047
000c
01bb
fe76
feda
0162
ffde
001e
002b
fee2
ff14
fef1
00f6
00e4
0023
00ec
fe6e
fe80
0144
0054
00e6
003d
fe0e
ff1a
01ea
00af
ffc3
ffa2
fe9b
0164
00c7
fe95
ff4b
ff68
ffdd
feb5
004a
0108
fe77
00db
ffb8
01b1
ff9d
01bc
fed0
018a
ff92
00cf
0081
00bb
fe32
0164
feda
0086
011c
0160
00fd
ffe9
ff0f
00fc
0100
011a
0041
ff83
ffa9
fe8c
0103
ffa8
ff77
ff8b
fe63
00b2
0105
fe81
fed4
fe5f
00eb
ff38
ff50
00dc
01b1
0152
00b7
0066
0050
0093
016b
ff5e
019c
ff1a
01b6
ff1d
0146
00d1
0089
fef9
fe3d
ff28
00db
009a
ffa0
fefa
0050
00e7
fe63
fec0
0180
ffd7
fe21
01a3
01ce
fe86
ffe6
fe9b
ffa3
ffa8
ff95
00d9
00f8
fe0e
0060
003d
fe13
00b6
fe79
00c1
ff51
0149
fea0
0177
ff29
01a5
01ce
0083
fe1b
00ff
fe2f
fea8
01b9
01e3
fe0e
fffa
fe77
fede
0107
fecb
0147
ff04
01d0
006e
0117
fe0b
fe40
ffbc
ff54
ff6b
01b2
ff6d
019e
ff87
fe16
fe5c
01c3
01e0
011b
0024
01a1
00b4
fecb
ff5c
fe53
0194
01e1
01d6
0023
0165
ffcd
fe5f
fe40
009e
010e
01e3
ffe2
fe2f
ff98
00ad
ff8d
ff3f
005a
ff74
017e
fed8
000c
0111
ffbc
fe80
00f4
012c
ff31
014a
01eb
fed5
001d
0160
00db
00ef
0131
00d8
014a
0016
fe0e
ffaa
01a9
00ef
ffb7
febd
0088
fe19
0100
0159
ffa0
0166
fffc
015a
008b
feed
fe22
ffa8
0062
fe98
ffb6
006a
feaf
ffa3
ff47
ffe2
0179
009a
0058
ff40
ffec
01f3
fe0e
ff0d
01e3
fe87
fe06
0076
018b
0024
ff94
ff1f
00b9
0070
ff16
ff7a
0096
013a
005d
00cc
019b
01da
0151
ff6b
01a1
ffac
001c
015b
017f
01ec
fe7e
00bd
01ee
00be
fe64
0096
01f4
00eb
0182
fe89
febf
0044
005d
017d
00bb
01a4
fee4
00c5
0193
014c
fe43
012f
00cf
fe0d
00d5
fe2f
01c3
0167
ffc3
fe78
0070
ff8e
ffbd
feeb
013d
fef1
fe6d
0019
008c
00b7
fe68
019c
ff31
fe25
0140
0000
01db
002d
ffc8
0059
ff4c
fff8
ff9b
01ec
fff1
fff3
002a
00c3
ff81
009b
ff31
fe80
0113
ff8c
ffa4
ffab
010c
ff4e
01e3
0069
fea2
fec3
0076
ffbf
fe3b
fe6f
00cb
feb2
0199
0052
007e
01f0
0103
0034
ffc7
00f9
fedf
0098
0124
00f4
fef2
ff2a
01cc
0113
00cd
0022
ff31
ff17
fe9b
ff3a
febf
000f
fe5b
ffc2
00d8
011d
00c9
fed8
01c2
fe33
ff9e
0149
fe2a
014c
0166
fff3
fed7
fea4
00b2
0152
0073
ffb7
01f2
01b1
ff61
004b
01c0
00e9
fec8
fe03
00b9
00c7
01ac
ff35
0030
fe68
fe80
019c
ff72
01f3
0069
ff37
ff47
fe90
ffed
ff4b
01ae
fe4d
fef7
00d1
00af
016b
00cc
ffd0
fee6
0149
01e2
feb6
01bd
006d
fe3e
00ba
01d5
fef2
0064
fed2
00f8
fe55
ff73
007c
ff75
00b8
01d2
ffca
0108
00b3
fe1b
00fb
00b5
0192
ffa2
01a8
0154
0087
0171
016d
01d2
ff86
ff46
01d7
fe68
ff89
fe57
01f6
fe02
ff46
fed5
ff4e
ffb1
fee5
fef8
016c
ff83
fe2b
ff4a
0105
ff48
fef3
015e
00ae
ffcd
01a8
fe7a
fee3
fee0
ff97
fed7
fed5
feae
fea2
fe13
ff70
0009
01a9
ff2b
0079
0059
ffc8
0093
0039
ff0b
01f6
ff54
00a2
ff99
ffe8
ff03
0126
01cb
0108
fe7b
ff74
fe27
0040
fec9
fe61
016d
fe45
ff32
ffb0
0071
fe9c
ff8b
fe28
0199
0107
017f
01c9
ffa8
0031
fe99
00d3
01ee
016b
00a6
fe23
fe41
feeb
01c3
0184
ff90
0194
fe0f
0004
fff7
fe54
ffd3
0087
0036
fe43
0120
00ef
ffa9
fff2
ff82
0086
fe24
fed7
fe64
feb5
ffc0
00d5
fed9
0121
002f
ff98
ff7e
0181
019c
01ab
ffc0
febf
ff74
fefe
00ba
ff79
fe95
0013
0177
006d
ffa7
ff10
fede
fff2
ffaf
007a
0005
fe62
fedb
ff2f
01fe
001a
ff13
feab
fee4
ff9b
fffc
ffc6
ff0d
019f
ff94
01f9
01f7
fed2
00e6
0164
ff6b
fe02
0147
ff05
ff0c
011f
00f2
ff96
ffa2
00de
ffcf
01ff
fe66
014e
01b6
fe56
0091
ff9c
0085
ff4e
fe3a
009a
01ec
fe95
0138
0075
ff6d
ffcd
fe22
01cd
feec
ffa5
0191
0052
006f
0052
fe0e
00ce
0029
feba
fe1f
fe33
01bf
fe60
ff31
feaf
fe70
000d
007c
fe97
fe80
fea4
ffca
fe46
0080
00ab
01b5
fe30
01e6
013b
0051
fe35
ffe8
00d8
00cd
0092
ff5d
015b
ff85
0129
fe6b
fe3b
0024
ffb5
0064
ff36
fe18
0137
000f
fffb
fe27
fe51
ff6c
019e
ff31
ffcb
00a0
0060
0121
fe9f
01cf
ffc2
0024
001c
fe44
00ed
0061
000a
ffdd
0074
00a8
0056
0031
0105
01e1
fee5
fe9d
0156
ff93
ff67
ffab
0031
00f8
018a
0187
0147
ffae
018e
00bc
fec1
ffbc
01d2
007a
fed7
fe2d
fe40
fe92
ffdf
0161
0090
fec2
feba
01dc
005d
01f6
01bc
fe7a
0079
01c8
00f7
01ca
ff04
ffcf
fe65
0198
ffec
ffff
ffd0
fe46
0044
fee0
0116
00b1
0154
00c3
ff23
0111
01a7
ff07
0151
ff43
ffd9
fe4d
00fd
01b0
01a1
fee8
00a2
0013
ff0a
0061
fe4a
ff90
0056
0017
ffe7
fea6
01ab
fee8
01e5
0091
ff71
0072
fed5
fe06
ffa0
ffc4
00e7
ff6e
00fb
00a9
ffd9
007a
ff8d
fe70
0107
000d
0050
0119
0027
feac
fe76
fe00
ff0f
ffd2
fe01
ff05
004e
ff61
ff48
01e4
fe4c
01f9
007d
ffe8
00dc
fef5
ffae
ffc3
ff3a
ff3d
003c
01d0
0072
0193
005c
ff8a
00be
ffa6
ff14
01b1
01d3
ff4e
ffc7
0171
011d
0037
ffbe
00c9
0074
01b2
ff0f
0175
0103
0197
0145
ffb0
fe68
000b
fe66
01da
fe60
014c
ff64
fe38
fe1f
0004
ff68
fe8d
fe41
002e
00a8
fe2d
0064
0122
fed2
0108
0141
00a5
ffa5
fffd
ff50
018c
0113
0083
019d
ff2f
fec7
0042
019e
feed
ff17
006d
fffc
0200
00ba
0148
00ae
fe8a
00e7
01f1
fe1d
fee5
ff2d
ff17
000c
0036
ff04
ffea
ff4b
00cb
00ba
ffc6
ffe0
fe5d
ff8f
01e8
00fb
ff64
0128
01c0
01f6
ffa0
0194
0113
006a
ffd1
fef7
01b3
0151
002d
0087
feb0
fec7
ff34
ffcf
01f5
ff70
fe78
01ad
ff7c
01d8
ff09
fe35
ffe7
ff7e
ff93
fe40
00b9
00cb
01d9
007a
00a2
00af
0095
feae
006b
013d
fe97
01eb
008b
00cd
0173
fec0
fef6
fe20
ff3a
00ef
ffef
fe32
fea2
fed3
0075
0168
0112
0053
0093
01d1
fe79
ffe2
002f
00a4
014f
009c
fe73
fea8
fe9f
fe50
0081
ff13
fe6b
006a
001d
ffc8
0094
ffb7
ffa7
ff1b
0194
0104
ff3e
fea5
001c
0101
009f
00a2
0058
0179
00a5
ff8f
fe23
0163
ff28
0084
fe96
ff0e
ffd9
ff07
01de
007c
fe5e
018f
0187
ff2d
011a
feaf
ffe6
01a8
0155
009e
ffcb
fe5a
fe2a
0033
0136
ff27
ffc0
ffd6
0151
ff66
ff2a
fe67
ffee
fec7
fe08
ffe8
feeb
fe82
fe54
ff89
fffb
ff3b
ffbc
00b0
0141
0144
fea7
00f4
feb4
0084
011b
fefb
009b
fe6a
fe99
fe63
005a
0061
fe49
ff5b
fedc
00fc
00d2
0046
ff5f
01a1
0168
ff84
fff3
febf
fefb
0152
ff45
01fb
01a1
ff6d
fe00
fec0
fe23
01d8
ff3a
ffa7
00a0
fe68
feaf
000b
ff07
0014
00a6
0167
fef2
0123
fe08
0047
0065
0153
008a
01f5
0074
fe6e
fe23
01f2
ff05
fefa
fe42
ffae
0000
ffd0
fef5
ffc9
ff86
005c
0177
005b
01b2
01d3
0158
ffb5
ffa1
fe09
ffba
00ed
ff54
0075
ffbd
fe44
017b
0145
00b6
ffb4
ff08
0058
feb3
ff09
fe79
00a5
fe67
ff09
fe88
fee1
fee3
fe60
fef3
ff2c
0104
0070
fe3e
0187
fed1
ff86
fe19
ffdd
ff51
fe10
0180
001d
0053
ff73
0125
0085
fed7
ff55
fef4
ff28
01ca
ff3f
fe14
fe45
0060
ffbc
fef3
0014
0010
0199
01e1
ffc7
0028
017e
01a6
006b
018d
ffc0
015b
fed8
0158
0122
ff9a
fef9
00e9
fff0
fe28
0200
fe8c
fe2a
0141
00db
ff9b
ffa3
00a2
017c
fedf
fe5d
01ee
0176
0073
002f
011d
003a
0110
ff3c
ff00
fe22
fe8c
ff62
fe56
008a
00e9
01bd
017c
ff9f
0135
fe7c
00db
0111
01aa
0138
0006
fee1
ff63
004a
ff5e
013c
000f
ff1d
fea5
007c
017b
006d
0179
fe05
01fb
ffa3
0045
ff9f
fe1b
0075
fec7
0140
00e5
010e
00ed
010f
ffae
0080
fe10
fe78
fed1
0156
fee1
0151
00b0
ffc1
00b8
00ac
00c8
00f4
ff2c
0080
00b7
feac
0009
00bd
0031
0040
ff37
014d
012b
ffc4
fed6
ffd6
0027
0195
ff08
0046
ff1b
0035
fe60
fe13
ffe9
00e4
00aa
feee
019c
fe79
0030
ff3a
01e5
ffbb
ffd2
00aa
febb
fed9
0019
01ec
01be
0070
015d
00e8
ff7b
feba
fef0
ff01
013a
002d
feaf
0051
ff54
01c8
0151
fff7
00fd
0030
002a
00a2
ff65
0012
ffbc
fec9
0054
0117
0133
00b5
01b8
fec3
fe8d
fff2
ff52
01a9
ff83
00e1
0020
fe49
ff17
fe0f
00f1
018d
0049
007d
00a1
ff6e
fe1e
005f
ff4e
fe35
0185
018c
fef6
017f
01c8
fea8
fe48
01b8
017e
ffcd
0034
ff05
01d3
0192
feb0
00d3
0150
007a
01f8
01c8
019b
0081
0079
feaa
feeb
fed9
fe9b
fff8
0165
0187
fe8b
01b9
fe2e
ff6d
ff22
014a
00a5
ff55
00af
ff42
fff2
01d8
0122
ff5a
fec6
00ec
ff46
01a5
fec6
ff37
00a8
fe4c
feea
0064
007e
0031
ff64
ffa8
0124
01c7
fe28
0027
0133
fee5
0060
00f5
010e
004f
005c
fea3
0197
ffcd
0050
01ca
fe2a
ffe8
fe24
fee0
fe2d
00ae
0163
ff24
0063
fe50
fed2
fec8
0077
01bf
0075
ff1f
016d
0008
00e4
0013
0159
015f
007e
01dc
017e
ffe7
ff6f
01a3
004b
ff12
fec7
ff74
ff08
0002
0040
0037
fed9
0088
fee4
fe08
ff93
fe86
008b
fe5c
0021
01e3
016b
fef6
ff5d
000e
ff8f
ffda
0082
ff70
fe4c
fe6b
fe02
ff90
fec2
fe65
01f6
febb
0073
ff92
00d9
0169
ff47
ffec
ff54
01a1
0113
ff9c
fe6d
016b
01f1
ff33
0141
fe9d
ff60
ff5a
0087
ff48
014a
00e2
0161
0156
0052
ffa7
013d
0142
0155
ffcb
01af
feaf
fe15
01ce
fe49
0098
00b1
0098
01de
0042
fe92
fe7d
fe89
005d
ff79
002f
fff2
feb3
fec2
ff85
fe45
006d
017e
000c
feac
fe42
fe26
ff09
ffde
feac
0166
ff0c
00cf
fe9c
ffa7
ffd4
01c8
feba
ffc8
01b4
ff43
01a9
00ff
ffff
ff1d
fee7
0071
01e3
fe78
0139
ffbd
0174
01a0
ff01
0116
fe50
fe06
fffa
00ed
fe3f
ff0d
feb6
fed8
ffc3
ff51
011b
00f9
ffa7
fe92
0145
ff97
ff26
ffdc
01c3
0148
0064
00d2
ff42
0035
0060
012d
00fe
ffe8
fff2
ff97
014e
ff18
013d
0041
ffa6
ff59
fe55
008b
00b9
fe47
0052
ff80
01e5
ff14
fe5c
ff53
ffac
00f4
01af
0163
ffd2
ff06
ff72
01db
ff26
fe2a
fe51
0138
ff0f
fe7f
ff9e
010f
ffb0
01d1
fe07
0139
fefe
0015
01b4
fe67
0084
01de
fe6f
01e1
ff19
ff16
00d2
01a6
009e
fe7c
feab
ff94
fe01
fea9
014f
002c
ffa8
feec
00b3
ffe0
00ac
01d3
0123
ff89
ffd8
0121
fe91
01e0
01e0
fe23
0181
ff93
fe03
ff93
ffd0
0078
ff55
febb
01e0
0124
0120
ff63
fe3a
fe7e
fe9f
feca
01f5
fec2
fe93
ffa3
0123
0091
0031
fe71
01cf
009c
fec8
00b9
0013
fe28
0029
fe7a
fe44
0139
00ca
fe0b
01c6
00ce
ff7c
fff4
ff7b
ff51
0033
0182
01ad
ff19
ffba
0029
ff7e
fefd
ffc6
ff1d
feaa
0028
0198
01c3
00c2
fe12
ff26
ff90
00ce
fff9
fe58
fe26
000f
ff7f
fe4b
0181
0014
00de
fed8
0101
0029
0095
0136
00ba
0102
00d1
0089
ff8b
006e
01e9
ff92
fe60
fe5a
003a
00da
ff40
01ca
006e
0110
fff7
fe32
ff33
002f
ff62
013f
006e
001c
fe26
00c6
fedf
00ef
00bf
009d
ffc8
ffe6
0007
fe25
ff54
0084
ffab
001d
00c0
fff4
0121
00c1
0107
0090
00a4
017c
013c
0057
ffde
fed8
003a
feaf
00bb
01ac
ff2e
01e7
feaa
000c
ffb3
ff4e
fef2
0025
009a
fe20
00b9
fe01
ff3a
00e0
01d9
fed1
fff2
0119
ffd8
001d
fe68
fe0b
00c3
0025
008e
fe3f
fe03
011a
ffec
01af
01df
0055
ff03
0115
fe37
ffbd
ffd2
0161
fe84
febe
007c
fe93
00b3
ff0f
016f
feeb
fee6
ffb2
fed1
ff64
ff8b
ff9a
00f2
fea0
ffff
0031
ff90
0200
ff8a
0032
fea1
ffb0
01d6
ffe7
fe90
00c4
fe02
0072
ff60
ffaf
fe24
01be
00c3
ffcf
0137
ff1d
00ef
ff48
01f6
fe98
ffaa
01fd
00e6
01c6
0156
0009
ff67
fe07
01ea
001c
fe52
fe92
fe41
00c1
01dd
017d
01e4
fefc
ff9c
fe65
00f5
011d
0014
00c1
00b6
ff1f
00a1
ff33
fef8
00da
febb
0029
00ce
0131
fed5
0082
ff21
011e
0043
0006
00dc
ff4c
fe73
fee3
ff8d
01c9
febd
0083
ffc5
0009
018b
ff58
016c
ffa0
01a3
ff7f
01e0
ff0b
01c9
01d9
00e0
fe43
ffae
ff50
fe86
0083
0107
01fb
012d
0139
fe49
008a
ff26
ff47
0019
ff4d
ff59
01b1
fecc
00cf
ffca
013b
0090
ff18
018e
fede
012e
0100
0056
00a8
0189
008d
0116
01a5
fed9
ff01
01fa
01df
0188
ff69
ffb6
ff61
fee6
00c9
ff06
ff75
018a
ffc6
ffc9
0143
01c2
ff70
fe5b
0022
0054
0200
fec1
fe2b
01ee
0036
0169
fe50
0002
01d2
fe56
01c8
01da
00b1
01ce
0162
0034
fe4e
fe93
feb3
ffd3
ff81
ffba
0030
0087
ff66
013d
ffd3
fff2
feb4
fe2e
00ed
fe1a
ff70
0077
0137
01cc
fe7b
ff28
00ea
fefc
0072
ff2a
0110
015c
01e6
01c1
0097
ff5b
ffff
00c0
008b
ff5f
0140
010e
00ab
009d
0142
ff24
018b
fea3
006e
0110
ff90
fe33
0183
ffc5
0072
fe15
fe12
0056
fe01
fe7e
ffec
00a6
00e5
00ce
feac
003d
fe2c
ff16
fe79
fe8d
00ab
fe9c
0026
ff28
00c1
fff7
fe0c
017f
00b8
016c
012e
0113
01b3
feef
fe0a
0188
0015
fee8
00df
fe97
01ec
00ad
0128
0107
fecf
fe01
ff6f
0149
013d
00c2
fe44
fe75
ff44
00d5
ff6e
01a8
0053
01dd
0080
0063
fecf
00e8
ff62
01f3
fe4b
01a9
0174
0024
00f4
ff8e
fe0e
00fb
fff9
feec
ffa5
0110
0076
ff5c
fe3c
015a
00fb
01aa
ff6c
0140
005e
ff8f
0024
00c1
0080
0101
015a
fee7
0105
ffa4
fe49
ffab
01ec
00b2
ffd3
ffff
01ed
01d0
ffff
fee0
ff11
ff32
002b
0089
ff07
fe55
0100
ff53
0100
01b7
fe52
000e
01be
00f3
0072
011f
0175
fe84
015b
01c0
006f
fffc
fe25
0154
0059
0194
01dc
0116
00a7
00cc
ff05
00c2
0076
01af
ff24
ffa3
0075
feae
01a8
ff1e
0002
feee
ff50
00e0
01d1
fe53
ff78
015a
ff9b
0025
fe13
00cd
fe02
008c
00a1
feca
ff89
feb8
010f
fe55
0119
004c
fff7
ff02
fecb
00c4
ffac
ff83
014c
ff4b
017f
fe27
0032
0002
feae
fe04
019d
005c
0035
00ee
fe53
0159
fe42
fe56
ff93
fe03
ff28
feb0
ff9c
0129
0141
0086
fedd
fece
ffef
0086
feab
ff6f
ff6f
ffe2
01e3
febf
0174
ffda
00ad
002b
010e
018d
fedf
fe00
0145
fea5
00c1
005a
fe76
fe60
00f9
ff75
feca
fff9
00de
fe47
00a7
ffe3
ffca
0089
feb7
fea5
fe70
feca
0091
01ff
011f
013b
01fb
00bd
00df
fe5f
ff0e
0196
febe
00bb
ff17
014e
00bc
fe40
018d
0141
ff61
00da
01bb
01b8
ffea
00d7
fe1a
ffc2
fe9b
fff8
feb7
ff6c
0155
0187
ffec
0068
fedc
fe09
01f2
fe77
fe20
ff3e
fe6a
01d4
ff12
ff8d
0178
ff2c
fe51
ffa2
ff51
fe2d
ffab
fe89
ff3b
fe09
ff97
0135
01d1
fe13
01b1
0133
002b
fe2d
0183
ff65
01e2
ff95
fe97
ff8d
01b7
fe3e
0098
0117
fef0
012f
ff74
0114
0162
007e
ff6a
014d
0023
fef6
0153
feb3
00cc
fe12
01d9
005f
011e
0188
01f7
00d8
01d0
fff4
fe37
00e6
ffd6
fffb
0076
0007
0172
017f
0038
0041
ff03
fe32
ffef
ff15
01fa
ffa2
01f5
01ff
fe70
01c6
fe5a
fe24
fece
ffd3
fe9e
ffee
ff36
0164
006f
ff22
ffb6
0013
01ac
0059
003e
ff2d
000a
ffcf
0155
ffa6
fff6
fe51
ff16
0033
00e1
ffc7
001c
ffc0
fe25
fe99
01f1
0027
ffbc
fe3e
00da
0107
015b
0185
00ff
016c
0015
003c
0053
00b6
0053
fe07
fe06
00ec
fefe
0101
00d5
01fc
01d6
00ed
ff3f
ff43
fe25
0128
fff5
fed9
ff1e
ff9b
006b
0033
01b8
0010
ffcf
006b
fe7d
ff27
ffd4
00d1
00ad
ff9a
01dd
feee
01fb
0005
ff9e
0127
0146
fe58
0179
fe7d
010a
fe90
01b5
ffa8
009d
fe2c
ff23
018a
01ac
015c
fe49
ff0b
ff32
ffc4
01ec
fe96
fe5d
fe8c
fe3a
fe05
0099
fe86
00e5
fe5c
ffbb
01c2
fe90
ff99
0079
0077
fe3c
ffc6
01e1
ff6d
ffe6
00c0
fe6d
fe7e
019d
0088
0103
fe5f
fe58
fe20
ff7a
fe92
ffee
01e7
ffe9
fe78
ffc3
018a
fe16
ff00
fe59
ff59
019f
ffe4
01c8
fec3
008e
0170
018c
ffeb
fffa
fe89
0023
0101
01de
0122
ff71
004e
0057
0018
fe0b
ffb2
ffcc
ffd8
01bc
fe0e
feb6
012c
0094
fe8b
01f9
fe14
00ed
019b
01f6
fe65
0032
002c
ff9e
ff62
0006
0004
feb5
fed8
0143
0104
fe81
00c8
001f
001d
016f
0191
0196
0145
0145
0157
0007
fed1
ff31
015a
fe26
008a
ff77
0133
0066
fe48
0096
fe19
fe3d
fe1a
fffb
00ee
ff9d
fe98
ffa7
fe56
ffba
ff7c
00c5
003b
0159
fed3
01f2
ff35
0167
fe0e
00df
ff68
01d3
00aa
fe0f
fe01
0021
ffaf
ff69
0124
01cb
01ed
ff9f
ffc8
00f0
01dd
00e6
0172
005c
017c
0002
0045
01eb
fec0
fe60
fe09
0024
011d
0125
ff88
fe75
0102
fe2c
0099
01f9
fff8
00e7
00a5
fe7e
fe45
ffc7
0187
0146
01f9
0036
0042
feb2
fe24
000a
feb8
fed8
ffe5
0097
ffd6
ff50
01ed
014c
fef2
00d3
fe60
febf
ff3a
fefe
fedf
0111
01e0
0116
ff65
008f
01f6
fe32
ff8b
0078
00a3
ffe9
ff5b
0114
005e
0025
fed5
011e
00c2
fea6
001d
00fe
ffaa
0173
00c5
febc
fe04
01d3
fe34
fff3
fe95
0057
fee7
0004
0177
fe6b
0005
feda
0103
ffad
00fd
ffac
ff37
01a8
fe8e
0102
fef9
ff73
fee7
0194
ffae
ff64
0080
ff41
fe08
0065
017c
0153
fe5e
ff89
fe96
01f7
ff6f
ffd6
01ac
01b1
fe19
0124
fee5
0018
ffb7
0117
ff80
feb5
fece
fef5
013b
ffa9
007f
fe1e
feed
00e6
ffc2
fe3c
011f
fe4d
ff1a
fed4
ff19
fe9b
0191
00f0
ffba
ff51
0024
fea6
0155
0090
0053
0083
feeb
ffeb
ff85
013f
0146
ff21
fe9d
ffea
ffc8
0057
017b
004f
0147
fe65
fe7f
0124
0122
003e
fe35
0138
fed0
fe0c
fee7
fe29
0048
fe5a
fe27
0111
ff25
01e7
fec1
feba
fe64
0144
ffa4
fffa
ffe3
fe00
fe94
fec2
ffbe
ffad
0184
00f9
00b6
00c9
fe15
017a
011c
0108
01de
0154
009d
ff37
fe0e
ffbd
ffac
0137
012d
ff0a
01eb
0023
fe5b
0155
0098
ff82
fe23
0151
0094
ff6c
feed
ffee
008a
0128
008c
0088
ff76
ff8f
fffc
0100
fedf
0115
fffb
0065
fe10
ff77
0068
00e5
0094
00b1
0145
0188
ff76
00ca
feaf
fffa
00ec
00e5
ff99
fe4f
009c
fec0
00ff
0002
fe31
fead
0035
ff15
0184
0035
005b
fe96
fe9e
ff1d
fef5
fe86
fff4
fe72
ff0a
00b0
fec4
fe9b
ff1f
ff66
00cc
ff12
0015
01cb
0038
fff4
fe06
005b
ffb6
00cb
ff90
010f
01f2
009e
000b
fe1a
ff29
001f
ffd7
006e
0066
ff1f
fffa
0099
ff36
feb1
fedb
01ff
00b3
feaf
ffdd
005a
ff48
fe51
0034
fe1f
fe36
fea1
0075
0012
008b
0168
015a
ff15
fee8
0153
0199
00dc
0069
01ce
fed1
018d
0169
fee6
017f
fed6
0071
0190
001f
ff54
0120
ff0d
0143
ff87
ff1a
ff4a
febe
ffd6
ff8f
00ee
0062
005f
01ad
01ee
fe54
00bc
0038
005a
0170
01ff
fe28
0041
0168
fe26
ff8c
fea1
ffec
0048
ffcc
fe2f
0153
feac
ffca
fea9
001b
fec8
010d
0104
fefa
0193
feb1
fe1d
0027
ff4d
00dd
01fa
ffe3
ffb2
0057
00d1
ff8a
ff34
ff2f
01fa
ffb3
01f3
ff79
ff39
009d
0030
fe1f
ff3e
0016
fe9c
0180
ffef
0165
ffea
0194
fe75
00f2
fed9
0169
0038
fe87
01fd
00cc
ff83
feb1
ff7a
fe8c
fe3f
0179
fefd
00bb
0094
fee8
ff43
00a6
0067
fee6
ff14
00bf
014e
ff7c
ff29
fe56
00b4
0071
ff99
ffff
0049
0181
fe0a
0004
fef8
fe1a
ffa8
ff7a
0143
fe32
ff0b
019c
013f
018a
01ae
008d
0181
01dd
feb5
002b
fe84
016d
ff91
fea2
feab
00cc
feac
0113
0124
0155
ff82
00bf
01f1
fe56
0085
ff11
0072
005a
fe13
ff09
fe73
ff57
0032
0097
0139
0003
013b
ffd4
ff91
00a7
01db
0096
ff6b
fe3e
002a
ff2e
002f
ffc9
013d
fefb
015c
01ad
0186
0141
014f
feb5
fe10
ffb0
0078
fe0b
ffd7
ff0e
ff72
0105
ff5f
ff9b
0164
fe52
ff6d
fe23
fe42
ff10
0037
003b
0027
0144
ff96
fe9d
feaa
fe2d
0067
ffbf
fe24
009b
fe80
0095
ffd4
fe93
0191
01df
01d5
0181
01b4
ffe6
fedc
fe62
fe4e
fe73
0167
0146
01d7
ffa7
fe31
0094
fe09
017f
ffa8
01f4
feb9
fed7
0038
0142
ff07
0046
ff86
fe3e
ff73
0176
ffc0
00ff
fe73
ff25
012e
01a6
0127
fecf
0111
0067
fe7b
002d
ffd5
ff21
010b
ff61
0093
ffc1
fe7d
00ec
0135
014e
fe39
ffe6
fe96
00fa
ff4c
01e9
fecb
fec9
01d8
00e7
01c0
fe29
ff48
ff6d
0180
ffa7
01fe
ff0f
016a
0063
fe7e
01bb
ff50
ff82
01e2
fe92
ff0c
0115
fedd
ffca
0144
01f2
0065
006b
fef8
fe91
0180
0165
0109
ff85
ff1f
00ce
fe99
fe26
0017
ffd1
0085
fead
ff29
ffc1
0141
fe6d
0041
fe0f
fe96
0167
fe8a
010a
fe5b
fe89
feeb
ff88
fe83
0150
fe4f
013a
008b
011f
fe08
01ed
006b
00fc
01c5
fe71
0001
fe07
005f
0043
fffc
ff69
0063
ffc0
fec3
ff85
ffdf
0194
0153
feef
fe0f
ff0b
ff5d
fec7
ff79
011a
ff93
0184
01d2
ff92
ffdc
fe87
006c
ff12
fe72
0165
0033
0055
0029
01c5
012c
0008
00b1
0105
fe9b
fec6
01c8
fe8a
ff07
00af
00ef
fe8d
014e
0037
0131
ff70
0077
006f
fe75
0072
ff35
01cf
ff88
0179
fe54
ffab
0050
0035
fe93
019f
ff4b
0034
feab
0093
fe76
ff53
ff69
016b
00be
00ac
fe15
fe9e
ff2e
00ef
00d2
016b
fe33
00e7
fe80
00cd
00bc
ff2b
01af
fedc
0194
ff0f
0192
0107
01db
0078
01e3
ffb3
0161
0086
fe31
01e5
0144
ff2f
005a
0083
ffb4
fee2
ff92
ff04
014e
fe51
01ef
00b5
0027
00a5
01de
fed9
fe04
fe3d
00f9
0039
015e
ffdb
011a
ffc3
fe8a
fec8
002c
fe22
012b
0057
00ff
013e
ff78
00e3
0103
fefd
0167
00a9
0011
00ad
fec0
ff6d
018d
ffe8
ff85
fec9
0195
ff50
fe07
ff7b
00d9
fe70
0071
ffe3
ff4a
feaa
009d
01d7
fea6
009b
fe3c
fe50
0095
feea
fed0
0152
01d7
0108
00c9
0035
fe48
ffef
002b
ff90
fe02
01f5
fe0a
fe38
fe08
fe99
ff68
00e4
01af
01f5
fec0
013b
ff47
01b2
ff7c
00f3
01b9
ff4d
fe87
01b1
fe38
01bb
0113
fea0
fe69
01b3
fea9
fee6
ff39
0184
ff40
fe46
feff
fe59
0174
00fc
00bd
fefa
00f8
0152
01fa
fed1
fe7a
ff8b
feff
ff6a
01a9
fe15
01f3
0156
ff17
fe21
ff1e
0139
fee0
fefe
ffd7
fffb
fe33
feeb
fea9
fe50
009d
ff87
00eb
fee9
0086
ff06
008b
ffca
fe65
01eb
fecf
ff0c
009f
01d2
ff39
ff6e
01e7
00c7
ff14
fe5a
ff5e
003a
00c7
00b7
fff5
0022
014e
004d
008b
fe22
01cf
0059
ff36
0013
ff8f
fe21
01ea
0076
01cd
fe10
fecd
00f5
fff9
ffeb
011c
ff8c
0115
fec4
ff69
000a
fecc
0043
ff59
ff13
01a4
014d
0110
0150
ffda
fea4
febe
016d
008e
0075
01fc
0152
014b
00c7
0139
01c4
012f
fffd
fe42
feef
0041
0090
fe6d
0080
006c
009d
01eb
fe9e
ff03
fe44
fed6
0127
fffe
fe04
005e
ffd8
007f
fecd
0117
015a
0035
fe82
fe1e
ffcf
004e
fe2f
fe91
0020
ff3a
ffcd
ffa1
ffe7
004a
fe82
feab
ffc6
01b5
fe88
fe2f
01ee
ff0a
00d5
0166
010f
00aa
01b7
ff16
fe0f
ff91
017b
ffbd
fe97
0038
feed
0068
01bd
0114
ff8e
010b
ffff
fed1
0143
fe6d
fe83
008e
00af
0077
ff52
ff06
fe3a
ffef
feb9
0059
fe49
ffd4
ff63
017c
0156
00a9
fef0
01c8
fe9b
0105
01c4
fe63
fedc
ff5a
01c9
0148
0018
ffbf
0150
007d
ff5d
feaf
fecb
01a4
fe23
0050
ff4f
ff03
0117
ff36
ffdf
fee6
011b
ff33
ff8c
ff4f
01e4
00fd
fed6
fe21
0115
fe35
0143
0025
0008
009d
feb5
ffa8
00d3
fe88
00c6
fe42
fffd
013f
feb9
fe87
fe9c
0070
fe4a
011b
fe38
0128
014a
fec8
00c4
ffb6
01f4
ff65
fe49
fe8c
ff81
ff18
0026
0181
ffd7
ff7b
0126
01d2
fef7
002a
0025
0150
fe8f
010b
00f8
fec0
fec8
ff29
0055
ffc3
0188
ff8a
ffa3
01fe
ff83
ff9c
ff92
0023
0176
0004
ffe6
000b
01d4
ff1b
01e4
fffa
fe39
00a6
fe9a
01d8
013e
ff76
01bf
fe40
fe45
0186
ffc6
ffc9
ffde
013e
fe0b
ffef
01c7
ffba
0112
00d2
01e9
fea9
fe48
01fb
fff8
fef2
ff9b
01bf
ff04
0062
feea
fe7c
00a6
fe52
003f
ff19
fe89
0080
0109
01b9
004e
fe95
fed0
01c8
00dd
ffb4
fe28
fec8
0106
ff85
00a9
016c
01a6
00bb
0021
012e
01de
fea2
0176
000b
ff89
ff86
ff06
ff3a
00ec
01e4
00de
01a3
0005
0065
fe62
018b
009f
00d0
fff3
00de
fe23
ff10
ffbd
fe92
00cf
0169
ff5f
ff89
fea4
011d
009a
0013
00c5
ff75
0114
fe03
ff32
fec1
fe5b
01c1
fe2b
ffd0
0200
ffcd
01b2
00bd
00d5
017a
00c2
009c
ffd6
fe8a
003f
007a
ff0e
fe07
ffa0
00b8
0046
01ac
ff19
ff49
fefc
feb2
ff3b
0115
0140
0123
fe54
01a9
0064
010a
fedd
ff6c
ffa1
00d5
0138
ff06
004b
00fe
015b
016c
0015
00b4
fe22
0144
fe47
004c
01a2
0153
ffe0
ff0e
feec
fff7
012f
ff08
0011
01cc
ff84
0023
0079
ffaa
ffcf
00e5
ffe1
fe5d
0069
007e
01ef
005e
012d
0159
00d7
fefd
fe01
ff06
00c1
fec1
febf
ffbd
0026
0176
01ea
fe4d
0146
fe1c
00fa
febe
01ab
0047
ff89
00a8
01b4
012f
01f6
fe1c
0009
00ec
feff
01d3
0099
0051
ff99
ffc7
fe80
ff87
00b0
0012
fe10
ffc3
01cb
014d
017f
00b1
ff13
01f4
ff1f
fe9a
0007
ff93
00cc
0098
0043
feac
014b
feb1
0140
ffdd
0006
ff4d
ff14
ffe3
ff7c
fec2
ffdc
0046
000f
fe4e
fecd
0146
0044
0098
fed5
fe87
012f
fe9b
ff53
fe2b
01de
ffc3
ff78
016e
0160
004b
011c
017d
01e5
fea9
ff18
0044
fe89
feed
019a
0184
0046
01ad
0099
ffe2
0005
ff5c
01ce
fe10
017e
fed0
ff55
ffd3
fe28
01f8
01ca
00f6
00cc
01ad
008e
0038
ffc6
fe57
00a6
febe
ff4d
018b
0085
ff16
017e
01a1
fea5
ff01
01c6
ff2c
fe8c
016e
003b
01ba
fe64
00a0
0153
fe54
0040
0032
fe10
ff1a
0005
ff25
004b
0196
0186
01f8
0065
fe1b
01f2
fef9
ff0e
ff62
feee
fe64
fffd
0149
fe4d
ff94
0108
ff91
fe9d
ffb6
004e
ffa9
013e
ff20
fea8
fef4
0174
ffe7
007f
fe16
fec8
01ad
01f5
00d0
0149
fe75
fe59
ff84
fef7
fe5d
ff31
00e1
00b6
ff8c
fe3a
ffaf
002a
ff2b
fed0
ff33
00d6
fef1
fe3c
fe16
fea1
0031
002f
017d
01d2
0082
ff24
00fc
fed3
ffb1
ffab
ff7c
ff00
0057
ff23
ff2f
004e
fe79
ff85
ffb5
ff63
010d
0019
0060
ffc0
fe46
ff3b
ff11
ff94
0105
fe35
01a9
febd
0168
fee0
fe59
00f6
0153
ffef
fef8
fec4
01b9
ff0b
ff32
0172
01a6
002c
fe7c
00a6
013f
00ac
ff81
00d7
00c7
0148
01c9
ffab
01a6
00f3
0132
012c
ff83
ff2a
012b
ffc3
ffe7
ff91
0077
fe1c
fe7b
016f
01bc
fed2
00bc
fe5e
004f
ffae
ff82
ffcc
feb7
0031
fe23
fe9e
fe79
ff1b
007c
012e
fecd
0176
ffdb
01bf
fe5e
ff61
006a
ff7e
000b
ffe0
fe3c
00fd
019f
fe3f
fee8
fe7b
00a0
fec2
00ff
01ff
011f
011d
0009
002d
010c
ff97
fe11
01f6
ff16
0125
0023
0065
003b
ff12
0115
fe8f
fe7a
00fe
01c7
0057
ffc0
fed7
019a
ff59
ff28
ff4d
00ca
00b3
fe31
01f6
01d7
ff86
fe98
ff6d
ffc0
0158
ff31
01f2
fe3d
0133
ff4d
ffb8
fe94
0128
fe77
fe32
ff5b
01de
0071
0054
01d8
fef0
fe20
fe32
ff93
00c4
fe72
ff70
0198
fe96
0090
008e
00dc
00bc
002c
00f1
0185
ffa2
017d
fe42
00ac
00ec
0155
fec1
ff92
ff0b
01da
0199
0069
00d4
ff65
fe4a
ffda
004a
00b1
fea4
01a4
ff17
016d
feb8
ff8a
fe8b
ff61
fe91
0024
0122
ffab
fea9
009d
feff
fe10
ff4f
ff3b
fe1f
ff05
ff39
ff7d
0056
ff7f
ffbb
fe53
ff6f
009c
009c
014c
ff69
0089
0057
ff28
0120
01a7
fef0
ff6a
0010
ff42
00f1
0184
0072
ffea
fe59
0197
011e
fe11
0076
ff81
feb8
fff4
00cf
ffde
ff75
001a
feb8
00b1
ff5c
feaa
fec5
fe98
fe8f
ffb8
0131
fffc
00e2
fed8
fea7
00a7
00a0
0165
011a
ffd5
01bb
fe5b
fe8f
fe9e
fe3c
0184
00c2
fef7
0046
feeb
fe9a
ff28
ff83
ffc8
fe51
01e7
fef0
ff9a
ff98
01a1
fff5
ff29
ffbd
fff9
ff8f
ff60
ffab
fea0
ffe0
ff43
01bd
feec
0074
01ae
00da
ff2d
ff75
ff57
0001
0013
005e
006e
ffd2
ff2e
ff70
fe24
fe76
019d
ff5e
01f2
ff03
fefd
00a5
00f7
017e
ff84
feab
0024
ff89
ff44
01f1
fe92
01b9
01ba
005e
fe41
0129
00da
fe38
003a
ffc7
ff9c
feaa
ffe6
ff3c
0113
0199
fef9
fe9d
010a
006f
0017
01f4
017b
01ef
ff63
ffd4
01cd
fe72
fec7
0088
ff58
fefa
0172
fe91
01d3
ff3d
012d
ff6a
fe6b
ffdd
ff72
fea0
0147
ff6a
ff57
00a4
0030
00d6
0176
ffdf
004e
ff61
0160
febe
fff5
ff69
ff9f
0087
0057
fe29
014b
ffaa
004e
009a
01c0
ff7e
fffd
fe28
fea4
016f
fe75
0030
009f
fe49
fe29
01d1
0124
0134
ffc3
0145
00f7
ff23
0153
006b
00ef
00ed
fe93
00fe
ff48
fe97
00e7
ffd7
0108
fe5c
fed8
ffbe
ff28
0102
ff4f
ffb5
fee1
01ed
ffe8
ff80
0120
ff75
fe0f
0105
fe70
fe33
fec4
01c3
ff65
01b7
fe28
ff7c
0010
01c8
0024
ffb0
00d1
0155
fe92
feb7
fea9
0168
00f8
ffd1
fe76
fe88
018a
0119
01c2
006e
0062
ff6a
ff05
fe44
ff31
ff47
005e
fe58
009c
0125
0162
ff4c
fe4a
ff4c
0174
fe88
00a5
01cb
00b9
ff4b
ff24
fe0b
01e4
ff72
ffe0
fe03
0088
ff93
01fc
0044
ff8b
fe81
ffa8
001f
ffab
ff03
fe04
0014
fec1
01d7
0174
009f
ff93
fe2b
0017
0034
fedc
0067
012f
fe0f
0120
fea4
ff5b
fffa
ffd7
ff3d
0087
010c
ffda
0138
016e
008e
00d0
fff9
0046
0057
00f8
ff4f
fe39
fe83
0124
019d
ffc5
ffe0
00b6
fef7
ff30
00ec
ff64
00e5
ffdc
013d
fff5
ffec
01ff
fe57
016d
fe75
00bb
fe7d
00f9
fecc
0021
fe05
fe11
0054
0194
01a4
ffab
fe71
00fe
0121
010d
fecc
feec
0163
febf
ffd6
ff2a
010e
ffbc
fe26
0021
fe9a
ff19
0042
0027
ff4c
fe4b
fe9e
010b
fff4
fe8c
ffad
0110
018e
fe2b
fe3f
010b
001b
ffb6
fe81
fed4
000b
fecd
01b0
0177
009c
ffa9
010e
00a2
fe46
0170
fe0a
0164
fe14
fe6d
fe12
ffd7
004a
ffb3
fe22
0078
fee3
ffc8
0167
fff6
006d
00f0
01f7
0128
00e0
fe19
fe39
fe91
0025
0042
0179
ff49
0190
0147
0131
0067
001d
fe2d
001c
00ee
ff72
00a4
00ad
01b1
00d7
0192
0177
ff74
01e9
00c7
005c
ff7c
ff86
01dd
ff62
0158
fe22
fe0b
01c8
ff44
fff3
ffe8
0199
01c6
012d
ff0e
0140
fe85
fe26
00e2
0008
00a4
ff4a
0165
00a0
fffd
feae
0185
fe3d
fec7
00f3
fe58
0089
013b
fed6
ff57
feba
015a
016a
fee3
0167
010a
ff7a
012b
fe9c
0164
0099
015b
ff2c
0088
ffcf
0111
0138
ff9b
fec0
ff81
008b
fe06
01eb
0104
015a
0121
01e6
017a
ff05
019c
009b
0020
ff4f
ffd9
ff69
fe99
010f
ff72
01c8
ff63
ffa2
0072
011c
ff3a
ff4f
fe63
ff4d
ff9e
fee4
fe8f
005b
00c3
01bd
ff62
fea5
0185
ffa3
0160
0139
0100
ff04
0109
fed6
ff7c
ffd1
01e8
017e
011d
fe3c
0000
ff41
0145
01d9
ff6a
feeb
0007
0180
0164
006c
ff1c
005b
0137
0116
fe3f
0044
fe48
0004
ffdc
fe7a
01bd
feb8
00eb
fe59
ff44
ffc2
ffe3
0170
008f
0013
fe4a
fff1
0079
fe86
fff5
008d
ff7d
0139
0085
fe95
0012
0066
0091
feb7
0099
fe3d
0056
01bd
01bf
fec6
0199
01cb
fe63
fe22
ff1c
0148
ff69
fee7
fe06
ffe9
012a
014c
fe0e
00c4
010b
ff20
01d0
fe7c
ffb7
0109
0032
ff73
0168
01d6
fe40
01b4
01f2
feba
fe33
00ce
ff48
00a8
00a7
01b6
00f0
ff07
0131
0151
ff2d
fe71
0140
008d
fe74
01d0
019c
ff21
fed2
ff39
013e
feec
00cf
ffc7
fe18
00fb
fe33
fed4
0200
00ef
00d1
fe5c
0162
002f
00ea
0176
feca
fec0
ff46
00c7
00c6
0158
feeb
0171
feed
fe94
006a
ff5d
011c
ff37
014c
ffd5
004d
ff67
fef8
006d
fe40
013c
016c
fee3
ffd6
ff46
00ca
fea9
ff21
ffe1
01f3
00ab
018d
0045
019e
004f
019f
fe29
fe1f
feb0
01e3
0020
004d
0179
febc
00ea
ffed
ffcb
0136
0049
0176
00c5
00b0
fe79
0193
018d
ff77
0091
ffff
001a
009f
012d
00d4
0005
0018
01c6
01d4
00b4
015b
fed8
fe21
fe24
007e
ffd6
ffbd
ff2b
ff6c
fec3
01e3
00bc
014a
00f0
00d7
00fb
01cb
01ac
006d
00f2
fe46
0150
fe33
fe51
0200
009a
ffbd
ff0d
014c
0125
ff38
0128
006f
ff39
ff19
ff83
ff32
ff8e
0131
fe1d
fedb
0031
01ca
0144
004d
ffe8
ff47
ff25
fe57
00fc
00fe
0079
0009
fe85
fe18
0082
fee4
fe46
fe76
ffb0
ff04
ffc8
0137
feab
0028
ff2b
0142
fe4d
ffb3
ff5a
01d0
fe03
ff22
00bc
00ae
017e
00a4
01a5
0098
00aa
fe1a
ff84
ffe4
0113
ff5f
ff08
012a
fe4b
fe60
013f
0005
01b3
ffe6
fe66
0148
014a
018c
fe74
0118
ffb3
0141
015a
fe29
01ec
ffc3
ff09
fea1
fe94
fe8e
00d9
fe8f
fe56
fea1
ff79
007e
ff27
01ca
ffec
ffa6
ffd1
0097
00e5
fe98
0007
01f9
fee5
fef8
feff
0122
fffa
007a
ff78
003b
01c8
016d
ffaf
01f7
0184
010d
fe06
ff28
00eb
003e
fecf
ffc7
fe26
0003
ff74
0071
ff60
ff91
00dc
0040
fe4f
fea9
01a4
fe74
fe1c
feb0
fe18
ffc3
ff0f
fe35
00da
ff5e
fe0a
fef0
00fb
fef1
ff09
00af
ffdd
fe54
fe3b
0062
01ec
01c8
fe75
fe51
0166
00e1
0146
ff67
fea8
ff9f
ffbd
01f1
ff65
fee7
fecc
0180
ff25
fe2e
ff39
ff97
0006
007d
ffc4
01ca
0095
0043
ff3d
fe92
011e
fe16
01ed
ffdd
fe79
fe52
012a
febe
01f3
00b0
01b3
00fd
0088
ffa6
fe54
fe2a
ffad
00a7
0080
ffd1
01ba
00b4
00a4
ff41
ff34
ff36
00ae
ffbb
0104
00ce
016b
00ed
00f7
00ae
fe03
fe16
fe50
0104
0110
ff4e
ffed
ffe2
005d
ffa1
fef2
fe17
01c8
01b6
001d
012b
001a
0147
017e
016b
00cf
febd
fe5e
001d
001c
febe
0162
01a7
00cb
0058
0173
fffd
fe89
01c4
feab
007e
01f8
ff52
ff55
0085
0059
00af
007e
ff86
ffd1
0134
ff36
ffdf
fee0
fe0a
fe8f
fea6
fea3
ff6e
01f0
0018
fe5e
ff01
0150
ff09
feaa
006f
0011
01dd
ff9c
fead
feea
0106
fec7
0024
ff2d
ff9c
0146
fff6
ffac
fed9
01b0
ffa6
ffae
fe91
012a
0159
feb6
00ec
fe87
0120
fe30
ff4d
ff06
fea4
fe2f
0106
01f9
0156
008c
ff32
ff9a
febf
011e
01c5
00a2
0101
fef7
0069
00e6
fe24
ff40
fefe
fe24
001f
0090
fefd
ffeb
fecd
01bc
01c3
01ef
ffdf
fe08
fff6
0048
00bc
ffcc
00a8
0131
fefd
ff9a
ff5a
0143
fe84
0144
01a2
fe39
ff1e
fe0c
ff78
feef
0200
01a4
008a
018e
000e
fe2c
ffcd
014d
00a8
0052
0000
01be
fff0
017d
017b
001b
010f
00a7
ff8a
fed0
ffda
01ba
ff35
fe56
ffce
ffec
015e
ffb4
0152
fe84
fe16
0151
013c
01ce
ff52
0170
ff26
ff7e
ff69
fea8
fedd
fe65
0024
ff86
fe77
0057
fe5e
002f
fe27
0056
ff75
007d
017a
0019
fe0c
004e
ffd9
01b0
ff50
01b0
fe4f
010e
01e7
fee2
003c
00a7
fe46
01c1
0068
fe3a
ff79
fee2
ffa4
01ad
ff89
ff06
007a
0142
fe6d
ff64
0032
01f7
fe58
01e8
0160
0065
fe37
000d
fffb
00eb
ff6c
011b
ff67
0187
00bb
00ea
00e4
00e1
00ea
0095
ff36
fe81
fe00
0125
fe31
0185
ffde
017d
0110
0054
012a
fff1
0096
01bf
fe2a
01b4
006c
fec4
fe19
0185
0126
008e
0023
fe29
0133
fef5
0120
00d8
fe07
018b
00a6
fea4
fe0f
0028
fea0
01e2
fe37
ffc0
ffdd
00e4
0186
fe6c
fe1b
fe64
0019
0107
014d
013d
ffae
0073
fe27
ffc3
ff40
01b5
00d7
01db
ffa7
0132
00b2
fec0
ffab
fe7f
fe74
0199
ffd5
fece
00ae
ff56
ff20
01e8
0004
00e1
fe18
fee9
ffe3
01bb
0179
01bf
018a
fe5e
0112
fef9
0195
fe88
009e
0147
ff17
ff6f
ff5e
00c2
0179
ffa7
fec3
0145
0069
015e
ffae
fe38
ffe8
fec0
fe37
00d6
01b2
ff81
009e
fe17
001f
ff08
ff2e
0049
fe7e
ffa0
0038
fe68
0042
0013
fe9c
feaa
0101
0148
01fe
00f1
0039
fed2
ff4f
0075
fe10
ff43
012c
ffe5
0167
ff57
0155
ff34
fef3
018b
00d1
006e
ff5f
fe1f
fe7e
0138
0143
009f
0011
0187
00de
fee9
00bd
0115
ff9f
ff93
00f1
fe0b
00fa
00c1
ff94
fff8
00c2
ff31
0109
feb7
0135
01e0
ff80
012f
01f8
0147
0034
fe52
ff6a
014f
fee2
0153
ffc5
ff6b
0129
00ef
01fa
fe3b
ff51
01e7
00d1
fe94
0095
ffc5
fe4d
0057
fe52
0171
001a
00e0
fe86
009f
feb8
fe4f
0118
febc
0139
019e
ffb2
00e2
fe37
0127
0191
0113
ff90
fe4a
ffe0
fe71
0054
004a
0108
01b1
00aa
014f
010f
fee8
0148
01a2
0055
01c1
ffaf
fe0c
0031
013c
ffaf
016c
fe85
0080
013d
01d0
fe15
0120
019e
ffdf
fe15
ff55
ffef
ffac
01e9
0059
01c5
fff2
fec1
ff88
ffd4
00f8
ffb9
01a9
00eb
007d
ff03
feb9
006a
0018
004d
0133
fee2
01dd
01bb
0162
00ee
fe92
0135
0017
fef8
0016
fe59
0033
fece
fe8c
ffce
0198
ff0f
0111
ff9e
00fe
01be
0016
00c6
ff11
01e5
ff54
004e
ff36
fe2f
0038
0107
ff0b
fe4f
011a
0122
fe26
ff8d
00ae
00cc
011c
0112
0091
002f
ffc8
01ee
0094
0066
0087
ff76
fe1d
fe09
000a
ff59
fe47
fef2
010a
ff68
ff57
01e6
feeb
004e
ff87
0027
ff19
00dc
ffab
ff0a
ffd9
fe79
ffc2
010a
fe77
001b
0193
01d8
0087
00fb
01d5
01ce
fedb
0075
fecb
0002
fe5c
feee
fe7e
fe62
fe84
01b7
009d
01d5
00be
01c7
0051
0188
009c
fe20
0156
0128
fe61
ff16
01d5
ffa1
0050
0008
ff84
01dc
00df
00ca
01e9
0151
ff78
fecb
0143
01c0
fe80
ff99
000f
0145
ffaf
fef2
017e
ffcf
01ae
ffce
0008
fe25
006d
0143
0114
00c0
007f
fe06
ffdc
0014
0132
ffb9
fe8c
00dc
fe01
ff17
0182
009a
fe06
fea6
fe74
002f
0110
0183
010b
0183
ff3e
feee
fe1d
0154
00b1
ffaf
0020
00e0
0092
018a
ff71
fe64
01a6
0063
ffc8
0094
ffae
01d4
0092
01dd
fe54
00bd
01ed
00d2
0000
006a
018e
0097
fed5
febd
ff16
0005
01c6
002e
feb4
fe99
ff70
ff96
00a5
ff6e
ffbb
000c
010e
ff8b
febe
0013
01bd
fe44
0096
ff61
ff21
01a5
ff9d
fff8
014e
fe2d
ff77
ff45
0003
fee7
fe23
003b
0104
fe37
fe11
fe46
ff7e
ffc9
ff90
fe7e
000f
01e0
014d
fe27
fee1
00db
ffff
ff40
ffe0
fe9f
fe80
0195
00f7
fe59
00ff
ff44
0162
ff3d
ff9f
ff80
01d9
0078
01fe
fe22
01f9
011b
005a
0159
ff93
0051
fea1
011b
006a
fe26
fe68
fed3
fe21
fec5
ff2c
fe2f
005e
ff68
fe62
ffc8
ff27
01a7
fe76
00ed
0070
01b4
fffb
00d4
0117
009c
01d3
fe97
ffe8
fe9a
01a7
fe54
ff87
0014
fec9
0124
00cf
013d
0054
00ff
fed6
fe41
feb6
ffc4
01fb
fe0d
015a
ffa5
ffd7
0036
00dc
fe5b
009d
fef6
fe3a
00de
ff55
ffb6
009d
007d
fe41
fff9
fff8
01fc
fee6
01b8
0038
009d
0004
fff5
fe47
01ab
00a6
0159
01b6
ff53
01e0
fed6
ffeb
00af
00aa
00fb
015f
00b4
fe8a
0065
ff19
00ee
ffe0
01f6
ff1c
003d
feab
ff28
009b
febe
0035
fe56
fe1f
01b6
fe99
fe74
00cf
fe4a
014d
0022
fe3e
01c5
ffd5
feab
fe1f
ff8a
00b0
00fc
ff49
ff28
010e
fe49
0197
fef0
01a9
0099
fe7a
ff5d
0042
ff5b
ff82
fff7
013e
ff2c
ff96
00bf
01b9
fe5c
ff58
00fb
014b
fee2
feff
015b
00f2
01bf
009d
fecb
00dc
fe40
01a6
00f4
005e
ff16
0049
fef2
014d
fed6
feb9
ff67
fedd
ff94
ff72
ffff
0141
0066
0073
fe06
01a5
fe7e
ff95
01a6
01b3
fe3e
feb6
ff18
0200
00f3
0152
003f
ff46
fe70
0083
0092
006f
ff3c
0056
ff51
00c3
ff41
ffd2
01eb
fe3d
0199
ff57
0005
0138
fe3d
0144
fe97
ff5b
0122
febc
fee8
ff95
0153
0019
ff29
0038
01ff
ff6b
0131
ff9e
005a
0130
ff95
fe36
fe83
01b8
00ea
ffae
012d
017b
fe41
febd
00fc
ff9e
ffb7
00fb
01bc
ffc8
01f0
fe95
ff88
00fc
00ed
0116
0182
ffee
ff33
fec8
0116
016e
007e
00d7
0188
ffd7
002a
00eb
00ee
ffa7
fea1
00d8
ff05
fe95
000e
ff9d
fed6
fe6c
015d
00cd
015e
ff63
ff53
0028
fe2e
fff1
01cf
fe16
013d
feb3
ffe3
ffc2
011b
01b4
fff8
ff5a
00da
ff3b
ff21
00aa
ff5f
0113
00c1
00ca
0081
012b
ff42
0185
011d
ff04
01a8
00b1
ff7c
fe60
fe4e
0195
0016
ffe1
fefc
fe14
01cc
01f7
ffd3
ffeb
ff0b
ff87
0045
fe65
011b
fe66
01a4
0149
ffe2
feb2
00c4
008f
fffe
ff89
01ab
feab
fed7
fe70
ff57
008f
01dc
0170
01b2
ff23
fe8e
0067
0037
0185
ff34
ff16
00b7
0048
011a
01d1
0089
0195
0199
ff62
0191
0155
fedd
0142
ff1c
fe2d
ff92
ffa3
ff23
fff9
01ac
00f9
ff78
ffd2
0145
0112
0095
ff81
0142
fec2
ff8b
00f1
0005
0111
fe07
ffa2
fe62
01ce
00b3
0077
00c6
ff34
0175
002d
0148
ff50
ff75
0145
fe71
01b9
ffd4
007b
0064
ff08
ffa4
fee0
0130
ff9b
fe91
0164
003e
ffc2
0063
010e
ff78
fe21
01c3
0160
feb6
019a
ff49
ff21
017e
0141
fe0d
fe12
004b
00af
0086
0086
febc
fff7
0013
00cb
000a
ff46
ff59
ffd2
ff28
0053
01ff
0148
0193
ff38
fe68
00f5
fe62
00ad
fecd
ffa2
fe3b
ff3f
0064
fe76
fffa
fe0b
fefe
fe7e
ff42
fe14
01e3
ff65
ff1d
005e
0060
ff82
00c7
fec0
00c7
fe52
00b2
feb3
fe2a
00a1
005d
000c
01d5
ff6b
ff73
001e
0195
fed8
fe98
01b3
00d0
0051
ff18
006a
00b6
feae
0068
00df
00b1
0112
fe6b
ff54
ff4f
0101
fe5b
0046
fe71
0158
00aa
ffae
0174
0017
ffa8
ff51
01b1
fff1
0085
0154
fe61
fe02
ffd1
0149
01c5
fffa
00b5
fff0
00a0
0014
006c
0102
007e
ff3f
feee
0166
fe23
0121
0075
fec5
fe8b
ffe9
ff4c
00a2
00f5
fe01
017c
01a1
fee6
ff4a
01a5
fe51
ffd1
ffec
ff4d
01e6
00f4
fea5
0038
ff74
01ca
fed5
feed
018f
ff21
00fe
0081
0112
fef4
ff02
00d1
01ca
fff0
0142
018e
fe5d
fe44
ff6d
0159
ff54
014a
ff50
013c
fe82
0035
ffd1
ff2a
ffae
01a5
ff74
01fa
ffca
fe52
ffaa
fe45
002d
fe51
fe65
00e9
ff8c
0191
ffac
fee6
00d2
0042
ff9c
ffe4
ff5a
fec5
014c
00d7
01ad
0079
0054
ff2d
fe78
fe12
fe83
0161
00f9
01a1
fe71
015e
0057
012e
ff5e
ff81
019a
fe45
fed7
ff09
0040
01f4
00c8
0191
006e
fe90
ffc3
0103
010c
00a7
002b
0124
ff19
0140
01aa
0124
004c
fff6
007e
ff93
fe4a
ff50
fe24
00de
010a
ff36
ffb8
0131
ff82
fe1e
fedb
fec6
ff93
fef6
fe7a
014f
0019
ff1e
ff1f
ff08
ffda
00da
01c0
0194
00d1
019c
00f9
ff1e
0047
ffe0
00f9
fe18
01c5
ffba
ff60
013b
fec9
fe4f
fe9b
fed0
0049
00ba
00ca
fea6
0142
fec1
ff54
01f6
0027
ffa9
00ff
fefb
017e
fe47
fee4
0193
01f7
ff58
015d
febd
0027
0059
fe22
ff52
00a8
00ac
002f
01eb
ff94
0197
ff93
01ff
fe91
fe96
003c
fff5
01d9
00c7
fffe
febf
009a
01d9
ff19
00ae
ff87
01f5
ff1c
00b6
ffb5
fee1
ffb4
0107
01a6
ff2b
01c7
0014
fe15
fe3b
ffa5
ff20
fff2
009a
ffdb
ff86
018c
0053
01ca
0200
0159
ffe8
0071
ffe4
0100
fea8
ff44
fe8e
011a
00bc
fea4
fe10
fe3f
ff1e
010b
004f
015d
ff90
0196
fedc
feba
ff4c
feec
00dc
fff3
0073
00d1
ff8f
fe4e
011e
ff5b
0043
01a6
ff4d
0157
001a
fead
0058
ff04
ff08
ff5b
0115
fe5a
015e
0079
fec2
0139
0085
fe35
004f
ff76
fe46
fe1e
00c9
0056
01f5
01d9
fe2d
fea1
0055
fe68
003e
01ea
0186
ff5d
fffa
fe1a
01fc
fe60
00bf
018f
ff3d
fef1
fed1
ff6d
0153
ff1b
fe6b
0147
0147
fffb
ff54
00e8
ff77
fea9
fe7e
ff0a
ff27
0057
ffd7
ff7e
0003
ff81
fe0b
fe04
016c
fedb
00b7
ffa1
ffa4
fe7a
fe2c
0041
fefd
0099
00d8
febe
ff99
009a
fff5
0006
0033
0080
01b8
fe16
0056
00f2
00ce
fff2
fe62
0151
fe6c
ff00
0058
01d7
fe16
0075
fe9c
feee
ffe3
01f3
fe67
fe61
0102
ff85
0083
0159
01e7
0102
fefe
0196
ff20
fed7
fe3d
002d
fe34
01ef
fec4
00de
fec9
ff03
fe75
ffa6
fe4a
ff6b
fe8f
01c1
0139
01a7
ff7a
0098
ffa2
ffae
0184
018a
ffa1
fe1e
fe0a
fe37
ffe9
010b
fe28
ff01
fe43
ff7b
0052
00e8
ffde
fe75
01dc
00b0
01b2
ffe6
00a5
0084
002b
00e1
ff26
feca
fe21
0183
fe63
00a1
fef6
ffa6
ff07
ff77
fec3
feef
00d9
0046
ff1a
0036
0007
fe43
00c3
010a
01b7
0083
ff3b
ff65
0200
ff22
0162
ff93
fff4
feb5
ff19
01c8
0028
feba
ff75
fe33
ff37
007c
01f9
ffef
ff7a
00fd
fe68
ffe0
017d
01f0
fe3f
fe10
fede
ffc9
fe6b
fe24
00e2
ffba
fe6d
01c5
fe63
fff5
000f
ff12
00aa
006d
ffc6
0184
fe0c
fe13
000e
0194
00a9
0101
0150
009e
0002
fe41
fed4
fe24
00b9
01dc
0185
ff78
fff3
fec6
fe81
ff0d
000b
016b
fe1d
fee6
01f9
003e
0074
ffc2
fef1
ff5d
ff0e
fe07
ff46
fedf
feb9
005d
01bf
013e
fe15
ff12
ffd7
ffa4
01dc
016c
016b
0000
ffe0
fe30
0133
0105
ff27
00b3
feec
fff9
fe9f
ffa9
00ee
017e
ff17
ff6f
feef
fea4
01da
fe6d
00a4
fe94
01e7
febe
013e
fedc
ffc7
fecc
00d0
0040
015f
006d
001c
ff04
fe54
0144
0099
fee5
009f
00a5
0136
ff98
fea6
ff66
00d1
ff4f
fe49
0087
fe80
0156
fe11
012a
ff03
fec5
01e8
ffbd
00ed
004a
fe13
01cf
010b
fe41
fe35
0107
fe66
ffe2
0031
0009
01b5
004a
feea
ffaf
0145
fef6
01a0
00b1
ff56
0193
0031
fe87
0088
01c2
fff7
fea7
003f
ff8b
feb9
01d1
fe38
fe53
006c
ff83
fee1
0100
0057
01ed
fef3
0043
ff68
0083
fe7f
fec2
fe25
01f0
ffb6
00a4
0145
ffef
fe2d
fff1
ffe3
01e6
01da
00a3
ff7a
0098
ffe8
01d9
fe73
00af
fe6e
fe3a
00a6
fe20
01f5
0166
005c
fe22
fe93
feac
0168
fe23
002d
fe33
fe1d
ffc3
fe57
00a2
fe33
001a
01f1
0147
0012
fe3a
01e0
003e
017a
01f6
01f7
013f
0147
ffbf
007e
01cb
00da
00db
ff66
00cb
ffcd
fe73
fef0
fe35
00c1
ff36
00e2
0059
011a
01ad
0195
01e3
fe36
fef8
015f
fe30
00f6
0073
00ab
0156
fe72
fe65
0068
ff33
0038
01ea
00b0
ffa2
ffd0
fe59
fe1a
00d4
ff27
019e
0154
ffbc
ff3d
0131
0165
fe0a
ffd3
015a
fe21
ffcd
fff0
00a7
01e9
fef8
ff40
001d
01df
01ee
009a
0050
0173
00c7
ff00
01b2
009e
00a6
fee6
01fe
ff03
ff28
005e
006e
0131
ff5e
ff99
ffa1
015b
00a0
ff36
fe4c
fe1b
fe3b
fe0f
0112
017c
ffe8
0192
febf
fe39
015d
ff51
0180
00f4
004d
01ad
000b
0162
fe15
feb7
008a
01c2
ff3a
0140
01e6
fefa
fefa
ffac
fef6
fe21
fee7
ff38
fed7
fe4e
ffef
feed
fee4
feb2
ff1d
feb0
ff86
007e
01f7
ff66
0022
ff7e
ff94
fe20
00a7
ff98
01b2
00d6
fe86
01cc
01a7
00e8
fe46
ff8d
fe90
ffb2
01d0
ff43
feea
0195
fe33
fe19
fee5
ffa6
febd
012b
fe3d
ff20
00f8
0057
fff6
fe4c
fef4
0095
ffd5
ffa7
0014
0120
00ce
ffc9
ffca
fef3
ff3d
005a
019c
00df
00f7
019c
ffdb
00e8
00b3
0100
fe1d
ff35
0104
01b7
00e6
01c0
0045
feb8
fed8
00dd
ff6e
fe70
00dd
0159
00cd
ff14
fff7
fe2a
01d5
ff0e
0176
ffeb
002c
ff3b
fe62
01cb
01cf
fe66
0136
ff29
016a
fef2
fe6d
fe17
fe9d
ff9c
ff0f
00a4
0038
019e
ff2b
0057
00a6
00b5
ffb1
0030
00ca
febb
fe4a
012c
01ce
01ac
ff96
fe98
01d0
fef9
0018
01b9
fffb
0165
00ea
013b
0036
fe57
fefa
00a1
ff00
ff66
fe77
fe9d
ffe1
ffd5
01c3
01e4
fecc
00d4
feca
00a7
ff99
0199
feb8
feb8
fef7
01d6
ff2b
01c3
005c
feb5
019c
ff0f
0015
ff0c
ff84
fe96
fe55
fe4e
0079
003b
01d9
ffe1
01a3
ff9d
00eb
0109
ffb6
0168
ff1b
fe94
ffdb
0167
006e
ffa7
0056
ff2f
ff43
0032
00dc
feda
ff26
00f0
015d
fee5
ffa6
00e7
0106
ff7e
ff7c
0130
000e
ff31
fe58
00e2
fe30
0014
01c4
0091
ff5e
ffb2
fe8b
fe7d
ff80
fe30
01fd
00da
0125
01df
fe85
feb7
fed4
ffe1
fec4
ffe7
0142
ffb4
ff84
01b2
ff84
fe10
ffd4
ff72
fe19
010c
ff4f
fe6c
00d6
0171
fe8e
00e4
0165
fe1c
0147
0141
00cf
0096
00af
0166
00fb
00df
0173
00b9
fefe
fefb
015d
fea8
ffe6
fefc
0072
fe9c
0006
0034
ff86
01a2
ff18
003c
fe14
01d0
0070
fec1
fed4
0069
febd
ff8a
0010
fff0
0096
0057
ffa1
fed3
019b
01c3
00e4
ff0a
0150
fede
011b
0149
fed4
fe7c
ffef
0180
0099
004b
013c
01dd
fe3d
fe21
fe42
ffe4
00f6
00a1
fff1
ff3a
01be
01c7
fe06
0035
fe6c
fe33
0062
ff1a
fea0
0173
0154
00a0
013d
ff9e
fff4
001e
fea8
003d
0176
ff49
ff0d
ff68
ff54
0000
0020
0099
0134
0073
ff74
fed9
00b9
01bf
ff84
ff0d
01b0
01c1
fffc
004b
fe87
fe7c
008a
008c
ffd9
fe39
ff77
01ce
009f
019c
fff7
00c1
feb3
0052
feda
0057
fed2
ff39
fe11
01ee
ff46
01e5
0199
fffa
ff59
ffea
ff66
0139
fe2b
ff14
fffa
01ac
0113
00f2
01f4
fe80
00a8
fed2
ffae
01b9
feed
fe25
01a3
fe01
ff2d
01f2
ffa3
fe93
ff0f
016c
fe25
ff63
0140
00da
00fe
00bf
fe75
fffd
002a
ff32
007a
ff45
005e
005d
0185
fe33
fe34
00bf
0146
fe78
ff8a
00b7
ffc2
0096
002b
fe92
febf
ff2a
009b
ff57
00c4
ff12
fe27
0020
00ae
0096
ff15
fea0
0080
fed3
0078
fe50
feb2
01e4
fe3f
00e2
fecf
003e
0131
00e8
ff42
fed3
ff32
0059
0026
fe24
00e7
00a1
01ed
00b1
ff64
ffcf
01a8
ff86
00f1
fe34
fe92
feeb
fe81
0108
ffdb
01f1
feba
013b
01ee
ffd4
fe02
012a
ff60
00f6
00ac
ff84
006f
fe4e
fead
008e
01db
fe57
ff54
000d
fe8c
0111
01cf
ff31
0026
0115
ff2a
fe61
ff70
0035
ff04
0132
fe1a
ffee
018c
fea9
fe7d
ffa9
ff5d
00f2
ff53
ff86
fe30
01c9
01b3
00fd
00c3
01c3
fe86
0178
01f1
0190
01bc
013a
ff1d
0121
0171
fe44
011c
002a
fe48
005d
ffa2
fe74
007b
006b
00fd
00b6
ff88
fffa
ff2d
0023
015f
fe82
fe88
0138
ff7a
018f
001f
fe49
008f
fe17
01bf
fe7d
fe14
00c7
00f5
fe6d
0003
ff0e
0010
fecf
002c
001e
0095
010b
0185
ff25
00a1
ffd4
ff27
006f
fe6c
ff93
0028
0142
0018
fe40
00a0
ffca
01af
feb9
019e
fefe
00aa
ffac
ff28
fe88
00b8
fe5d
003e
fe42
fe8b
fe0d
ff98
ff9f
fed5
ff03
fea4
fe7b
01c8
fe17
fed8
0155
01b4
018a
feaa
0130
ffde
018a
fe5b
01bd
009f
006c
0185
0200
fe6f
00eb
01ce
01d4
ffd3
ffb3
fea8
0062
0028
fe51
00bc
feb3
00ad
01ee
ff45
ff4e
ffd5
fe5d
012e
ff70
0018
00d5
ff80
ffc3
fea7
ff96
ffa5
ff26
ff0a
ff3d
ff0b
ffae
011e
016f
0062
fff5
fe7b
01e0
ff14
00cb
fecd
015b
fed0
fe9a
0098
ffff
ffd9
fec7
fe4d
fe4d
0075
0149
00c0
fec1
fe2d
fe2f
fefb
fe69
0013
00c0
00f6
0004
fed1
fe94
ffcd
0065
001e
fe69
0123
ff10
fed1
0075
fe6b
fef5
ffdb
ff13
fe75
0189
fe88
00b7
fef5
00cb
008d
fe71
0156
fe9d
0032
011b
0011
017d
fecf
00fb
00cb
009f
00e7
0117
ffb8
ff21
0173
01a4
01e2
01bd
01f2
0200
00a8
fe7c
ff79
ff05
ff21
fe7b
0182
00e7
015b
ffbb
ffeb
0072
008c
0061
ff2e
01eb
0042
0090
ff62
fece
0017
feed
fe45
ff10
000d
ff2f
fe7a
fe3b
ff75
fe47
fedb
fe57
0187
00fc
fe57
fe11
003a
0022
0119
fe62
ff4d
010d
0035
fea3
001b
fe97
01be
ff57
ffed
01d9
0014
01e1
01b6
feec
013d
ff74
0098
011d
ff98
00dd
00f8
fe53
01c3
ff88
0024
fe7e
fec8
fe78
0019
feaa
004d
0157
0128
fedd
fe0f
fe2d
01e1
fe3f
012b
ff42
ffb0
fe58
feac
01c0
ffdd
012a
00ec
003b
0057
fe46
01bd
ff6f
00fb
febd
ff8b
ff42
00e1
fef7
01ff
01e9
fec1
fe85
00cb
001a
fefd
ff41
ff5f
0060
ffe6
fe55
013b
fefa
00fc
ff25
ff63
00c2
00d7
015f
00fb
fe05
ff57
01ba
ff83
fe50
0076
ff6c
ff5e
ff21
fe17
ffca
ffaa
fe8d
fea7
01ad
01cd
fed9
feab
0104
016b
ff78
ff28
ff8e
0112
ffad
fe10
01a1
01a3
0104
00d7
0110
feb6
ff81
fe7f
0083
feaf
fecd
0095
00de
0009
ff64
fe86
00eb
fe4c
016a
ffe5
016b
ff6b
00c5
000a
ff6f
ff4a
fffc
fe32
ffc1
ffd7
ff95
0181
ff13
00ce
0128
0143
fe26
fee3
fe90
000c
0039
fe31
ff32
01be
0058
0190
fe11
fec2
ff19
fe8d
ffab
fea0
fe4e
fe75
fedf
fe52
ffd4
fe58
01a1
fe92
018c
0009
fed9
003a
ff42
ff14
00f8
011b
fe43
fe0a
00e6
ffb7
01e5
01b7
003e
ff93
fed6
ff34
feb3
007e
0066
0171
01b8
01ea
ff8c
0066
0111
00e0
fef5
ffde
01aa
0168
0157
0054
002c
003b
ffd9
fe09
0072
ff89
0081
00b6
01f8
0000
ff85
ffcb
ff67
015b
007e
fe58
febb
fe25
ffc5
00e1
015d
ff95
fe94
0108
ff6f
ff01
ff9e
003b
0158
01e0
017d
ff9f
fea6
fe67
008b
009b
fe1e
01cf
0122
0045
fff7
01c8
ff43
ffc6
00eb
ff73
feb4
009c
00b9
0112
0155
01ac
00e5
fe35
feb6
fe8f
0196
0031
ff96
01d6
01e0
005f
ffa4
017b
fe95
ffbe
01a9
fe4a
ffcb
fefa
00e5
009f
0035
013c
0095
ff9b
01b8
ff38
feb9
ff99
ffac
01b1
ffdc
fffe
ff4e
0172
fea4
ffcd
ff79
01a7
febf
ffe7
00b1
0036
fe3c
ff10
fe27
ff75
fe97
fe76
ffe0
00d9
01a7
0140
01ea
003d
ff7c
0072
01c3
0180
01f2
ff8a
007f
ff48
ffaf
ff6f
003b
feff
017f
00d3
01c7
017f
fed7
0140
003f
ff6b
0127
fe7c
fe21
001b
00aa
ff6b
007a
01a1
00c0
00ab
0150
0134
feaa
ff6d
ff3f
fffc
fee6
007d
fffd
fe85
01ca
01f6
fe16
0058
ff4c
fe24
01f4
fed8
ff33
0135
0063
ffd0
01d4
00f5
0137
007a
fe52
fe57
fe15
00e5
fef4
ff7c
0028
fe0a
001a
fe42
015e
0153
fe07
fe80
0165
0030
ff94
fff6
0074
fee4
fe96
00f0
0139
fe69
00c7
ffd8
0049
010c
fe0d
01b7
008b
ff05
fec6
fe35
0100
ff00
0050
fe06
00f2
006c
01a7
ff7b
fefa
0033
ff25
01d8
0060
fe31
fee4
ffe5
0171
0146
fe6f
0115
00c8
fe81
00d1
ffb2
00d1
ff3e
013b
01d0
ffb1
fe2c
01bf
0015
01c8
fff7
006b
0043
ff60
fe6f
ff47
ff5b
ff4a
00b2
ffd5
007d
fe5e
0198
ff23
00bf
fe61
ff30
0163
ff9c
01a0
0148
ff84
00f0
0082
0055
0124
ffe1
0162
0088
fe75
ff1c
ff64
fec1
013d
01cc
ffe5
fe1b
0150
fe97
01e1
0073
ff71
fea0
01ba
00c0
014a
00d8
00bc
fed3
fe3a
0195
0190
fe5b
febb
fe16
ff15
fe8c
0105
0021
0040
ff29
003e
01ff
01ee
018b
0100
00dc
00bb
00d4
ff43
0124
fe9b
01c0
0089
01d7
fe85
fe8c
ffe4
fe8e
00d9
003d
ff5f
ff92
0147
fe9d
0109
fe1d
ff8d
0099
ff51
fe7c
febf
012b
fe58
00e3
fea1
ff47
feaa
004a
0181
fe1a
fedb
ff54
fe00
ffb3
0065
fec5
009c
ff59
00cd
ffee
fe56
0136
0107
feca
fee8
0100
fedd
fe7d
01ab
fea4
00d8
ffd7
017c
002b
fe5e
fe25
ff14
0108
ffb9
018a
ff30
0095
004c
006e
fe5d
fe20
fe9e
ffd6
fecc
016e
fe7e
00af
fedc
00b6
0039
00a9
01bc
fe2d
000b
00ab
009f
00b9
feb0
ff0f
ff34
003c
0083
ff0f
015d
0087
fed0
01af
0102
ff38
00f7
ff93
01f2
0120
ffab
ff5a
00a1
01f3
007a
feb7
ff7e
ffe9
008f
ffcb
fe1b
ffe6
fee1
fecc
fe15
009d
01c2
fe26
ff21
ff54
01f9
feff
00ac
fe96
0039
ffd9
fe74
fe4a
ff68
fe82
ffa2
01ef
ff46
ff45
fecc
ff01
fede
fe33
0040
0062
ffbf
ff9b
fefc
ff02
0089
febb
fef3
0147
fe8a
ff47
ff51
fe95
fff9
ff32
ff75
005b
00cb
ff96
fe3c
008e
017e
0038
005f
01f8
01ac
019f
0118
fe8a
feaa
ff1e
feeb
ffe1
fe6f
fee6
feba
0158
00f1
fed4
00d0
01d0
010f
01c8
ffaa
fe4a
0125
019f
ffb0
006b
01f3
01b7
00f2
fe47
011f
ffc6
fe26
003d
ff58
0107
0162
00d8
0048
fed7
005d
0039
ffc7
014b
00ee
00d1
01b7
01c0
fffb
01fe
ff60
0165
0057
fe9b
01a8
00a4
ff36
fee3
0037
ff38
0038
ff4e
00b8
fffa
019b
019b
0009
fed4
005a
00af
fe3d
fe10
fe3c
01cb
00b2
fe6c
0134
fe1d
fe5f
fe6d
fe96
febe
004a
00bd
fe66
008b
fe6f
0080
ffea
011d
ff3e
00e2
fe6d
0026
fe85
00d4
018b
fe91
01a7
ffe1
00b9
fff5
015d
0132
0039
feff
009c
01a7
00f9
019a
ffe4
fe3f
017e
0019
01a7
00e5
0135
0008
ffef
01d7
fe10
0024
0083
ffcc
ff77
0089
ff3a
015b
0080
ff82
fe85
018b
01fb
014d
01d3
fe67
002d
ffaa
fe0d
fe49
0072
ff45
0068
ff06
ff38
01db
00d1
ffbb
fe31
ff0f
01d5
fe02
fe01
ffe0
fe4a
0176
fe84
00a2
011e
fe85
0087
ff38
ff10
fe42
0142
016e
ffbf
fe2c
ff31
019e
ffe9
0033
fe31
00a9
00d9
006a
fff4
00a4
01fc
ff68
febb
fe55
0078
ffbc
01a9
0185
ff0a
fe32
0070
ff6a
feed
0156
0198
017a
fe8f
fefd
0072
ff16
fe82
ff9c
0058
ff43
fe5a
0002
ff08
019c
ff9f
fff6
fe92
0170
fe03
00ab
fe04
002a
008d
ff86
01fa
006b
0138
0106
0197
feba
fe65
0016
fe10
0198
ffec
01a2
ffe8
00f2
0076
01f8
ffc4
fea7
fe76
fe5c
00b8
ffaf
fe69
ff92
015c
01f8
fe63
fea4
fe1c
006f
ff27
ff0d
00ea
fea6
fedd
00a0
00c3
fe9b
fe9c
ffae
fff6
017b
ff25
fe4a
0042
fe14
018a
feb0
0160
fe23
0142
ff74
ffd0
009c
fe55
00f8
fed2
fed0
ffb5
00b7
01ec
00a1
fe07
ff2a
ffb1
0062
00e9
0013
fee2
00f6
fe17
01a2
001d
fe9e
0047
feff
00e3
01a4
fe18
fe9e
0168
ff59
fe1f
00a8
01a9
01d2
0001
ff70
fe49
ff10
00fa
fe8c
00cf
ff8c
007e
ff7e
fedc
009d
ff4d
ff32
01f1
ff34
001c
01ac
0047
01a1
015e
ff6a
0159
012b
ff9f
feb7
febc
ff69
fe3b
011f
0008
ffe2
0093
01cc
ff58
fe1f
0095
00af
ffb7
fe25
0149
fe36
fe20
ffaf
ffb8
fe7e
0104
01ca
0047
fe68
fee6
01f9
fe50
ff58
fefc
01ae
007d
fe51
010b
00ce
00c9
010b
0034
0108
01ba
fff8
01c1
fff6
0049
014b
010e
ff5e
fef8
feb2
fe1f
fe6c
ffab
006e
feed
ffe4
ff66
0126
fe88
0059
ffb3
fef9
fedf
014d
fe39
ff71
01da
003e
00a5
00a9
0127
0093
ff2e
0200
00be
ff74
fe68
00db
01cc
0046
fec9
ff3c
012a
ffca
0080
ff08
fe06
ff46
00be
fe65
0027
0110
0130
006e
01cf
ff48
01a5
0099
01c8
ffc5
ffbf
ff68
fee1
fe0a
00e3
ffd6
0020
ff7e
0034
fe4b
0114
ff57
ff3d
0146
00eb
01c8
fe91
0171
ff8e
ff7c
004c
011e
01ce
019f
ff67
00b0
010d
01b6
00f3
fe09
018e
00b4
00ca
0038
feb3
feb6
ff1c
00d1
fed1
0037
00ba
ff13
0120
ff7d
fe53
01a1
003b
ffed
010c
ff83
ff4c
006b
ff47
01aa
fffd
febf
00db
ff88
ff86
01de
0102
fe63
fe3c
fe80
ffe5
fe4f
ff70
01a0
012a
fe10
fea6
ff7d
ffc2
ff36
0020
008b
ff0c
fe82
ff5f
fecc
fe13
ffd0
0038
fff1
0024
0150
ff5a
003c
004c
001b
0006
ffb0
fe44
01f1
fec8
fe3b
00c0
fef9
0194
fe4d
00ff
ffd8
0072
ff4b
01fc
ff21
fe1b
ff85
ffd9
ffb6
015c
ff12
00c6
fe31
feca
ff8a
fe56
0086
010e
005c
fe0e
0174
01b6
fe82
fef2
feeb
fe27
fe5a
0195
fff4
0031
01e4
ffee
fe88
ff7a
fee9
0175
01c3
0119
01c3
feeb
0153
0053
0015
fe70
ff82
ffd0
0047
008c
018a
0029
0197
fefb
0153
0055
fea1
002f
fe6a
ffef
00fb
fe1c
0100
018d
ffae
00e6
0014
000a
fe2c
fe93
00e8
fe72
01f1
0101
fe2b
fe86
fecf
00b6
fe03
fe67
0138
00d7
003f
ffcc
fe17
01c6
00b2
fe0f
00fa
fe7d
fe8a
0154
fecb
ff7b
ff40
018e
0183
ff88
fe98
01d3
00c0
0017
0160
01dd
009f
01d0
009e
01fc
fe41
00e2
00f1
0183
fef8
ff36
012d
fedf
ffd1
0130
0017
01b5
0083
fed0
ffb3
01ea
fedd
0012
ffab
0051
ff54
feee
fe78
fe53
00ad
fe9a
ffef
fef8
00b2
010c
ffe7
0134
fe6e
fe02
fe0b
00ce
fe05
010c
fe40
0176
ff5b
fff4
fe39
ffa4
fee7
fef0
fe5f
008d
00bb
0070
feb7
011c
ff6b
fe2c
fff3
0142
00b1
0085
0046
ffa8
ffb5
0103
fefc
0060
01c6
fe84
01d5
0094
fff3
00f2
ffc1
fe36
ffec
febc
fe35
ff6a
0096
ff2a
ff6b
01ff
ff47
00fe
fffd
00d5
ff3d
feb1
00e8
00a7
ff18
0007
ffae
00b3
0119
ff88
feb6
015f
00d6
fe10
ff7e
0152
ff7f
fe7d
ffac
fe44
fff6
018d
ff61
fe7d
00d6
00ff
fe59
ff0e
0022
fe15
01d5
0092
ffed
00d7
fe3b
01d0
fe07
00db
0040
ffa5
ff48
fe29
ff7b
006f
001f
ff47
ff7b
0156
01b5
feb3
0132
ff63
00b6
019b
ffdf
0089
0116
fff1
fe7b
0114
0048
00fb
01b7
fee9
006b
005c
01b4
00a9
007e
0018
00c1
ffb4
0085
fe32
01eb
01bd
00ce
ffa9
ff41
0099
01fb
01fc
00a6
ff84
fe2c
fe62
ffc9
01b8
0118
0134
fee8
fed0
ff78
00a0
0007
fec5
ff53
fe94
fe14
0106
0167
ff99
fef5
fe5d
00ef
fe0d
fe85
fe1c
ffa7
fee9
fede
01a1
0153
ffaa
ffa0
0185
008f
fe66
ff6b
0035
fe50
fe46
fe24
01bf
00ba
01f8
0051
fe64
0029
0192
00e5
ffb9
01a1
01e8
fe4a
feab
ff77
fe00
fea5
fe9e
ffb5
ff68
0096
fe24
fed2
ffe7
fead
00a1
0132
ff0a
00d0
017a
0180
0047
00e5
fe18
fe30
fe45
fe5f
fe95
ffe9
fed4
ff5f
ff46
ff00
01cd
011d
0119
ff28
ffa7
0062
feae
feac
fefb
ff77
feca
0160
003c
00c2
fe74
01b9
ffde
018d
00bd
ff3f
ffc5
fe17
fe10
014b
01ff
ff45
01b5
0090
ffa6
ff42
fe91
fea9
0196
00aa
00ee
0119
ffea
ffff
00c9
017d
fe75
010a
fe08
feba
ff4b
0146
0165
ff6e
019e
ffb3
ff41
fec7
ff39
017e
0038
fefd
fedf
01f3
01d5
fed0
fe38
016c
ff31
ff77
fff4
0122
0191
ffc8
ff00
012c
0054
0095
ff07
01ad
ffe3
ff7f
ff92
fe81
ff57
fe64
011d
01e7
0070
ffc4
ff02
003d
0130
feb4
001b
0101
01d2
fed9
feac
fe3b
fea2
00d0
00b5
fe6c
0178
ff80
ff9d
fe0d
fe3c
fff1
fe61
0165
010f
ffcd
ff9c
fe36
ff11
fef4
00fb
fff0
013e
0059
fe88
fe2e
fe3a
fee8
fe2c
013c
fe13
0056
004a
fff6
ff2c
008a
ffab
fe2c
ff1c
ffc9
ffcc
00a3
006f
005a
fef7
0119
fe0d
fed3
00c7
ffa7
0109
ff40
ff81
0024
0030
ff56
003f
003a
ffd2
00a1
0078
fe97
0193
fe3b
ffcf
01bc
ff3f
ff44
00f9
01b5
ff71
fe53
014d
01eb
0052
ff61
0034
ff72
0081
00c5
01f2
fede
ffbb
0073
007b
ff85
0196
fe4a
fe4c
00c9
0022
0118
013e
ff80
fefd
fe34
ff46
fecf
fe89
01eb
01ed
feb7
feaf
0037
ff0c
006d
fef7
fe79
0020
fe91
ff43
ffe1
01de
fffb
ff17
00c7
fe3e
00a5
0199
ffdd
01e0
ffe2
01fc
ff5c
ffa9
fe16
fe18
fe33
fffb
fe7b
fffe
01a5
0043
01a3
ff86
ffa3
00f3
007b
0110
0195
fe19
fe11
ffd8
0133
fe06
ff5c
fe6a
ff54
007a
ff15
fe99
0159
0163
0108
ff40
fe96
01f0
ffc9
ff3a
fe61
00f8
01c9
febd
0101
fe6f
0122
fe53
01ad
fe91
0168
fe55
fe2a
000e
fee1
0115
0175
0124
015e
fe48
fed4
ff56
017e
feb2
fe8e
01a9
fe5e
012a
00fc
fe61
0126
0001
ff8c
ff2f
ffdc
002e
fe5c
fe07
fe17
fe6d
008f
fe2f
fe3e
0174
011b
0182
017e
0124
009b
0031
ff43
0055
0034
ffb3
005b
ff9e
01ff
0020
fee3
feed
ffda
ffca
fe44
fed4
0082
fe70
0120
005b
0070
0197
0041
ffe4
fe3b
ff8a
ff5d
fe01
0167
ff5e
01e3
0092
0109
0108
fe2a
fe5d
0039
015e
fe0d
ffb5
ff34
fe50
00db
0059
0029
ffd9
ff9e
ff63
013b
0073
00cc
fe40
ff27
fe18
01ad
ff5b
ff0d
ff03
012e
0151
015c
ff64
ff09
0090
015c
fe86
ffa9
ff44
fef4
fe70
ff52
015c
0159
0088
013e
01e3
01d9
ffc9
fed4
fe12
009a
018f
ff4c
012b
0114
ff89
01ba
00a4
010c
ffb5
fe6e
0110
0116
0164
009d
fedc
010a
fe13
fe06
0125
ff29
feba
fe9b
0177
fe49
ffbb
ff04
ff93
00d3
01a0
01a2
011e
01e0
00ad
0028
00ac
fe76
fffc
feb7
ff60
010b
0111
01c2
ff76
fe46
fed6
ff48
0020
00f0
fe3d
ff12
ffbb
0044
fe7b
001d
00d2
00c5
0046
ff48
fec9
0192
fee1
ffb7
ff78
0035
fec2
01c1
00f3
010c
fe54
0001
ff1d
fed8
fed7
00c1
004f
01cf
0113
000a
011d
ffcc
0106
ff9c
fe31
ffe9
fec4
fed8
00f0
ffcf
ff9e
ff9b
00ba
ff21
000b
fe9d
ffb8
fe53
0141
0157
fe4a
fe43
013a
ff78
fede
0136
fff8
0097
012e
01fe
0044
01c2
ff8b
016d
0056
ffd2
fe31
0030
fe78
ffe2
fe44
fe09
00ce
fe0a
fe2c
fec6
019f
ff3a
002e
ff60
ffaa
0179
fe83
004c
002f
003b
ff89
fe0f
fe91
0127
012a
01e0
ff10
fe76
fe33
fe6d
0160
ff75
0132
018a
003b
fe0a
011b
ff70
fe1b
ff16
0199
0051
003e
008b
fefa
01d5
01a7
01d4
0023
001d
00ca
0012
fe7b
00da
00d9
01f1
007e
0038
ffe4
01d6
ff2f
fe90
0007
fefb
ff77
01d2
fe42
ffb8
0175
0031
0033
00bb
0118
feb1
fe99
00c8
01f0
01cd
0067
01a0
0030
ff94
ff76
ffb0
00a1
fe77
ffbe
fe79
fecb
fe2b
01ba
001e
01db
0186
0177
ff79
fffc
ffeb
0042
0033
fefc
01a0
ff1c
0055
006d
0120
feb2
ff24
0125
0191
feb4
01aa
ff61
01f2
fea4
fe6a
00dc
0084
01e6
00e2
0011
ff06
0081
01c5
ffde
000e
ff59
ffce
001b
01ab
01d3
01d4
fea9
009b
ffad
fe02
ff91
fee6
fe21
003f
01c1
fe89
fe68
ff30
01c9
ff68
0142
00ab
fee5
00b9
0029
00f1
fe0d
0066
01df
0132
0000
017f
fead
0017
00f9
fe68
005c
fea1
ff8d
fe12
ffc9
ffd4
ffd4
00d1
0070
014e
fe5f
0133
fe79
0084
014a
ff1d
fe62
ff16
00b4
00d1
fe28
fec8
fec4
fed9
ff91
ff20
fefc
ffed
ff2f
0100
0158
ffe2
ff19
00aa
0041
0027
01e6
fedb
fef7
00d0
00cd
ff43
ff47
0167
ff57
ffbf
00a6
019c
fe95
00bc
0080
012a
0076
ff16
000d
010e
fe2d
feaa
fe33
01e4
fefc
0191
fe20
01d3
00f7
fe8e
ff16
0014
013c
ff05
004c
014c
fe84
ff7c
ff4d
008b
ff6c
00a4
01d7
01a4
003c
feaa
feb7
ff4d
fef2
fed8
fe5f
013a
fedf
fed5
fef8
007a
ffac
00f1
00e8
00aa
0095
ff85
ffe6
0060
0038
00f5
fe67
01d2
ff7c
00a4
00e0
005a
0089
013b
fec8
fe00
00ac
ff44
012d
01ea
fec1
feea
000d
004b
0047
00b7
fe23
ff86
ff8a
ff44
ffff
fe66
00a6
fea8
0010
01c9
00af
fffa
ff7a
009d
ff68
ff51
fffe
ffa1
fea9
ffec
ff3e
0178
ff15
fe77
01be
ffcf
ff7f
0103
ff02
ffbb
01b1
ffb1
01a5
0097
ffae
ff1a
ff51
fff3
fe91
002e
0090
0196
00d0
0009
fec6
fe7e
fefa
ffe6
feb8
fe86
0031
01c4
00f5
00b4
fff0
fea1
0132
00f4
ff60
ffc9
01a4
ffa9
fe11
ff5a
ff9d
fe3f
ff89
0060
ff69
005f
ff2e
0188
ff9e
ffc3
00ec
fe5f
00c7
0013
ff6c
0152
ffb8
00af
0043
fea6
fe81
004c
fed3
00a2
fe0c
fe3c
01b5
fe6a
01c2
fe6f
004b
001d
ff0d
0095
ffab
fe72
0171
015c
fe88
ffa3
000c
0063
ffd3
fea9
ff31
ff44
01bf
ffc4
fe67
0157
fef5
fe15
fe65
ff86
00c9
ff48
00a3
ffba
0169
ffc8
ff46
ff9b
007e
01c3
fe49
01d8
fe60
ff83
0130
015c
febc
feb9
000f
fe53
fe24
016d
ff56
fe70
01c8
00bc
01f5
0091
ff03
01c7
0170
fe1c
feba
ff1a
00ad
ff35
ffb6
01dd
fe93
00e8
fe0a
018d
0117
018d
01b5
ff91
011a
ffdd
ff6a
fe50
00b9
fee0
ff49
0032
fe5b
feb2
ff49
fe3b
01d8
ff96
0067
0133
01d8
007d
ffde
0133
feb8
00bf
fe51
0145
01c3
fe3d
009d
fefb
ff6d
ffd1
01fd
00e5
014d
fec3
fe09
ff7b
ff4a
0122
ffbe
ff5c
01bc
fea0
01d7
01ea
007b
ffc1
fe02
01f0
0006
fec9
ff07
ff1a
ff65
fe9b
01d2
01bf
004e
007d
fe11
0109
ff9f
fe4c
feca
ff16
0103
ffe6
ffc3
fe9d
fe86
feae
00be
fed6
01cf
0110
0021
ff4b
fea1
01ab
0128
0029
fe20
fe07
ffbe
ff84
00ac
fe41
008f
01c0
ffac
feec
ff53
ff93
01c6
ff8e
000f
fee3
feac
fe99
fe61
ff69
ff9d
0110
ff9d
fee1
fefd
feb3
0068
0125
ff23
fecc
ffdd
00d3
00ca
0109
011d
fe23
fe85
ff7a
0113
fe67
ff65
0186
01eb
fec9
0093
ff32
fef9
00ea
ff94
0048
0060
fee7
ffc7
febf
0065
fe22
01e3
00cf
ffe8
fe0c
ff4c
015f
ffa3
00c9
ff7b
00c0
01bf
0181
fe78
fff5
00c9
fe8d
ff77
feae
015f
fe24
0099
ffe1
0092
fff0
fe23
01b7
0029
01d9
005b
0082
fe42
fe5c
ff89
002e
0029
0081
00b2
fe8b
ff9d
fe0a
00a0
ff9b
fe69
00d5
fe08
0178
0094
01e8
ffa4
fea5
ff7c
fe93
0026
ff1a
ffa1
0158
ff45
feab
01fb
0021
01c0
ff03
0178
0146
fe4a
feb9
01b6
fe4d
ffed
ff26
01d8
0186
ffea
013c
ff87
012e
ffc3
0075
00ab
ff46
fe1d
010b
ff51
ffd8
0027
fea7
0052
fea5
002f
fe3a
01d4
01a2
0006
011f
016e
ff64
fe7a
ffd7
016a
ffaa
0052
fe61
fe5b
00b9
00ef
ff0d
001f
ff5a
ff9b
002c
0011
01a7
00a7
0142
0149
003d
ff6d
00fd
fe76
fe90
fee9
00dd
ff90
01ff
01a4
fe89
fe87
ff96
00bf
feae
ff17
0034
fea3
01a8
00f3
fe1c
fe43
ffb8
01ec
ff35
ffbc
fed6
0196
01af
ff75
fea4
ffca
0185
0050
00b4
01b7
fe97
015d
fee6
ff8e
feca
fedf
fe2d
00c9
015f
ff51
fe7c
0192
fe35
019e
00ce
0145
009a
feab
013e
0039
005f
01c5
00a2
01f0
00c5
ff85
0172
00d2
003c
fea6
008a
ffa3
ff29
0198
febd
0029
ffa6
feb1
0087
fe75
018a
0078
ff94
ffc4
0200
00df
000d
01bc
ff8e
01d6
fedb
0171
0082
0052
ff6b
ff17
0028
0015
ff78
fea1
001a
fe85
0148
00fd
ffea
febe
ffd9
fe71
feab
fe55
00c8
01a0
00bd
ff8c
fede
00fa
0163
fe2b
01be
ff51
01b8
0198
0166
00cf
016f
ff07
ff57
00eb
0161
fe52
fff2
fe40
ff85
fe1b
ff01
ff17
ffa7
fedf
ff82
01de
ffaa
ffe8
fe8f
ffc0
fec0
ff5e
fef9
0197
fe49
fe90
00f1
ff79
0009
0026
0162
fede
0126
fecc
00e5
fee3
0097
00e8
01b6
0174
004e
ff63
0005
fe56
01b2
fe56
ffc2
febc
fec0
01e8
00be
01df
01d5
012e
ff06
ffd2
01ab
0101
0044
00fb
ff4e
ff32
010b
ffd2
fe6e
ff6c
0032
ffd2
0160
010c
ff2b
fe48
00aa
ff5e
015a
ff87
00c5
00e2
0007
ff75
0005
fedc
fe79
ff6d
fef7
ff6b
00f3
0098
00cb
fe9e
018d
fe06
ff33
01c1
00b7
ffed
017e
ff40
01e6
015e
00dd
0131
00a2
ff73
fef5
006b
00df
ff82
fefb
ff8e
fefd
ffab
fe20
fe2c
0009
0170
fef8
01e8
fe90
fecf
014d
fe06
00fe
01bf
01ac
ff4b
fefc
0046
ff85
0169
018b
fe98
fe40
017f
0193
006f
ffdc
0047
fe89
0117
ff38
0073
fe2c
fec9
01fe
fe9d
0016
0016
fe33
0066
ff41
003f
00b6
ff75
fe1b
fe60
ff4a
00d0
ff91
fe27
0111
0090
0010
0150
0004
fe1f
fe28
005d
ff56
01e2
0059
ff48
00cb
0069
01d0
fe19
feb1
006a
feee
002f
00a9
ff9f
fe61
fee8
01bb
00f3
0129
003f
ff19
01db
ff2a
fece
ff6c
ff5a
fe24
00c8
ffc8
001c
016d
00ef
ff5e
ff9f
ff4c
0009
ffde
fec7
ff98
00ef
01c6
fece
ffb6
ff55
000b
00aa
0003
0151
ff37
00e3
00af
00f4
feab
016b
fe41
feea
0121
01c3
fe50
fe7a
012e
003a
ffd8
ffb0
0121
ffd2
fe15
00cf
ff46
00f7
ff8f
fe1b
ffa4
fe17
feab
fe84
015b
febf
0191
fee2
00b8
01e0
0153
01a5
009e
01a2
0121
ff69
ff94
fff6
ff53
fed1
fece
fe35
01db
fe1e
0158
0030
0195
ffc9
006d
01ed
ff82
ff26
014b
00bc
00d1
fe5f
0112
ffd0
0037
0196
ff51
016a
005b
ff5b
fff6
005c
ff8b
01a0
01b0
fe36
fead
fe0b
feba
ff66
01e0
0087
fe1b
ffab
00db
fef9
fe55
01ac
ff92
fe68
ff22
fef4
ff4e
feb0
ff09
feed
005c
0085
fefd
ff1f
002c
ffd2
001e
002f
005a
ff8d
fe22
ff30
0065
fee1
ff68
00da
004f
00a0
0130
01ba
ff8b
fee8
fe03
ffb4
ff73
00af
ffde
fef3
ff1a
00ba
ffb8
01ad
01c7
01e7
ff8d
01c6
008a
fec6
fe84
fee0
010d
ff3f
0188
feeb
fecf
fffc
019e
0118
ffa7
0157
fe71
fffb
ff6c
ff3e
00c7
ff42
feed
00f9
fec7
009e
ff08
008f
005c
ffef
018e
0042
0142
fe1e
01f7
fe14
00e5
01c9
ff1d
0112
0121
0174
fe72
fef3
0090
fe88
005a
fe12
012a
fea0
fe5e
0131
ff73
ff24
fffa
0118
004f
0062
014d
002f
0149
01da
ff28
00db
00f9
0037
008a
0177
00d8
fff2
ff9b
fe31
fea5
012d
fe77
0063
01db
0190
0194
fec3
ff32
0012
00fd
ffbe
ffc5
ff3b
0108
fe4a
007c
fed4
0158
01e1
011a
fec2
01a6
0079
fe6a
002b
febf
0146
005a
00cd
fef1
fe3f
01d5
ffe0
009e
0180
00f7
ff2c
0181
0163
fef4
ff5c
0094
ff12
0080
0166
fe40
ffe6
014a
fe40
ff40
011e
ffde
ffce
fe25
01e1
00d2
013d
ff9a
018e
fe33
01ec
0059
01e2
ff48
00cd
fff8
ff12
01c1
fe0c
ff53
0151
0089
ff5d
fee3
0029
0058
01f0
fff1
ff32
007d
fee9
01c8
0088
ff20
00ec
fef9
0146
fe44
feb3
00ac
017d
ff4d
0059
00b0
ff60
fecc
00e5
0174
014b
ff3c
002a
fe2a
0027
fe3b
014e
ffbf
ff62
0030
0086
fe29
fe2e
009e
015f
fe7d
fe2a
ffc0
018c
ff0f
fe4a
ff5a
00e0
ffb1
01e1
ffd5
ff3b
feaf
00c1
fe5d
fea5
0190
0057
0014
0161
0016
0054
ff8f
ff55
00a1
000b
01c1
019e
fff5
01cc
01c6
ffe3
ff9a
0146
004b
ffc4
0064
00b6
fec1
0053
01a4
ff51
feb1
0186
ff5c
01cd
ffa9
019b
fe30
ff7a
011e
ff61
00ea
00df
ff87
014e
ffd1
ffcb
005a
fe1b
fe2d
fe04
fef5
0109
0085
00d0
fee2
0005
fe67
ff12
00f1
0012
ff4a
fe88
0126
ff9e
0005
0064
01ef
fe29
0108
01fd
ff42
ff9e
00fb
fee2
ff7b
fe4f
fe5b
ff83
000d
fed6
00e6
febf
00a4
ff56
00ec
fec2
ffac
fe64
01f2
feaa
ff00
fe91
ffd1
fe83
ff5e
ffe0
00e7
ff56
00df
ffc1
001b
ff95
ff0d
fe73
ffdb
feb9
0044
000d
ff78
fecd
010a
0152
0131
00d6
fe71
ff17
00bd
008c
001f
0056
006f
ffde
ff42
ff13
fffa
0177
012a
feff
ff46
fe86
00b8
01c8
fe56
00a6
fecb
0052
012b
0179
feec
005e
fe4c
ffae
01fd
0180
ffe6
fee6
ff01
01c1
ff9a
fff4
ff78
01bd
01b2
fe2a
fed6
014b
fe35
fe25
fe64
fe4d
00c6
015d
0036
ffb0
00e7
005a
0172
ff90
006c
fe31
ffd1
ff51
ff67
000b
01d8
ffbb
fff1
ff39
fe8d
000f
fe10
feba
ff27
01ed
ff58
ff2f
0136
fe36
ffda
fea6
00c7
0138
ff03
008c
0141
fe0a
fe58
0039
fe71
fe2b
fe00
ff6c
0033
fe19
01e4
fe1d
005d
fe48
fe30
fece
0154
ff23
ffb7
00bb
fff5
feb2
003d
ffd1
fecb
fe90
013f
0045
015c
00fb
00cb
fe17
013e
febe
004e
0155
ff0e
0041
013a
fe09
005f
01e2
ff44
00ce
00ea
ff58
ff77
0051
ff07
0090
fe44
01cc
fe85
0102
0133
fea3
01e3
ff68
fe01
fe28
0151
ff4f
0176
00b0
01f8
fe96
fe0e
01a9
feae
ffae
0076
fffa
fe69
0185
ff7e
ff70
009d
ff1d
008b
ffca
ff3e
0049
ff83
fe96
fff0
fe73
0097
fed0
0098
0019
fe38
016a
003c
fefc
01b0
018a
0190
00b6
00a6
ff05
0130
fef6
0051
ff0d
01f6
fea1
0161
00c3
fe3f
fe14
007a
feac
fe9c
fefc
0183
0010
00f1
0079
ffea
0097
000c
fef7
feef
00b3
000d
014e
fe59
0049
0030
014b
ff2a
0006
0175
00e9
fe2b
00de
0116
007c
000c
fe3f
ffe0
00e0
00ae
feb7
0129
01e1
ffb3
fe1b
015e
0008
00e1
ff84
fff4
fea8
fec6
feea
fee6
005e
ff7c
011d
fe02
ffb8
ff19
01ca
0116
fe4a
ffc6
ff55
ff6c
fe40
00bc
00ec
fe1c
ff33
febf
008d
ff47
ff4c
fe88
fe83
00ae
01b5
fe08
0056
0119
ff7e
00a9
00e1
0102
012d
0194
0181
fe97
005d
01df
0169
fe76
0160
ff6a
01fd
ffd9
fe33
fefa
fecd
fe6d
ffeb
fe57
00e2
fed3
ffd5
013f
01a6
01cc
ff4f
ff85
fe0e
feb7
ff4b
fea7
ffa6
feea
010d
0164
fe8b
0100
feb4
0001
01b4
ff99
0112
01d0
0026
ff80
fe50
016d
01b1
fff7
0133
0067
ff72
0050
fe9f
00ae
01b7
014b
fe5e
01d1
fed9
01f0
fffb
0067
0060
00da
001b
00da
fff1
ff52
0158
01b3
00d6
00b4
ff88
0131
00c0
01dd
0032
ff4b
0065
01c8
ff11
fe9e
feea
00c3
01fc
003e
fe24
00ba
0187
ff86
0161
007d
0175
febd
ffac
01ab
0143
fe4a
ffc3
0033
0075
003f
ff31
fed9
0060
fe7a
febb
00d7
ff40
ff8f
fecf
0073
ff2e
010e
0153
0081
0199
005a
005a
ffd6
01f7
002b
0113
fe31
009e
01aa
0074
01c5
fe8f
0078
fee0
01fd
fe69
ff9d
fed8
ff7f
ff7d
fe5e
0021
fe6b
ff0c
fe96
01a8
ffd9
00d7
0136
013a
ff0f
01e0
ffc7
feac
016f
01c0
0136
ffdb
00f6
0051
ff5c
016e
ffde
0136
00c8
003d
0146
0100
01ad
fe02
ff84
fffd
ff99
00c1
ff0c
ffba
0181
007f
fe44
fe38
ff94
01dd
ff3b
fe02
ffd0
010d
01ac
00c7
01ae
fe30
fe90
ff77
fe56
ff58
fe58
ff1e
001d
013d
fed1
00f8
feaa
0177
ffdc
ff57
0092
fe27
fe56
ffe6
0030
00a9
013a
fecb
0043
006f
fe58
ff03
0053
fffd
fe64
fe9d
00f1
00fd
ff15
ff2d
0095
01c1
0142
0079
ff6f
00e5
ff1b
ffba
ffc9
003c
ff25
feef
ffea
0105
0049
00c3
0154
fe96
fe6e
fe2f
01cc
0140
0028
ff1e
002f
00f9
0091
01e7
ffab
fe26
0013
0068
ff6c
ff6f
01a8
00ef
ffbf
0160
00bf
0135
ff9d
006c
ffe5
fff2
003f
0131
015e
ff7f
fee8
010e
0140
00de
00e8
fea0
000d
0005
ff2a
fe16
ff44
00bd
0081
ff4a
fed1
018d
ff3e
01b1
0008
0171
005f
0162
ffa5
00c9
fe36
ffa2
fed5
001e
ff60
0102
013f
ff63
fe37
01d9
ffac
ffb7
feaa
0100
ffc8
0193
0040
0033
ffef
ff15
00eb
01c5
fe4f
ffbf
0032
014b
0175
0114
003b
0123
01b1
01e7
01ef
0178
0194
00aa
012c
0100
01fd
ffde
feb4
0067
00c5
ffa5
ffff
018f
fee0
ff87
fed7
00da
ff15
0177
ffcd
ff16
0012
0024
fe6c
005b
fffb
ffaa
fe75
0165
019a
ffda
00a0
fe5a
fe3d
ff09
0125
ff04
01b3
ff76
fe97
fe05
00c1
ff14
009b
00aa
ffa4
001f
fe47
0087
00e0
0078
ffa1
ff22
ffa3
01a5
00d4
0108
01ff
000f
003f
ffc6
00e6
015e
00ef
00b9
ff64
002f
fe6d
ff32
ff13
0161
018c
0138
00ae
0023
01ed
ff91
0166
ff86
ff6a
fff6
013a
fee8
fe9f
00d4
008f
01f7
ff76
008c
00e3
0087
fe56
ff8d
fe2c
ffd4
fee7
010d
0091
01ee
ff80
ff4e
01f6
fe47
fe84
fed5
fe3d
fe66
fea3
fe50
0137
002a
013e
fecf
00ab
ff3e
ffaa
fe7b
ff5a
001c
0154
ffb8
ff0f
006c
008f
ffc8
0056
0031
fed2
0088
00b0
fe45
ffdb
0054
015f
0176
00fe
fe43
01d1
fe3e
fea8
ff91
0148
ff37
ffef
011a
006e
fff6
01dd
0096
00cc
0011
006b
0069
ff79
013f
fffd
0054
ffb5
ff11
0146
00ca
fe66
00ee
01b5
fedd
ff0b
ff2e
ff2f
ffb7
00dd
fe42
fe08
ff7d
fe02
fe7f
fe92
0139
00c9
002f
fef8
fff5
011a
ffbb
ffb0
0040
ffd6
00b5
fefc
0075
ff8e
fe13
ffd9
fe82
ffe8
ff58
ff21
0086
ffa8
fede
ffd2
014a
00df
ff3d
008d
ff92
ff8b
00a9
013b
ffd7
0030
fe54
ffd5
ffe5
0081
00f6
0175
fe05
ff19
012b
0082
fec7
fe68
fe59
fe7f
01bf
002d
011a
ff52
ff5f
01e8
ffba
ff0c
017e
00c3
0066
01b7
0093
012e
01ac
0044
fed4
fe50
fe31
00a6
fe77
00d7
00a7
feca
0064
018f
0024
ffd3
00aa
0090
ff97
fe79
000a
ff1f
01e8
fedf
fe8d
0194
0019
00d9
0100
00db
0024
006a
0164
00b9
fea4
fee5
ffed
ff98
011d
ff6e
fe0b
fe22
001a
0152
01c0
ffd7
0108
fe15
001b
010f
ffd5
014b
fea8
fe79
01b1
ffbb
ffd4
fea7
ff61
0031
fe97
feec
0057
fe87
017a
ff09
0155
00de
fe57
fec3
fe27
ff26
ffe3
ff55
0155
01ca
fec3
0000
004f
002b
013a
0012
fe9d
016c
ff2b
fe27
fec1
fe30
fffd
ff37
0146
fe3f
016a
ff9b
ff63
0185
fe07
01f5
ffd6
000f
01d6
fee5
febb
0189
ffad
0179
01fd
fe80
002a
01df
0132
0006
003b
0065
00d3
01ae
ffda
ffd3
fee1
feaf
0182
ffb5
ff85
003f
fee6
ff66
fe42
fff6
00d5
014f
fe50
005b
fe10
fe74
fe88
0024
01bd
fe55
fff1
fea0
ff6b
0159
0036
01cd
00df
ffa9
0069
013b
fe87
ffde
01f5
ff3c
fe8b
fe9b
fea0
00e2
00d7
00cf
ffcc
01f6
feaa
ffee
ff0a
fe9a
ffde
ff04
004c
01b7
01e6
003c
00a5
004b
0156
007e
feb8
ff81
01b1
ff81
0060
01c4
0156
fe46
018a
0183
015d
ff15
009d
0190
01cb
0008
ff87
febd
ff07
fe6c
0167
003b
ffe2
0156
ffad
ffa2
ffd1
01c0
010c
000e
fe07
fe5b
ff81
ffb9
fed0
0023
ff17
0028
0019
ff11
ff6d
0097
00a2
ff57
00f3
01eb
003c
00f6
004d
0057
fefe
00ae
fe65
ff51
003c
fe1b
0038
012a
fe2c
ff2a
fe60
fefe
ffe8
0070
fefe
fff2
ff8d
ff42
0042
012f
0071
0139
ff67
00c4
ff1f
00c2
ff24
006e
01f3
01ef
fef5
fef7
ff88
013c
ff62
ff30
feaa
ffe6
01c0
ffc9
ffff
0006
ff07
00b0
0009
feb6
00a5
01c1
fe3a
ff36
014b
0180
00f7
0129
fe5f
00dc
ff67
007d
016e
01f9
ff47
0041
0021
00e7
01ad
ff38
00b2
0001
fec0
ff91
0112
ff24
0144
00d8
ff94
ff9e
01bc
0076
ff70
fe13
0181
0075
00f9
ff1d
ffd7
006d
ffb8
fec0
ffda
00b5
fedc
006a
ff5b
01fe
0136
ff03
fe9a
fef8
018a
fff6
fec2
ff57
fe27
004b
fe94
fed9
febe
01e3
ff57
00e0
006c
ff98
ff25
ff05
0076
ffe2
ffb6
fefc
ff53
ff06
fe06
004f
0073
ff78
fe32
ff28
fee0
ffe4
ffd8
00d1
0061
00b9
01e6
0067
fe87
fe14
ffa8
01ef
00f2
ff10
01de
0170
0016
ff7a
ff7e
fe61
ff26
fe8b
fe45
ffb5
0096
0079
ffad
ff67
ff81
01e1
ffcd
002c
012e
fee0
00ec
0125
00fe
ff27
fe38
ff5f
ff94
ff23
ff04
ff05
008a
ff00
ff9f
0044
fe75
ff51
00b0
009d
01be
fe59
002e
011f
0144
019a
016d
0114
0072
0153
fe12
ff9e
0160
ffd6
fe85
feac
fe74
fe47
0107
ffe7
ff17
00d3
0047
ffeb
005c
fe03
017a
0119
0114
002a
0145
015e
01a9
0106
fe8a
0186
ff60
ff85
01cb
0026
fef5
016e
fe10
fef4
0190
01a4
019f
00fd
ff2c
0064
002a
0119
01cb
fe24
0113
0189
ffb7
fe2f
0168
fe4d
01ec
01fc
00fd
fe2d
01f2
ffe1
fece
00e2
ffee
fefb
0160
00e9
fe9e
00e8
00b9
017e
0139
01ab
0003
fe21
fee0
0162
fecc
fe00
00a6
00da
0020
ff22
00a7
feed
ff51
01c0
0057
00b8
00c3
ff9c
ff6e
0067
fe9a
fe1d
01ec
ffb0
0061
01fb
00ee
fed5
01c7
ff6f
fe08
0118
fe0c
01f2
005c
fe87
fe59
0035
ff23
0150
ff3f
fe0e
0165
fff0
007f
009a
fe7b
ffbd
ff69
ff60
fe5c
ffb5
fe98
00d0
0116
ff31
0196
004d
fe28
0073
00cb
ff01
00f3
ff81
011f
fead
016e
feee
0100
fef3
ff71
ff13
ff2d
0174
ff60
00fa
0171
0114
00d5
ffab
01e7
ff7b
ffcd
fe1d
ff60
003e
ff17
ffee
00b3
00eb
000b
005b
ff24
ff36
fe8b
ffc0
ffe8
fef4
ffa4
fe9a
002d
0020
fe4c
01c5
0034
01f2
017c
ffcf
0156
fe82
fef0
ff48
004a
fe58
00c5
ffb9
00dc
ff04
00fb
fe8d
006f
ff46
01df
0127
fee0
0028
011c
ffbb
ffa2
000b
0144
ff66
ff41
fe25
ff2e
ff12
feee
fea0
fe19
ff82
ffd6
ffe9
0195
0085
fed9
00ef
ff8a
ff11
018c
0140
ffa2
fe52
01aa
00b7
01e7
fe60
0130
0156
ff0b
ff75
fe62
ff4d
0199
ff2a
01f8
017b
feca
0186
019e
01e1
0032
0074
fed5
01d2
ff28
012c
fe8c
febd
0046
00d4
00c0
00cb
fe07
ff73
fe8a
0033
ff09
ff0a
0156
01c0
0009
ffbf
007d
ff91
0195
0067
ff36
fed9
fe2f
01f0
ffe3
fee2
fec2
ff1c
003e
fe2f
ff5c
001a
ff3e
fe6e
0125
fe16
fe39
fe21
0110
01d2
00ae
007b
0042
00d0
ff3d
fed9
ff51
01a3
0085
fefd
0040
014a
01cf
00d2
00d1
0174
01cd
ff0d
febf
0113
ff0e
00ed
0066
003b
00e1
ff87
ff66
ff7b
01e9
fe6d
fef1
0107
01ac
0075
fed7
ff8a
fed0
000b
ff15
01bc
ff06
01a5
01f3
fed4
00bb
00d1
fe2c
013b
ff4a
ff6f
ff03
fff7
0174
0018
000c
ff48
ffd1
ffde
fe45
010b
006e
0031
008f
ff8f
010b
feb6
0175
0033
ffd9
fe4f
0116
0102
0178
fefb
ffaf
0186
fe3d
01ad
fe3e
fe2b
fe95
ff04
febe
002c
ff2a
0063
fec0
012d
fe68
ff0c
008d
0107
0131
ff10
0068
ffb1
0170
004a
ff01
0113
ffeb
fe7d
002a
ffbd
ffd2
01cf
01d6
ff4a
ffc8
01dc
0004
ffbb
ffd0
ffd7
019a
01a9
0165
ff5f
0047
00bb
01c9
fefd
fed4
ff2c
0065
0166
fefe
0016
0180
004a
00aa
fed5
00b0
fea2
00fc
ff0c
00e0
00b7
011d
0116
01db
fe57
febf
fff0
01ed
fed0
ff22
01cd
fe13
fe48
01d2
febd
0048
ffd2
0120
01aa
00f3
fe93
ffb9
feec
fe38
0079
01c2
00bc
fe08
005e
0055
00f2
0041
ffff
0113
01e2
0188
fe13
006b
003c
01f2
00f0
ff40
01f9
01de
0024
fe5c
feb0
016e
0159
ff78
00fe
0165
0038
0027
002f
fe1b
fe75
fe2f
0004
feab
ff55
ff73
ff7c
00db
0098
0096
0149
00ab
ffe7
0070
fee4
fec7
ffdb
fe0e
0060
ff0b
015a
00df
fedf
fe7e
0121
ff44
002a
fe73
ff75
0134
0073
ffe0
0090
fe8a
ffb9
fe49
fe40
fe28
fece
0125
0180
01f8
01f2
01a2
fe54
019c
01bd
0162
ffb7
011c
0125
0109
0038
fe63
000a
febe
009a
fe27
002a
0172
ff07
ffae
0025
01a9
0165
0158
005b
01f6
00eb
ffbb
00b8
feb4
fe33
01e5
fef2
ff30
fe6b
01eb
0061
000e
ff46
ff16
0074
fe79
0095
0105
0005
ff50
fedf
ff74
fea2
0128
009b
01f8
ff22
01d0
ffde
fe5c
0049
fe77
fe32
00cf
fee5
ffdc
fe89
0164
011f
0108
00be
ffc2
fe28
014c
009b
ff5c
ffa6
01ec
00e6
0182
0111
ffcd
ffea
ffa0
01b8
fe9c
ffbb
fee9
ffbb
00bb
fecb
01d9
fe25
00cf
fe2c
ff03
ffc8
011b
fe9b
ffb9
0117
0022
ffad
0139
0064
0023
ff80
ffbd
ffb8
00a4
019a
015e
fed4
ff7b
feed
fedb
fe35
fe51
00e0
febd
017a
ff9e
0120
feb9
ff49
0106
01c7
ff63
001c
fec9
fea9
ff49
fe84
fe9c
fe7b
fe12
01b6
0113
0008
015c
01af
0015
fe4a
fef9
01aa
0143
fe1e
0080
0002
ff21
01a7
00f6
006c
fee8
003a
002e
0083
01f2
fe1d
01c0
ffa4
ff3a
011e
fe76
0167
006a
ffcc
fe61
ff8e
00e1
019b
ff2b
0081
0006
01c3
016e
00e5
0021
01d1
feac
fe7f
fe36
0168
fec7
0100
00c3
ff55
ffe4
ff59
ff21
fe8b
00ee
ff24
fffd
00c6
01c6
01d8
ffbc
ff0a
014f
00e9
ffa0
fee9
003f
019f
00b1
ff4c
fec2
005b
01b3
ff44
fff7
01f1
0100
fed6
01a7
ff65
019c
fe3b
01b7
fea7
ff18
ff42
fef3
ff2c
fed9
011a
fea8
00a8
feef
00f9
0139
014e
016b
ff37
ff95
00c0
01a3
ff48
ffa3
01c0
fe8d
017a
fe09
ffde
00cf
0133
0138
ffe0
0176
0033
01e0
00f8
ff77
fe35
00a7
00d9
005b
0014
00fd
004b
fea8
ffae
fe6e
01a3
ffd9
fe15
fe4e
fec0
0163
fef7
0002
00a9
0088
008c
00f0
fe1e
00e9
0070
ffd6
ff6d
ff09
fe0e
0160
017a
ff09
ff11
01dc
fea7
ff0c
fea7
fe37
ff21
fead
fe09
0141
0131
01a7
fe5f
ff1d
fe8c
ffcd
ffb4
0117
0045
ffb6
ff3a
0114
013e
010e
ff61
00bf
ffb8
0088
0078
019e
0184
0022
00b2
ff8a
01fd
00f1
ffa6
ff5e
00b7
fe3c
fe23
01e2
fec9
01f7
ffe7
012d
fec1
00f0
0148
0196
fe80
0167
fe3d
0147
fece
00fd
0193
ff24
ffe8
feaf
ff70
00cc
ff8e
fe4d
ff36
01b4
fe5c
019e
ff6c
01d1
fed8
0076
fef3
ff39
ff46
00cb
01dd
01c8
0137
01ed
01b2
ff09
ffe7
ff19
00bb
fe63
ff41
017f
00fe
ff6c
00c6
0068
ff27
fe8b
00bb
01a6
01cc
001b
fefc
0183
00d1
011b
0071
fe21
0159
0165
01d2
ffa2
00ed
fece
fe3b
ff65
fef7
ffdb
01c2
015f
ff50
fe11
fe66
ff99
01b9
ff86
fe47
fe34
ff21
fe40
fe84
fe5a
fff3
00b2
ff27
00ac
0180
fe66
0014
004e
ff23
ff94
fff3
ff79
ffb1
fe6b
01d4
00c0
011a
0003
0085
feab
0154
ffc5
ff0b
01b0
febe
fe97
01df
00e3
0011
0137
01c3
ff73
0136
01b9
ff12
012e
01ac
ffd2
005a
fef0
00c2
ff59
012f
00bf
fffb
0079
ff28
fe4a
fe1a
00b8
ff5f
ff0c
feb5
00c9
fe47
0059
fe14
016c
00cf
fe6a
fe05
009f
fe77
fe09
0004
fe72
fed8
ff04
ff94
01c2
ff9d
0159
0143
fe3e
01b2
0200
fed3
fff6
014e
0025
00b1
ff81
ff9c
0054
0006
0010
019d
00ef
0069
ff67
feda
feee
0178
0092
0020
016a
01ca
0149
0089
fe30
00eb
01ec
004f
00fe
0123
00b4
01a0
ff5d
0082
feac
00ed
ff3a
00a6
fee0
019e
001b
ffac
0055
fed3
fe90
005a
0103
fe24
0166
01f5
ff7f
fe70
004c
0165
ffc9
01eb
0112
fe52
ffc8
0073
fe64
ffbd
01b9
fe49
fe5d
01b8
ff95
00d2
0033
000e
fee4
fef1
fe3f
00fe
fe96
013f
01bb
fe16
0031
ffab
ff58
fe62
01c3
fe82
ffca
0105
00fc
0193
0139
fedd
00ff
feae
00e9
ffc3
fe78
0108
0120
0137
ff63
00e4
ff80
011c
01ec
0140
0188
fff6
ff23
0175
fe6a
012d
00d8
ff72
ffbe
00fb
fecb
0074
014a
feae
0078
fe41
ff94
015d
fe7a
01b0
0122
00d4
fe40
ff92
003d
ff77
01be
01fa
006d
ffb1
006c
fe08
ffab
ffb6
01de
0062
ffec
01de
fe5e
01f4
ff25
fe6c
ffa9
0116
fef1
0080
01f1
00a1
0053
0055
01b7
ff21
0006
fe10
ff4c
0031
00f9
0190
ff3a
00bd
0105
0074
010f
017f
0020
000d
0047
ff32
febb
fe7a
00fa
0093
00d6
0058
01fd
ff9d
ff43
01a4
0005
fe3a
ff76
fe3b
00b5
0113
fe7c
01af
0062
fee2
0132
ff51
0076
fe9e
009b
01c6
fedc
fe8f
0138
00d1
ff6d
01fd
fe48
00c5
00e3
fed6
ff78
fe0f
fe09
fe11
00b4
009a
ffbc
ff0e
01f3
0193
00f9
fe30
0183
004d
0154
01be
fe26
01e8
fe11
01a6
ff68
fe89
0152
0004
0104
fe9c
ff3d
ff7e
ffba
000c
ff68
0028
feb5
00ef
003f
0092
0046
0133
0009
fedf
feec
fe50
0061
ff61
001a
ff12
00dc
00a4
ff61
01cf
fef7
ff25
ffc4
ffe8
fedd
0137
0115
00e5
0127
ff19
0157
0150
fe5e
ff82
fe6a
00ff
004e
00a6
01a4
fe21
fe97
ff02
0145
ff97
00bb
0176
0016
0099
0131
fe18
012a
0044
0187
ff8e
01e7
ffac
fe56
00a3
fe10
ff87
014b
0098
ff67
fe86
fe6b
fe71
0125
00a7
00a6
0122
ff53
001b
00b0
0094
0159
0055
fee5
000e
ff2d
ffae
ffa5
0098
0200
0050
0163
0102
01ee
ff9b
fe3f
feea
00fb
011d
01cc
0132
0156
00de
fe6d
ff83
fe0b
0056
ff16
ff2b
fe4b
0127
01f8
ffd5
fff2
fe6d
00c8
001a
0059
fea1
fe1e
008b
fe63
ffe9
ffb0
0043
ffbd
feca
fe32
0120
fed2
00f2
ffd7
ff35
005a
fe0f
009b
fe3f
fef7
fed5
fe6f
ff91
ffd9
0057
ff57
01fd
fe97
0150
ffc7
013c
0028
ffce
ffb5
006f
ffd2
01f9
01fe
007b
fec4
0078
ff7b
0025
ff6b
fe68
01ad
0034
fe18
feec
01c8
01d8
fe1a
ff75
010d
00eb
fe13
012a
fe3d
fe1d
feb0
00f6
ff50
ff4b
0164
fe73
febd
fe3a
fe4f
ff79
fe97
fe4c
0197
015c
0038
fe66
ff09
fe6d
ff49
feb8
0148
003d
0114
003a
fe71
fed1
feb9
ff37
0156
ff47
fff7
0044
ff93
00f1
00d0
fe34
0125
019e
fe73
ffb1
ff1c
01a7
00ec
ff9c
006a
005b
0178
00b6
01ff
00eb
fed6
fe96
ffb5
ff5d
0086
004d
01f8
018a
0034
fe0a
01ac
01c2
febd
ff53
01f6
ff1a
0101
003d
01a9
fec8
ffed
ff5f
016a
0181
fea6
fe71
fe66
00e9
0090
009a
fe70
ffbb
01af
ffea
00a3
0028
0185
0119
fe48
01d5
008c
fe92
fe68
0058
0184
fe0b
0100
01d3
fff6
fe52
ffc8
015a
fe4b
0039
ffb2
0032
014a
01f5
0020
ffe0
ff23
01cf
ffd3
fee0
001a
fe12
ffa1
ffb7
fff3
01d3
ff33
ff02
fe5c
01da
003c
00c9
ffb3
015e
ff9b
ff99
feed
fee3
0087
00ef
fe79
01fc
ffcb
fe7f
ff93
ff5a
010b
ff4d
fe71
ffbe
0013
feae
00f6
fe8d
0164
00d1
ffac
001f
ffe6
0065
01b2
0004
0035
fe68
ff60
fe01
01c2
feb1
0105
0113
ff5f
ffd0
fe3d
0138
feca
0188
ff7b
00ba
fe0a
fe72
01a0
0052
011a
ff12
00a8
ffef
006b
fecb
00d7
fecd
00b0
01f2
ff07
ff97
01ca
0129
0133
0118
ffd1
feda
00c8
0127
fe39
fe9a
ffce
00b8
ffa1
0063
0092
fedb
01a3
0063
fee7
00b5
fe15
feff
0129
fe49
0131
001b
01f5
011a
ff5c
01c2
fe08
ff38
ff15
012e
ff53
fed3
0177
ff99
fe9b
00ae
016b
0054
0096
0016
01b3
fe09
fe0c
00d9
fea7
fec0
fe46
ff02
ff51
006b
ffaa
001d
feb8
005d
0087
fffa
01ac
fed0
fee4
ffe0
feec
00f3
ff7e
003a
0117
fe39
fe85
fea5
ff2e
00df
fe6d
019e
fe50
fe20
fed3
00dc
006a
fe2a
00c9
ffb1
fe96
0136
017b
00b5
ff00
fed0
0135
ffe6
fe2b
fea6
0011
fe16
feff
00d5
00fb
ff24
0011
ff0c
0133
0098
018f
01a4
0170
0010
fe53
019e
00ce
fe6f
0059
01a2
016b
fed7
fe55
fee0
01d6
00cd
00d5
0045
010e
010e
0050
0118
ffe6
01af
01d5
fe88
ffe0
01c2
fe2c
0168
00c2
0045
009f
ff0e
ffc6
0039
0098
ff49
fe3d
0006
fe1a
0122
017e
00d6
fe7e
004a
00c0
01fa
004d
fee1
ff32
01d3
fe5c
ff98
fec5
01aa
fe22
ffc9
00e5
00aa
01f5
ff00
0034
00fe
ff5b
fe67
00c6
00d7
0038
ff38
ff3a
ffcd
fffc
ff2c
fe31
ffc0
0052
fff3
007e
01f2
fe8f
fed5
00e8
014b
fe8e
0020
fe75
000f
fea1
ff14
015d
fe6f
ff8f
01ed
fed9
0019
fe1a
01cc
0065
0004
ffba
015e
01c6
0151
ff4d
ffb6
fec1
fef1
0037
00b0
011b
006b
0156
01a3
ff3c
fe45
ff61
00e8
01f7
ff9e
fe1a
019c
fe69
00d1
0084
ff17
fe4e
01ca
feec
0171
ffc6
01c2
0119
ff4d
01f0
002c
febc
fe52
0193
0183
0159
0033
005a
ff30
ff23
0102
fec3
ffb9
fe01
fe3c
ff0a
01f9
009d
0077
fe3f
01cb
ff48
ff63
01e5
fed6
fecc
0066
016a
0155
0075
ff86
fe98
ffac
0000
01fe
fe23
ff47
ff52
fe98
01ea
0035
01f1
ff9f
ff81
004f
fe38
0134
ffe0
ff06
ff69
fec6
ff1e
fe53
00c3
ff97
0024
fec1
012f
fe31
0115
0082
fede
00a1
0182
013c
fe92
0091
febd
00b5
009e
0071
0089
01a0
0005
fe5c
00fb
febc
0156
0144
00a3
01fc
0076
ff78
fffc
0165
ffb1
ff58
019b
0112
ff80
0035
0097
ff1f
ff79
ff0c
fe7b
fed0
fe8f
00cc
ffab
017f
ffb0
01e1
0146
0016
fe45
00ab
ffd1
0014
ffc6
fe9d
0115
0002
fedf
ff80
00d3
feaf
ff4d
ff6b
0111
fed6
0146
01a2
ff2e
fe05
ff63
fe7d
016d
ffcf
01cf
feb0
002c
00ef
fe5c
fed8
ffda
fed4
ffaf
0081
000a
ff1d
01d7
fe58
fe87
ff06
ff0e
0124
fe7c
ff4f
01e5
01a7
ff1e
01c1
0071
ffb7
018d
fe8e
ff64
ffd2
0172
fe69
003d
ff3b
ffb0
ffc4
000c
fffb
0140
feac
ff42
ff12
001a
ff7d
00fd
ff82
004a
01ae
006a
006c
008b
0124
feaf
00a2
0111
ffdd
ff38
fefc
01e1
009b
fee6
ff41
ff71
fffa
fea9
ffc3
00c2
ff74
fea3
00c9
0007
00a5
00bd
fe5b
ff78
fe9f
01af
fe0e
fe3b
000a
00b4
fea2
ff47
fe5a
0145
01d1
ff60
ffd6
fe6b
01e5
ffa9
00fc
ffce
015d
0012
fe1d
ffff
ff31
ff3a
fea4
fe09
006d
ff80
0007
0017
00a5
00fe
011c
0082
003e
0029
0172
0091
0115
fe5e
ff47
fe93
fe57
fea2
0078
ff78
ffe3
0010
fe87
fe09
0129
fe98
ff85
ff3a
0056
0098
0036
009a
0062
fff4
fe7e
0013
fe65
fe93
002f
fec6
ffdb
0027
fea9
ff7d
00a4
01ee
00ab
0028
0030
013a
0190
fec2
015b
01b1
ff6f
fee4
00df
fe26
0001
fe8c
ff33
0186
ffba
003e
fff2
fe43
01a1
002a
ff83
fed7
015d
008d
0181
ff7c
0137
01e8
fef4
003d
0163
ff75
01b0
0124
0116
0082
ffcf
ff07
0024
0197
fee7
01cb
ff0b
01fe
fe21
0082
fe4b
00de
ff2b
ff78
ff18
fe1a
fec4
00f6
0023
ff7a
0078
fe16
fe5e
ff46
00cf
019d
0020
fe41
fe67
feca
01ff
0029
fe79
013b
ff9b
00f0
0013
fe7f
01b4
ff4a
ff4b
ffdc
0187
ff78
009b
fe84
0191
00b4
ff64
0129
008c
ffdd
01ab
ff9a
fea2
fe57
ffcd
fee9
01f7
0193
ffd4
ff1a
0066
ff66
ff71
ffe8
006d
0075
fe44
00d1
ffdb
ff16
fe19
ff17
ff05
fe79
0053
00df
0166
00e0
012e
00fd
ffc6
01b2
00eb
007d
ff2b
fe6c
00f0
01f7
ff70
fe1a
ff91
01f5
fec6
ff49
0102
0191
009c
fe84
febe
fe8a
004b
01c3
ff47
fecf
004b
fe76
ff00
fef1
fe05
0004
feed
00a1
feba
ff3b
00d9
ff83
0137
0153
fedb
feee
feba
fe76
ff78
ff0f
0167
0051
01c5
ff47
014e
ff66
0051
ffa8
0154
ff7e
fe7d
014e
009a
ff57
016b
fe55
01c5
fefa
feb1
ff80
00e0
010d
0169
fe3b
ff58
ff4c
01ab
0134
fee5
fe9c
0050
001b
0051
00c8
ff6f
0162
006b
fe49
0053
00c0
00d9
ffdf
fea2
00e8
017b
00da
ff81
ff35
feaf
ffb9
fef7
01d8
01c4
ff21
01de
ffdf
0084
ff24
0182
007f
fe78
0127
0199
012d
0056
fe9b
ff87
ff6b
0125
01b6
ff26
ff02
fe5d
ff5f
fe56
01f3
fef2
00e3
fea3
ffe7
00e3
ff09
fea8
01e4
0152
fe65
00e5
ff7c
ff06
010a
fe97
015e
0021
fed3
00cc
fe97
ff3b
0129
01fe
0078
ff66
0068
fece
0121
fe49
01e5
0156
ffc2
0100
002e
ff0e
fe4f
0111
0037
ff15
0064
00ab
015e
01ac
00c4
01a4
00df
ff6f
00af
ff23
0146
fe98
ff80
0030
fe4f
ff57
002b
ff06
014e
ffa0
ff61
0150
009b
fec1
ffbb
0023
fef9
0004
ffb8
ff87
fe18
fe4f
ff9b
0157
0038
ff76
001f
ff3e
0167
00c7
ff9a
00cd
0114
0023
00a5
0103
ffcf
012c
fffc
ff0b
01b3
0058
ff90
00b5
ffca
0016
ffc8
00bc
01ac
00a6
0113
fe5e
001a
00af
019d
fe8e
015f
0059
01df
00c8
00ce
ff47
0184
006b
feec
fe3b
00bc
0025
012b
ffed
01c7
ffc2
ffef
011f
0008
01f3
011c
ffb2
fedd
0164
ffec
0009
fe3d
0052
013d
0145
00a7
fece
0108
0091
00ad
01b7
00b4
01b8
ff90
ff76
fe11
01ca
012d
003a
0066
fe8a
fecc
ffa5
0016
0016
00d9
fe68
006d
fe27
fe60
00f8
0134
ff8e
01d9
ff77
ff49
00f0
fe98
0067
fef9
ff4b
0197
fe32
0115
01b8
0176
00ee
fe1f
00f3
fee0
0107
ff9d
005b
0030
0199
0191
fe61
01ea
fe1c
0047
ff22
01bc
0072
ffc1
0077
ff6e
fe71
fe39
0155
014d
ff65
01ba
ff13
fe4c
01dc
fe00
009b
fe82
00b4
ff96
fe77
00df
005a
febf
ffe5
ffee
fe10
008f
fe43
0041
fea7
0033
008c
febb
fe50
fee7
014c
0193
ffbb
ff1b
01de
ffbb
0059
ffa2
0167
01bd
ff17
01df
fef1
0137
011e
0129
fecc
ff90
003b
fec7
0001
ff20
ffef
fff2
0006
0069
ff20
01fd
0156
fe37
ffd0
019c
ffdf
ff1b
ff85
006d
017a
01b4
000e
01a5
ff3e
004b
0104
fe5b
00b6
ff11
ff03
fe8e
0138
fe12
fec6
00ff
013d
018a
ff6b
ffa0
ff6a
01d2
fe3c
0184
001f
ffe7
00c2
fec8
fe2c
fe25
ffaf
ffca
feac
fe58
fe1b
ff9e
000a
fe2e
0049
fed4
016c
ff31
018b
ff2b
ff81
0066
00be
ff4b
fe42
ff2e
0097
013f
00b3
ff99
ff26
ff5b
fe12
0102
015b
ffbe
ff89
ff4d
ffbf
012f
ff88
01a5
0097
0129
fe62
0038
0018
fefc
feda
01f6
01ab
ff56
fe5b
ffb4
ffb2
ffab
003c
009c
0072
ffc3
fe54
015e
01d3
ff5f
ffa2
fe12
0010
ff82
feed
00c1
fec8
0110
01a8
0076
ffc1
00e4
009a
fed1
0197
01e9
0085
fe90
ff50
fffc
01bc
00b0
00d0
ff7f
0082
0101
ff01
fefc
ffce
017e
ff5a
0099
0164
fe5c
01d2
01fd
ff41
00b9
fe84
fe35
ff6a
0180
00c0
01e7
ff6e
ffea
ff84
ffba
0099
0015
0016
00ff
fe67
fe0e
018b
ffd2
fe7f
fe0f
ffc3
ffd9
fef1
01b4
fe08
fff7
01e8
01e7
fe79
fe5e
0176
ff0a
fec0
01c0
fec9
ff1c
ff19
00ba
01d5
ff91
0199
ff7a
feac
ff02
001a
005c
00c6
fe90
ff49
ffa4
ff9f
ffe7
003b
fe37
0130
fe1d
012e
ffcb
fea5
01a7
00eb
feb6
01dc
012c
018f
001a
fe1a
00a9
ffb5
ffe5
01e0
00da
004e
fe28
0071
005c
01bc
ff1e
fedf
fe4f
feb9
ffac
01f5
ff66
fe31
0126
ff7b
ff7a
0134
ffc4
ffbc
0065
fe36
0021
0074
00ed
fff2
feac
fe88
0154
00fb
01b9
fe98
fe70
0187
00b7
0123
ff37
ff7d
ffad
0146
01d0
fec2
ff36
ff1a
fe74
ff51
fe47
ff2f
0082
fffe
0052
ffc7
0102
ff11
ff2b
ff09
fe47
01d5
0027
01b1
00d7
fe91
ff17
01c6
01c0
fec1
ff50
01e2
ff89
016e
ff61
fef7
fff3
feab
0009
0195
00f9
fe4e
013c
0172
0021
01ed
014f
fe79
ff35
0096
fef9
00b6
0056
008a
019a
ff21
ffcf
00ca
00fa
005a
01bc
0038
fe2c
fea2
01e5
00f8
feab
015b
ffa2
0079
0073
ffef
ff68
00bf
fe83
01d9
0097
fefd
0066
ff84
ff5c
01a2
fe72
00cb
010c
0141
ffff
feb3
00d4
01a7
ff99
0039
0022
01b3
fe4c
ff47
00f1
003b
00db
018b
0047
00ff
ff79
0033
fe72
0174
fe3a
fe29
fe4c
fe1a
011b
ff8b
fe73
ff06
0035
0085
0103
01ca
01ea
ffdb
fed4
00ab
ffdf
fe19
fefc
ffdb
ff40
01db
ff0d
01c9
fe95
fe03
ffe6
017a
012b
0085
fe1b
ffbf
00d2
fe5d
ff2f
0065
ff6a
fe03
fec8
0159
00c3
fe7f
0001
ff4f
fe58
00a9
001f
ffc8
0088
fed0
00bf
0042
fef5
ff83
0179
fe3a
ffb6
000c
0169
00c9
fe44
febe
fee7
0172
fe6b
01f9
ff47
ffd1
fe41
fef2
ff05
0154
ff07
ff97
ff2a
0082
fe45
0178
0056
fed0
01bf
0083
0124
00a0
014c
012f
00e5
fff6
ff47
fff5
01fe
fe9a
0021
0161
fea5
fe3b
0081
0153
009c
fe1d
fecc
019e
fff6
ff65
007c
fed7
0107
00d7
01de
ffe0
ffe1
0013
01c3
fe83
ff07
fefc
fe09
fff6
ff06
0040
fe04
0037
0091
0163
015d
01ae
ff58
fffc
fee3
00f3
fe79
fe57
017c
01f0
fed1
019f
0065
0152
0049
0157
01ce
0078
fe59
fe2d
ff73
01ad
00d8
ffe0
00b3
0013
fe1b
0038
01f9
0141
fff2
0139
ff2b
ff0c
ff25
feed
0185
00ae
ff5d
0102
fe4b
0158
0077
0093
01b8
0044
fe41
0007
0189
01f3
fe0b
fe9b
ffea
012a
0005
ff6e
febc
fed1
ff46
0175
fe94
ff34
0122
01e4
fef8
ff65
fe3d
fef7
ff91
ff45
00fc
ff08
0113
004a
0074
003f
fee5
0029
fec5
fe26
fe90
fe64
ff11
0101
01d0
01ab
012a
ff65
012d
001a
ffb3
fe0a
ffe9
0196
fec0
ffe5
0188
feb2
ffd9
fe20
003c
0060
fe37
ff34
fe48
010e
0060
00d1
fe90
fe11
ff3e
ff45
01b2
ff38
01b3
00f5
0033
0113
ffe5
ff46
ffff
0187
013b
ffd9
fea1
fe2c
ffee
0117
fefe
ff6c
ff21
fe64
ffd8
ffa3
fec7
0039
fea3
01fe
fe62
fe91
018d
0047
019d
ff25
fe36
fe43
00f5
fe02
011b
ff60
01f5
00db
0020
ff8d
00f7
00d1
ff2e
00e1
01b5
0175
00dc
ff4d
0138
0024
016c
fffe
01d1
010f
fe85
fec7
00b5
fe83
ffe3
fe18
ffc6
00bc
0101
018d
0172
00e3
01d2
0002
0120
fecc
fe76
002d
01fd
ff69
0048
ffa1
ff35
0107
ff6e
ff62
fef8
01da
fffe
00eb
ff0b
0094
ffb4
01b3
fe0f
fed9
0124
feff
000c
fe7d
fe31
fecc
ff5f
ffa9
ff0d
ff7c
fe45
ffcb
fe64
feb3
016b
ffc6
ff62
01ca
ff40
ff40
fe18
005d
0143
017d
0147
ff3f
fe2c
fe02
fe69
01a8
0014
feee
fedd
febc
01c1
ff02
ff48
0164
fea9
01a2
ff50
0097
01ba
fe3f
ff27
ffd0
fee7
005a
ff76
ff82
003e
fe52
ff65
0018
ff66
0019
01ec
ff9c
ffc6
ff70
fe9b
ff7f
01a7
00ac
fecb
ffde
000d
017c
fe08
fe66
0014
00b8
ff34
fff4
0073
0036
ff3d
ff86
fe15
fef3
fe30
0118
ffd0
0078
fed9
fecc
00e3
fe53
0014
00ad
008a
fe2f
ff77
fe8a
01c9
ff40
fef8
0093
0021
00b3
ff9d
01e7
fe19
0197
fec2
003a
01e4
ff9c
fed0
0155
0053
ff6c
fed5
00de
fef4
fee6
ff7d
ff3b
00bb
01f9
01dd
ff5c
014f
0054
ffee
fe2b
0166
0049
ff28
ff98
fea5
0080
fe62
fed6
ff51
fe51
ff10
ffe7
ffca
010c
00f1
00a0
fe69
014f
008f
00f8
ffbf
007b
0132
ffa3
00d9
ff7c
0151
ff0a
00ae
01a2
fe24
ff82
ff5c
febb
00c9
006b
ff6c
ff8b
fee0
01ed
fe28
fed4
0071
ff3c
01dc
0183
0149
fe18
fe11
fe7f
ffe6
fffc
009d
ffee
014f
ff8f
0125
00f6
fe5a
ff62
fee2
ffee
00a9
fe21
01cf
fe50
ffb0
fe94
01e0
0097
01a4
ff2f
ff16
fed2
0026
ffd8
ffd2
012c
ff04
0070
fea9
0165
012b
00cf
fe4b
ff1a
ffb6
0015
ff34
ff8d
feb7
fe93
fe6d
fe66
ffae
fefd
ff87
ffae
ff2e
fe54
000c
feb6
003e
ff87
00ac
0145
ff57
004c
ff3b
fe99
0159
ffe8
fe2b
0029
01fd
ff60
ff10
01de
fee7
fec5
fe6b
00af
009a
0063
fec6
ff07
fe0c
00d8
0126
01d5
ff43
018d
ffee
0102
ff65
ffd0
ff82
0044
00d3
ffe7
fe0b
fe94
0107
00d6
00f7
012f
ffba
ff03
ff87
01f9
ffa3
fea5
000f
fe6f
014a
ff25
0187
fec6
0179
0174
ff4c
00c1
00e1
0058
0088
0138
01aa
002f
ff9a
feb3
ff6b
0003
ff45
fe2c
0107
feb7
0069
0200
01e9
0074
0119
0130
feac
00ec
00ab
013b
0062
00ab
fe98
fe57
003c
ff2b
019c
016c
fe5e
ffb1
0194
ff60
0126
00b9
0191
0070
fe77
00ad
ff67
0011
fefb
fe9c
ffdb
fe0d
018c
0009
ff90
ffbd
ffbb
ffbe
ff8d
014a
fe4a
0010
018d
006f
0074
fff9
ff4f
fe6b
ff52
0037
0104
01c3
0050
00b8
00b4
003c
ffaa
fe4b
ff39
009e
fec1
016f
ff56
00fb
fe26
0189
ff5b
fe21
0112
feea
00c3
ff56
00c3
fe92
0059
009a
fef8
fea3
0140
0200
fed4
01ee
ff62
ff1f
00ea
feb6
ff44
00ee
ffca
fe83
ff66
0148
0175
0070
0188
00d7
fec5
0040
00b1
ffd0
ff76
007d
fef6
0030
fe71
005b
0102
ff82
ff86
00a2
00ed
fef3
00cc
ffb5
ffb6
0048
ff29
0128
00ed
ff80
ff7a
0009
fe34
fffc
00af
ff2c
fed8
ff32
004c
fe34
0022
ffc4
00bd
00d8
ff4c
00c2
fee3
00d1
fe71
00d1
ffef
0152
fe4d
fec9
ffb3
0192
01b9
0059
01fc
febe
fe05
ff80
feb3
fe6c
018e
0118
012f
0093
ff05
0085
ff10
fe4f
fe53
018a
ff13
ffdc
fe72
0058
01a3
0199
ff3d
ffc3
0067
fee9
01bf
0085
ffbc
fe7f
ffff
00e7
01a4
fe7b
fed4
fedc
ff6e
0052
0040
ffe1
0130
0035
0136
ffb0
007f
01da
ffcc
01b7
fe8e
0088
fea0
ff90
ff60
ff41
ff91
fe17
00f3
0124
006d
ff69
01b1
fefe
feac
ff86
013c
009d
fed5
ff58
0031
ffdf
ffa2
0158
013c
006f
0117
ff89
01ba
fee9
00c8
01fb
ffe0
00eb
fe0a
019e
fe99
0028
0027
fec1
fe64
0133
00c1
0061
00ff
fec2
feb3
00b9
fe4e
ffb2
004e
0019
fe64
0010
fe4e
fe07
febc
fee4
ff39
fecf
0145
fe54
0064
01de
fe79
00e1
0018
016c
00d8
01e6
ff59
ff0b
fe3b
ff29
00c4
ff7a
01c3
006b
fe1a
004f
0129
fec3
00b9
01a8
fe9a
ffa9
fe6d
fe54
ff19
fe28
018d
ff5f
fe8c
ff33
fe30
0063
003a
fefb
00ef
ff0c
fe53
ffcf
017d
fe5e
0044
0189
01b9
fee7
01e5
010b
febe
0171
00b4
fe3b
fe02
01d6
0177
018f
005e
00e8
0030
01b9
ff4f
0111
ffc0
fedf
ff19
013e
fe12
010e
0121
ff5a
fee1
feb9
fee7
ffd5
feca
ffb7
0063
0113
fe52
00bb
0092
fea7
008c
0119
00db
ff99
ff14
ff21
017f
0102
00a6
ff2f
ff3e
01bc
00e6
00d1
0027
fe34
ff90
fe02
ff72
0144
0123
fead
01de
0117
fe6b
fe6d
fe19
00de
ff25
00c6
018e
ff34
001c
01e6
fefe
00ea
fee7
008e
ff5a
fffc
ff0d
0133
fe55
0073
fef7
00ea
ffc6
ffed
01ae
ff14
fe3c
fe55
fe6c
ffb1
0011
ffd6
ffb6
ff0c
fe2d
fe9c
fe4a
ffae
00f0
fe29
ffb6
0190
01d9
ff3d
011e
00ed
0078
0045
00d6
fe26
ff7e
ffe7
feaa
00ff
016a
fed3
0045
ff10
ff1d
ff4a
ff91
fe02
0027
fe9c
fe5c
ff73
01a7
0042
002c
012f
00f8
fe87
ff1e
ff94
fe70
ff50
ff87
ff23
fe5e
ff9b
00df
0086
ff81
fe9d
fec4
fe13
ff0a
feee
fece
fef7
016b
01de
ff87
fef7
ff2f
0047
0096
ffd0
ff2e
017b
fe5a
01c8
ffe5
fefb
01de
0027
001f
00cf
0177
0088
ff24
015c
ff52
fe6d
fee4
01fd
00d5
01b3
0075
fe74
fe26
fffb
ff68
fef0
0144
0171
fe39
feab
fe3b
feb3
ff01
ff3a
0095
0032
0076
0120
006e
0095
00ca
ff02
0093
00a9
feed
00b2
004f
fe64
01dc
0087
002d
01e0
ff2a
ff01
fe22
ff76
fe74
00c3
00ba
fe3d
ff9e
009d
fe87
00bc
018f
00c5
01f0
01fc
0080
0056
ff9a
fead
01dc
000b
feb5
002a
fe99
fe3c
010d
01b6
ff8b
00db
012c
ff30
0018
01a6
fe81
ffe1
fefc
fe21
ff4f
003f
ff05
01c6
0085
fe11
ffdd
0165
0198
01a9
fe98
ffb5
fecd
ff21
00cc
00ec
01b4
01f2
015e
008f
feac
018a
fee7
013e
ffe3
ff3b
fe46
fe9b
00b7
fee5
000e
ffb8
ffc8
00fd
0118
fed2
fe8e
005f
ff76
ffee
ff91
fe78
ffe1
fe03
fed2
0049
ff77
fefe
fe8e
fea3
ff82
fffd
0022
01c2
012b
005b
ff28
fe54
00ff
002b
00dd
0140
0166
0067
002c
016d
fe9b
0173
fffa
0035
fed4
ff4c
ff80
fe1f
0015
0002
0110
0073
fe36
0006
018b
004f
0014
ffdb
feb7
0014
fe86
ffb8
016a
fea6
0195
00c4
fe22
ff18
fe24
fe6f
0029
0166
014b
015f
fe58
ffd2
01b8
fe98
fefb
0111
0032
feb8
ffad
fe30
00f0
0054
01aa
ff28
00c9
015a
ffbd
ff0e
0146
fee9
003e
00f4
ffdf
00d0
ff9e
ff8c
ffac
0149
0180
01c1
0007
ffd2
00dd
0115
fe44
ff83
fe42
ffaf
0118
fe3c
01f6
0010
feb8
ff73
003f
feef
01d5
ffa0
009f
ff8b
0119
ff3e
0099
01b8
fe67
ff13
01aa
0103
0193
ff91
fe4a
ffc4
febf
01ec
008e
ff36
00c0
0038
ff78
0187
ffe4
ff96
0153
01cc
01b6
ffcf
fe11
01c6
ffb4
0118
ffd6
ff53
fea1
fe4e
018b
0159
0085
fe99
01e6
0090
fea7
fe80
ff6f
0143
fef3
fef5
01cc
ffe8
fe61
006a
fef4
01b2
ffa8
ff32
01f7
0096
fe03
017d
01b3
01f7
ff93
fee1
ff9b
009d
00eb
ff64
00cd
006d
0070
ff12
01ec
fe42
fe22
00e0
ffe6
01ab
0014
00fd
0092
fe52
013b
0139
0014
fe88
fefe
fe58
fe01
0200
fe73
ff5e
0122
ff6a
fe6e
01d5
01ff
0179
fffa
00a4
0131
01ce
00d4
fe74
ff5c
fe18
016b
00ec
ffb0
fe2a
fe79
0150
fe24
ffd1
0013
fe74
01e8
017e
fece
fe79
018b
003f
fe43
01de
ffcc
00ac
ffc6
00e3
ff90
013b
0101
ff27
0101
fed8
014f
fee6
fec5
ff31
fe4b
ff6f
01cf
01e6
00d1
feb0
0020
00e8
0150
fe6a
00f7
fe31
0067
00f7
fe38
00b5
ff46
0180
0129
016f
fe94
ff9a
000d
0180
ff57
fe61
01ac
009b
ff39
ff5a
012e
febe
0097
01ca
ff0b
ffe9
0084
fe17
01c0
fee9
ffc6
ff6a
ffe1
fee8
ffea
ffb4
fe48
007e
ff0d
0116
0133
00cc
01f7
01c8
00fe
fe15
fe58
01bd
fe1d
01e4
0178
fe36
ff44
01c1
fecd
0019
ff0e
ff5e
ff02
00f0
00a4
00f5
0083
fe8f
01fd
00ec
019b
fe54
0085
01ac
01a4
ffe3
fe36
ffcb
ffda
01cb
00d9
ffb8
ff1a
018a
001b
00ad
fef1
ff4a
feb0
011a
ffdf
0177
ff5e
01de
ff35
fed9
00ec
ff04
fe21
fe86
00a9
0198
ff10
ff43
01b6
00bf
fe61
00ce
0175
ffad
ff5c
ff1b
007a
ff10
004d
fe80
0182
ff88
0055
0135
013c
0191
005a
004a
010d
fe37
fe59
00c9
010d
01d3
fe3e
fefe
001f
fe5c
00e6
ffed
ff81
ff83
01e8
01ed
0006
ff73
00cc
00dc
0025
ffcd
01df
fed7
01dc
fe9d
01c5
fe3a
0091
0086
00e8
01a9
ffa9
018e
ff72
fe3e
01dd
fe55
00f3
fea1
ff5e
fe9f
003f
0160
0128
0009
fe65
0141
008e
0077
0195
0183
ff10
00fd
ffe2
0091
fe27
ffa4
fe9e
0080
ffa7
00d7
0151
00f9
fe02
019a
fe0f
005c
00f0
002e
01f1
fe95
ffc3
00cc
ff24
fec0
018c
fe91
fe64
ffdc
00d0
004c
ff19
fe0d
019b
fe89
00bd
ffd9
0148
0043
fe02
fe14
ff18
00e2
0090
01d6
ff30
00aa
fe10
ff8c
0080
ff5f
0183
fe80
ffba
fe6b
01b4
fe86
0018
0141
fee2
ff6c
0198
009d
00c0
019e
ffd5
018f
ffdb
00cf
fe54
002f
0171
fe43
ff4b
fe54
fe85
ffee
0142
0110
ffd7
fe9b
fe77
ffb8
fe37
ff32
fe20
ff6d
0057
0069
0140
016b
00f8
fe8e
0062
017a
ff81
fea9
01a7
0093
004a
01c1
004a
0012
0173
0018
ff82
01d6
fe8c
fec4
01d4
01a7
015a
fe01
0105
ffe1
00ae
fe16
0052
0200
014c
ff1e
ff37
fec9
fe3e
000a
0083
0067
fe2e
01fa
ffaf
ff61
01e7
fe90
01d8
fe5f
0080
ff7c
fe93
ffab
011a
fe06
00a3
01ea
012b
0172
00da
000c
012f
014b
feee
00dd
fe2c
fe10
fefa
ffa9
00be
fe8d
fe5c
fefa
fe51
0139
ff48
fe72
018f
fe1b
ff98
fea4
fe5f
ffbc
fffb
ff99
fe19
00a6
ffa1
fffe
0128
00b4
00a0
00dd
feb4
0093
ff75
009a
fe59
0137
01b4
01ba
fe53
005b
0120
fe4b
ffa6
ff38
ffc2
ffc8
feab
ffd4
0009
fe23
feff
fef8
fe9c
0083
01a8
ff0c
0013
00a4
006b
0046
001c
ff3f
fe83
ff87
ff55
0037
ffc3
00b6
ffb0
ff64
ff76
fe4d
0000
00ef
ff48
ff57
0004
002c
ff65
0051
fe3d
0109
ff53
ffe4
ff66
01a1
0075
ff62
0197
0047
fe41
00cf
01bd
fe73
016b
00aa
0176
0044
fe2f
00c2
fe51
feec
00b5
fe0b
0060
ff02
fef0
ff52
0110
fe8e
00e4
ff00
ff52
fff9
0023
fe42
fefb
fe92
0196
01da
017c
ff73
007b
ffe9
007f
0141
01fc
ff7b
0070
00db
fec1
fe5c
0052
ffaa
fe7f
006e
fe0f
0174
0193
fe59
fe1c
fffc
ff6d
00c0
01bb
00b1
ff57
0112
ff41
0199
feac
fe5e
01b4
fffc
ff43
ff34
ffc5
ffcd
00b9
0181
ff35
013a
fe21
0165
002d
000f
feb3
fe04
ff22
fe08
014e
00ee
012a
001a
015e
012b
ff7f
011f
0139
ff66
017d
0104
0133
01de
ffec
ff50
01e1
fe36
ff3e
0005
0078
ff41
ffaa
ff95
ff9b
ff29
01b3
ffe8
fe6e
004a
00cb
fee4
003d
ff77
ff05
fecf
013c
0199
fe6f
fed0
ff76
0185
01db
01bc
012f
0082
ff55
fff8
fe7c
ff15
fee0
00e5
ff5a
fe55
feec
ffc3
00ac
0120
febd
fe72
00e7
fff6
fedf
0185
00d0
fe0c
ff12
ff69
01d9
ff5c
005c
fe0c
ff53
ff31
fe8a
0022
010d
000b
01f5
0045
0104
01c5
ff8c
00d0
ff42
ff19
fe47
ff92
fe1c
01f4
0016
0197
ffe1
ff5f
0176
fe67
fea9
ffac
ff92
fefa
01b3
00e0
01cc
00d4
0057
fea7
ffc9
01c4
0074
0175
00e4
00b6
0143
ffe1
fe98
001b
fe42
fe41
fe67
0191
ffe5
00b9
0170
ff58
00de
ff51
ff3e
0052
0119
fe98
0069
004f
00a0
feb9
fe6f
fe71
016a
001f
feea
0088
ff12
00e4
fe2d
fe3d
00ac
ffc0
feed
00de
ffb2
00fd
ff63
ff9f
feca
fff5
008f
fea8
012d
ff3b
fe0b
004b
0084
fe9a
fe3b
fe81
ff78
00ce
01b1
0110
fe11
ff6d
fffd
0194
00f4
fec3
01ac
0123
0174
01c6
ffc9
ff6a
fff8
012d
004d
fe88
0080
fe06
007d
00ee
fe93
007f
ff41
fe05
fe7c
fe93
fe0b
0017
ffb6
019b
ff37
ff56
0110
fe1d
01a4
001f
fee2
00fd
fe6b
feec
fe14
0009
0111
ffcc
ff2c
001d
fef3
00d1
fe29
ff23
0033
fe18
ff9c
019c
00ff
0132
019d
0195
010e
00c8
0005
ff82
018b
0144
00c5
003c
0062
00f7
fff4
00f6
ff3a
006a
0129
00f9
012d
0005
ff1e
fe95
00a9
01e9
0044
013e
ffe0
013a
012e
fe69
fe47
ffe5
013f
005c
008e
0057
0054
ffbe
015e
00b9
0002
0127
0154
0056
00df
013d
018a
0074
0063
ff97
0003
01f4
feb9
01ba
ff1a
ff78
ff18
0031
017a
ff49
00d0
0170
013a
00a1
00ae
ff38
fe30
fe4a
007f
0026
0070
0012
0000
01fb
fe22
ff92
fe48
fe4b
0057
ff88
01a8
ff94
0131
fed3
0001
013c
0048
ff7c
010a
00ba
ffd9
019d
febc
00ec
00a0
016d
ffa8
ff99
ff81
00bc
0020
00ea
ff95
fec9
013f
01dd
ffba
0160
0141
ffa7
00c0
fe49
fe8e
0159
0109
fecb
0197
003b
ff45
0115
ff84
fea1
ff17
01dc
01e4
01a8
ffce
013a
fe11
feb4
ff59
ff0c
fe41
002d
ff3f
ffad
01e8
feca
00a0
0049
003e
0164
00d2
01f7
0090
ffd2
00a0
01ab
0129
014f
0010
00ed
ff69
fed3
ff5d
01e7
016a
fe96
ff03
fe7d
ff78
0108
ff9b
ff0c
fe15
0174
fe4f
0021
0047
ff81
0084
ffd7
014f
0113
fe9d
01ff
016b
fe91
fef6
0164
015d
ff1c
ff1a
fec1
0143
ffda
0113
007a
005c
018e
ff0e
015d
ff14
00bd
ff25
feda
01c8
fe62
0174
feff
0019
0069
01b3
006b
ffc0
01ad
ff6a
018a
0081
ff2c
ff15
fe85
00ce
fec9
fef7
fe33
0030
fe0d
fe4f
00bb
ff1a
00d7
fe6b
fe29
fe0c
feda
01fb
01fa
01e8
0125
ff37
ff18
01e1
01fb
ffbe
0066
0032
0190
ffde
fe32
fe9e
ff66
01df
010d
01f1
feca
00cf
0094
00ba
0171
ff25
00b1
fec7
fe9e
009b
fe51
004b
01ed
018e
ffa5
fed6
0037
0082
ff40
ff56
fe25
0041
017c
ff9c
fe22
ff31
fe3a
00bd
ffc4
0109
01a2
00e3
0171
ff15
018c
ffb5
ff61
fefc
fe65
0036
0137
01ae
018d
fe0b
ff26
0161
0123
002d
fea6
00cd
01bf
feae
01c3
fee7
ff71
fe47
00a9
ff49
ff10
fe35
fe6a
feeb
ffea
ff88
016a
ffb4
018e
0174
fe0f
fec2
ffb5
fef9
fe61
fec3
fe74
0100
0143
fe14
ff9f
0061
01d7
fea9
011e
0087
ff63
015e
01e3
ffbd
fff6
fe1c
ff64
fe9f
0054
00e6
0036
ff36
015c
0123
ff7b
002f
0025
fe51
00dc
fe6c
fed7
00ab
ffc8
fe08
fee5
fef1
ff07
fff0
0045
004c
0004
0186
00b5
00f8
ffdf
fea1
0002
008a
0070
00a1
fe01
fe62
0095
ffc0
01b3
01b3
0059
0056
fedf
008d
01b8
fe56
0081
ffa7
fe38
fe17
00d6
00d0
00db
009e
002c
00e4
ff05
0023
ff3d
ff59
fee6
009d
00fb
fe92
0138
ff33
0183
0073
fe93
ff6b
0085
00ad
0136
0009
01c6
fe58
feff
0103
00bf
0187
ff08
0181
fff5
fe6c
0164
003c
00e1
fe13
0085
0021
0165
010e
00bf
ff3f
016a
01f4
fe2d
ff73
010d
fe10
01cd
016e
019a
ffd9
ffbb
01a6
0173
01ab
ffbf
008b
0094
ffd5
feb1
011c
0047
fff4
ff2f
0157
ffa1
ff57
00ee
feb5
fe52
016c
fe1a
ffd9
01dd
0132
fe2a
0020
ffb1
feac
0086
ff5d
0159
fe55
0072
ff18
013e
ff6c
ffbe
007b
fff8
0116
fee7
0168
005c
0200
fe98
ff7b
01d6
fe94
fe18
01b4
003a
006f
fe77
fe6f
0045
fe1d
0025
fe22
0138
015f
fee1
ff0c
ff91
003b
01d4
fee9
ff4b
ff2b
01ec
fefb
01ff
feb3
00cc
ffe0
ff01
00d4
0175
00ca
002a
014d
ffa9
0114
00c2
008e
ff2a
00e0
019c
fe9e
0082
ff68
003d
fe3c
016b
ff4c
ff25
0124
ffdf
feaa
01bc
ffe2
011a
01b1
00bc
fe40
0197
ffc4
0116
ffeb
0014
017f
00c8
0016
fe09
018d
ff56
ffeb
0044
fee8
ffa2
00c8
0075
fef4
0165
fe05
0114
ff7d
fef3
00a0
fe75
0064
0118
019f
00b4
fe25
0145
fee5
feeb
0049
0117
ffdd
0073
017d
0065
ff59
007f
01fb
01e1
01f6
0120
ff3e
fe66
008e
0083
017e
01fe
fe5f
00b0
00a5
fe0c
fec8
0015
ff30
fea5
0128
0024
ff63
0173
0021
0177
01ad
ffe6
ffa0
ff7b
fe3f
fedc
fe68
01df
fe15
01f6
fee4
0044
fe97
ff87
01ce
fe12
0168
005d
01f0
ffed
0133
ff01
ff8f
01f4
ff6c
feec
fe9e
003b
004a
ffb5
0062
fe3c
0133
0073
006d
0169
00ca
0119
0129
ff58
01fe
fffa
0133
008a
0101
ff17
fefa
01d9
017e
009c
01a2
fea8
01bd
fe32
017a
01b2
0091
fe75
feb3
fefb
fe0d
01f7
0092
ff12
ff80
ff28
01d7
000d
003d
fe24
feb7
01a3
0154
ff19
01d8
fe70
feb6
fee6
fea1
fe31
017e
0084
feac
fe17
ffbb
fef2
fed8
0174
0047
0005
ff4a
01c4
ff59
0173
00ef
ffe5
ff8a
0160
febb
fe9c
ff76
007f
fef1
0139
0007
ff73
ffc3
0197
ff37
fecc
fe1b
0156
fe51
fe11
00dd
00f1
ffef
ffe8
00d3
01de
ff2a
ff22
003f
005f
0016
0059
ffa4
0127
ff03
ff49
00c6
fe70
fea0
0008
00cd
ff8d
01bb
0053
febf
012d
ff03
00b7
015f
ffe1
00c7
0110
fe86
fe14
fedb
0167
ff19
01c0
000f
0137
01b8
ff49
ffe8
0099
0092
ff00
00c0
febe
01c1
fe72
01ea
ff09
0062
ff50
ff6c
01fa
ff7b
0158
0012
ffcc
0129
fee7
00fb
001d
01ca
0049
01bb
fef7
fe86
0133
ffa5
0007
0195
01a3
002b
010f
fe8d
ff91
0061
0157
fe74
0137
ff71
ffb2
fedd
0121
002f
fe21
fe88
fe4a
007e
0014
0126
01b7
00d0
009a
fe1c
0186
ff8a
ffe7
fed7
ff77
fe9b
fe45
ff2b
ffae
fecc
fedf
0047
ffe1
01a0
0188
00e9
002c
002b
00df
00ec
fe3e
0149
00cc
008a
fe09
fe30
ff5e
fed6
0067
0022
ffac
006d
ff93
ffe4
fe7f
ff2a
ff23
0151
feef
ff71
01ac
00d2
000f
010c
00b7
0072
ffaa
00c3
013d
fffd
ffc3
01a3
fe8a
ff1b
fe97
01fa
fffb
fe08
ff11
000f
fe0b
00ce
fe21
feb9
fed0
fe20
ff2e
01fd
008b
0105
ff80
00ec
0163
0025
fe59
01e0
00ab
00ae
01a9
01dd
0082
fe42
0068
0124
01a7
0093
0007
009f
001f
fec9
ff6d
0105
0142
0166
ffc3
ffbe
00d9
fff1
ff97
0157
fe3a
ff96
004d
01fa
ffb7
ff99
00ab
00ae
0143
fe0d
fe1e
01c8
00f8
fee7
0158
0123
00b1
01cb
fe1b
ff62
ff61
ff1a
0103
fe6b
00f6
0091
005b
fee1
fec7
fecb
0027
fe10
017f
0137
fef0
febb
0062
00e0
fee7
00e9
018a
0128
ffaf
0140
ff4d
0139
ff28
0120
0057
0004
0012
fe5e
0139
fffd
fe74
0106
ff69
0111
0109
ffcf
fec1
ffb4
fe2d
0030
01e2
ff9b
fee0
ff38
008d
fe53
0011
fe55
fed8
007b
fe34
ff58
ffac
0099
ffdc
ff95
0091
feb1
ffdd
fe03
002f
ff0f
ff5d
0119
fe94
0114
0141
fe5e
ffe5
ffaf
ff76
00f1
0137
0120
fe94
003c
fe83
fe24
0132
00f6
0002
fe40
017e
fed6
01db
0072
fe10
0003
fe8d
0170
005d
0182
00e8
fea4
ff22
febb
0056
fe3e
00c4
006f
011c
0199
fe2d
0024
fe5a
0188
0005
feef
feca
ffa7
0113
017a
011a
fe4b
fe26
ff1d
01ff
ff41
0190
ff16
00dc
fed6
0148
ff87
006c
ff4b
ffb8
00fb
00be
014b
01ad
fe32
ff41
01c4
ff5e
007d
ff66
0185
0104
ff3f
0030
ffe5
fe1d
fe17
013b
0037
ff91
00ca
01c2
014f
ff3f
0186
ffef
01e8
fec3
fe28
010b
ff77
fe30
ff1e
ffb3
fe5f
ffdf
fe7d
0197
0163
fe52
01f4
0107
fe07
ffc0
ff45
ff81
00cb
fe81
01f6
0019
00f0
fe67
ff78
fe05
0099
fe64
feea
fe85
0096
fe29
fe71
0167
00a4
ffe1
00ec
0124
fe07
ff94
0190
00ce
ff22
00e0
0186
019f
00d5
01d0
ff3a
00a6
00db
018a
ff6f
01ad
01d7
ffd8
fe18
fe6b
0164
fe20
ff03
01fe
ffc8
00c8
018c
fe05
ff43
00c6
00b6
00cc
008d
01d8
01bd
ffca
fe16
fe33
01d1
0139
fe92
feb0
ff8c
0024
ff8c
007a
fe84
00e3
00c3
00fa
011d
ff17
00bb
ff1f
feac
0078
ff87
0005
ff31
ffd8
0059
ffef
fe62
fede
ffd0
012e
fe03
01bc
fee3
ffca
fe90
fe29
ff8f
0105
ff92
0159
ff04
0121
ffab
01c6
019c
fe47
fe81
ff2c
0108
0057
ffc0
00e1
01e0
003d
0164
00bb
0030
fe4b
0160
ffbf
ff8e
fec2
012a
ff5a
ff19
fe44
0168
ff24
fe7c
0012
fef5
00ba
00ad
ffe0
fea7
fe09
ffb2
ff0e
008f
01be
0074
005d
ff67
fe54
ff4d
0134
011f
ff1c
ff95
fec2
011f
00bb
fec5
ff2a
ff06
00d2
ff9b
0071
00ef
ff47
fe2f
00f4
0188
fff5
ff04
feb1
0142
ffd4
ff5f
004e
0139
feb8
01af
fec7
ffff
ff5b
00c8
0093
feae
007c
0131
01bd
ffbe
01c1
ffdc
fe67
00b5
ff36
feb8
fedc
fe01
ffd6
ff4e
00bb
fe8a
ff10
ffa5
fe71
002a
0041
01c9
0135
fe3c
ffac
fedf
016c
01f7
ffc5
ff92
0001
0162
ff5d
fe6e
003f
01fd
fe50
0150
ff7e
0185
0144
fe3c
fe1a
fe4d
ff85
fea6
00a4
0000
0076
011e
0029
0082
00d7
00a9
01f0
0183
00d3
00d0
01c2
fec5
01c2
01b1
ffe3
fe0e
fea2
00e4
01dc
0167
009e
0122
00b6
feb8
fe58
00e0
fe60
0009
ff0d
ff98
002e
00b8
00c8
ff16
fead
fe33
0074
ffa7
00f4
fe6e
0117
fe81
0118
ff06
019d
ff3f
ff2f
ffed
ff18
fef4
ffeb
ffb7
007d
fe4d
feba
fe3d
01cd
0017
fefb
ff6d
fe4a
0195
00fd
fe6e
fe83
010e
ff7f
ffac
01dc
01dd
008c
015f
fece
014b
012e
fe61
0095
0091
008a
014f
ff67
0046
006a
fe11
01e9
0074
0097
ff56
00b7
fe24
ff68
fe79
fe2e
fe43
0140
ff19
fe60
0193
fe25
01a1
fe6d
ff10
014d
ffe2
ff14
0100
017f
008a
01bd
01f1
ff65
002b
fe6d
fe89
ff82
0127
ff61
fff5
ff94
ff15
00a7
00b2
0154
0153
0111
ff10
014c
fe23
ff10
ff01
ff36
fef4
fff8
fee7
0004
ffca
fe56
ff24
015c
feb1
0169
fecf
00bf
0114
00d7
0028
fef0
00fe
0007
0020
ff3f
fe4b
0191
01a1
019b
fe03
00d8
0167
0135
00c8
ffc1
fe23
fe56
ffcb
01db
ff1a
011e
0060
fff0
fe77
ff51
0140
ff99
feb5
0087
0163
016a
00c1
0194
007e
008c
febe
feb0
01ec
fed2
00ce
fe84
002d
ff85
01d2
013a
ff83
feaf
00d4
ff7b
fef4
fe53
feb3
00f8
fe65
0075
ff7f
fe05
0185
fe87
fed2
fe47
ffad
fe40
0152
fe5c
ff62
00cc
fe2b
fec3
0191
fe5c
ff45
fe2c
01c9
00ec
009b
00de
fe02
008b
01a2
0094
008f
ff04
fe74
ff94
feb4
fe9a
004d
fe99
fff4
0172
00b5
ffbf
000d
01ad
ff9b
ff57
017a
ff83
fe84
ff58
fe67
ff3e
006e
ffef
fe9b
ff28
0000
01d4
00ac
002d
00ff
0190
00c5
0085
0159
fece
feca
00fe
001b
0033
fef0
0142
fe49
fe0d
0150
00e6
fe8c
ff52
fe6f
0051
febd
0094
fed2
ff35
ff66
fe63
fecc
003a
0030
01df
fe7d
0127
ffb4
ffd5
01ef
feab
fe8b
ffb0
ff92
00df
ffe7
0163
feef
01da
ff3b
0063
0163
00a3
feb2
fe1a
0144
004a
fecb
ff13
01b0
fee0
ff01
feef
ff4f
fe5a
ff01
003c
004b
ffcb
001e
00a3
00e3
0101
003f
fe96
ff32
ff3c
fe90
01f0
0034
0119
0098
01ad
febc
017e
febc
fe36
febc
014f
ffbb
ffc0
ffc6
01f8
01c1
feb8
01a6
0012
014d
0104
0145
ffc0
ff2f
003f
ffee
ff82
00c1
00dc
018c
ffe5
ff49
ffa9
ffad
fe98
fe0d
003c
ffab
fe3e
0034
0017
015f
ff7c
01df
fee7
fec5
fe38
fe99
ffcf
0011
fefe
006d
fe42
ffbe
fea4
ff8e
fe52
fed8
0088
01b3
ff13
fff5
0012
011b
ff29
01b3
01fb
00b1
012c
0191
01eb
01d9
ffa2
000c
ffa0
0180
0200
003f
014d
002b
ff82
ffcf
01c6
ff71
ffc4
fe08
fe30
008a
0022
feb1
008b
fed6
fed6
ff73
fefe
00c7
00fb
00ce
ffac
ff72
0187
ffe1
ffd4
ff03
fe83
001d
ff9f
0129
fe1d
fe73
0070
fe09
011f
01ca
0076
fe73
0169
fe6d
001b
fe6c
01a8
ff64
ff03
0110
ff01
002f
ffab
002a
00e1
fffe
fe7a
fe2d
01f9
00af
0092
00b0
ff09
0045
0116
01eb
feb2
fff8
00d1
01e7
ff72
0156
ff32
ffab
ffd2
0009
0043
0004
0059
00c2
01d0
0151
00ea
0126
008e
feb8
fe98
fe29
0127
ff54
ff95
00b1
017a
000d
fede
01b0
fe39
01d9
0173
0031
fed2
019a
ff5f
0178
fecb
fe2a
fe08
ff88
ff3f
ffa9
0048
0097
00d1
ff02
0178
ff5c
01d3
0146
008d
fe71
014e
01df
ff28
fe55
0132
fe9f
fe9b
fe02
00e9
01cf
01e8
ff3a
0119
01a7
010f
fe17
fef4
fee8
0026
005b
fff5
ff05
00b0
0129
fea1
ffff
ffa6
fe08
ff01
fe0c
004e
001a
0014
0014
ffce
fe03
fe25
ff69
013d
ff7f
fe75
00aa
ff18
ff07
0076
fe20
00ff
01ab
ff14
006e
004d
0169
0079
0006
005b
0117
fee8
ff3a
ff0a
fff4
fe9c
013b
ff10
0013
01c7
ff9d
0030
0116
0174
ffd7
feed
0029
01b6
febb
fea7
ff88
ffee
00c2
019b
008f
00d1
ff85
ffcc
fe42
01fd
fe39
fe32
0062
ffd2
01bd
00ec
0112
012b
fe0c
0021
0091
0058
ff87
01be
fed8
ffb7
008b
00c7
0120
01c3
00b0
01c5
00c9
fe22
ff5b
011d
0066
013f
00b9
fe2a
fedc
0016
ff82
ffe2
feb6
fe50
016b
00c4
009d
fe03
00da
fe00
fe12
ffdb
0003
fe3a
007d
fea8
fec2
002d
0016
0167
0104
00be
01b9
fe9f
0001
fe80
01b4
01bf
fe95
ff71
0060
ffad
0130
01e1
ffcb
01ec
fefd
fe4e
0198
006d
ff1c
01bb
0087
fe63
ff55
0081
ffa3
00f8
0153
fe86
ff65
ffca
00a1
0091
0148
fece
ff5c
ff41
01f1
ffae
00a1
ff27
fe6c
ffd2
016c
ff6a
fe58
00e1
ff4a
fe31
0169
0080
008c
01fc
fecc
ff59
0009
fe3d
fe2a
0040
0009
01b8
01c4
fe6c
00cf
fe14
ff12
fee7
fe05
01de
fe7a
01fe
012e
01a8
0142
00db
fe83
00f2
0012
00c4
01e4
0088
0105
ff59
019a
01e8
ff1d
0125
01f7
ff17
ffde
ff46
003b
fe06
0190
fe5d
fe82
ffbc
0066
018d
0040
febd
0130
00bc
0166
ff87
fecb
0047
ff88
ff61
01d1
0060
01d6
01d2
01af
fe4e
01af
0172
0028
00b1
00c9
007b
013c
019e
009c
0151
005f
fe8a
fe49
fe22
fe41
ffb7
ff00
01ab
fe99
01a8
ff09
fea4
ffb9
ffd4
ff8b
ff1c
fe20
fe5d
00a2
ffa5
fe3c
01dc
fed7
ff66
fe8e
0019
000f
01f4
00d4
ff87
0061
0071
ff34
fedf
0169
007d
01f2
01ef
fe58
00df
ffb2
ff48
01ba
00a0
0073
fef8
004d
ff0d
0116
feac
0153
0141
007d
ffa4
feb0
0126
fe7d
feba
017c
ff6c
0198
0119
ff7f
ffc7
0147
015f
00c9
003f
fee9
00e9
ff81
ffd7
fef6
fed2
ff06
ff0d
006f
fe4f
0101
feed
fec3
0116
01a5
0011
0007
017b
0016
ff3b
ff94
ffec
fe86
fedf
00e1
01bd
fe90
fe66
00a8
fe98
fe31
fe9e
009f
0165
fea5
ff1e
fe6b
fe56
ff08
fe78
fec0
ffe7
ffe4
0059
fe26
ff88
fe9a
00b6
0060
002c
012c
fef4
01ae
ff99
000f
ffdc
0165
ffe5
ff36
fe15
0005
ffc9
01a4
0182
ffbe
fe4c
fe03
fffb
008e
004a
0009
fe70
0041
000f
ff2f
fe57
005d
fe3f
004b
018b
014e
fef4
015c
ffb1
00e5
ff82
006b
fe8f
ff49
00fa
ff65
0126
feda
0079
01dc
ffdc
fe25
ffe6
fe04
0130
01b0
fe5e
0147
ffd3
00f3
ff60
ff94
ff16
fef0
0018
01c6
00f2
00f6
0056
ff50
ff18
ff16
ffee
ff32
008b
01aa
fea9
ffb8
00a3
0147
ff9a
fe0d
00ca
ffaa
0183
014f
fe1d
0037
0183
fe27
0007
ff09
018c
005f
0112
019d
fede
0116
0009
013f
00c4
01b0
00ea
00f7
01d0
00d9
ff04
00c9
00e2
009b
feea
0016
ff2c
ff3c
ff18
ff20
01a5
006e
ffc9
01d4
00c3
ff90
ff98
ffd7
ff08
00d3
fe01
00fb
fe46
ffb6
001b
004f
fe1e
ff40
009c
01bd
ff55
ff09
013f
01a2
ff84
0140
006f
fe47
0013
0031
ffd0
0191
00e2
fefd
ff21
00ce
ff85
018c
01a8
ff9a
0018
0053
0056
fe4a
ffdc
fe9a
ffd6
fec2
00d4
014f
ffe8
00b6
feb4
ff63
ff18
fe6c
ff2e
0165
feb6
fe78
fe2e
01ff
015f
fe0f
ff58
feee
00f7
ff97
00c1
01e7
01fb
ff0f
fe72
0072
fe60
0008
ffe3
ff78
fe19
fe08
fe86
ffc0
00c9
fffe
00d4
ff8f
ffc5
0015
0056
ffe7
00bb
fe7a
0119
ff8a
ffea
fff2
ff8e
ff1b
ffc2
fe71
ff63
ffca
fe76
017b
0128
00d0
01f1
0123
ff59
fee0
00af
a670
01ad
9930
fe9f
6094
0154
e058
feed
3846
ff8e
964a
fecf
6c7c
fee5
d67e
fe36
727a
00c3
e718
0155
d01a
ff55
6290
fe84
ca38
0188
ae24
fe3e
ef08
0194
d7f4
00c8
a906
013d
33b2
0097
5ad0
feb3
0bc0
0136
abf0
0038
393c
005c
d0ca
01b9
d2b8
009d
c19c
01e5
332e
00c0
76da
ff87
5768
016b
9400
00cc
6854
003a
fda6
feac
8f12
0086
e38e
ffa3
f1f0
ff2c
5d54
018e
3438
fec3
c660
0027
c09a
ffa7
8f42
feb8
237c
0084
21b8
fe7d
f744
0180
0c1e
0075
f1c2
ff95
28ec
ffc5
15c6
01f4
3bbe
00da
ae78
000d
4be4
01b2
4156
ff90
f4c0
01cc
c426
fee2
36ba
0169
d56e
0080
7246
0050
058c
ff6d
d6aa
ff1b
b9bc
0026
e254
0014
1978
ff7a
9c94
fea8
39ae
0019
27a0
fe8d
48b4
ff90
1c30
000e
ea30
fee9
b514
feb3
03f8
fea1
e966
fe68
336a
ff6a
ee1c
ff9f
a9be
0109
359a
ff9e
7e98
fee5
d4da
ff03
3b10
feba
94d8
0065
3a64
011e
6908
ff27
cbd4
fed1
f446
ffdd
1cb2
00cf
1a30
00c6
1d60
0102
d610
0117
36bc
fe2d
624a
fe8c
1ab8
ff7c
429c
010d
0e4e
fe6f
c79a
ff68
0b68
017f
2380
01df
3bb4
fed0
2486
008e
b9f2
ff36
728e
fefd
ae30
00e3
7fb4
ff95
8ab8
0046
1880
005d
8b3a
feec
c1a2
ffc8
07bc
fec6
26b8
0063
1144
fe2b
351e
01d8
f7e2
00c9
3d0c
ffe8
4b46
fe16
783e
ff50
8958
0157
dea4
ffa5
0df6
00c5
08e0
ff7f
0406
00bc
8e9a
01b6
1eae
0179
d7e6
fe80
6fcc
fff4
ce6a
00c4
307c
fe94
ea34
ff79
9238
feb5
0cd4
0156
ccee
fe2e
2f60
0095
9834
000a
ce71
0022
43f9
0028
3894
ff7f
137f
0089
6532
0018
8679
ff3f
6d2d
ffc9
69f0
ff0a
d7d5
fffb
c7aa
0043
1fcb
00d5
f7f5
ffa2
e6e6
ff90
f947
ffbc
0c20
ffbb
36b4
ff50
aa9a
001e
419d
004a
3f6a
0048
5c3e
001e
1d66
016c
aace
ff93
38ea
ff55
e3ce
ff5e
23e9
0018
0dd4
00a6
87f1
ff73
bc27
0196
9c18
00b2
2b95
009e
3b13
000b
2c83
012a
a687
ffbe
8684
ffe8
9f4b
ff6d
b378
ff80
4c61
fe89
4c0a
0003
58cd
fff8
af44
ffe8
3da1
00fa
926d
ffd6
9d78
ffc9
afdc
fe7b
dfc2
ffc9
209e
ff49
a37e
00b4
bc36
ffc0
8a15
ff65
50b1
017f
3947
0037
b74c
003c
628f
0003
7670
0120
50fe
fedd
d117
ff69
d290
009b
fd83
ff7e
82b8
002d
7419
0050
fe99
ffd5
6938
ffa3
c8a4
ff1b
a64f
00b8
2b4c
0199
fa98
01c2
e830
001a
ac60
ff03
3c29
0178
be5f
00cb
d169
0115
f61c
006e
df15
fe2b
84b8
0150
2afb
015b
f066
01c7
89fc
ffa4
550b
00e6
a921
fed4
8358
fe44
40a8
ff6a
7528
fefd
66f0
ffda
fd1b
01b7
249e
0156
05b7
ff53
5216
fe1d
7d44
fe6e
ddc8
ff9b
1448
01ae
198f
ff89
ad57
fe50
bb20
fe3e
a94a
ff27
c831
fe4b
b733
fe8c
f4cb
fe64
1c62
fff2
a114
00ad
aa08
ff2b
75b7
00a8
32a7
0176
d726
fe6f
b66c
0014
a04f
004a
c314
ff27
d5e4
ff95
2001
fff3
34ef
ff7c
d992
ffb2
cde8
fe74
d10c
01c9
4c14
00bb
0004
0113
324b
0002
b964
0082
3595
feb2
af41
014b
0597
ffc5
da71
ff10
ccc4
01a5
cf4d
fec5
f1df
fea0
8dbb
01d4
2f35
00df
2721
0010
9d16
012f
7212
ff4d
f83c
00fe
be32
01be
853c
ff67
36ce
001c
4a5c
fece
d154
feb0
bd8a
ff4e
5c2e
fe8c
c60a
fea3
839c
fe82
c1a8
fe1c
2842
01ad
8092
010c
e2a6
0007
aa44
0153
93fc
01a4
b280
0016
3bdc
fe53
9728
fefe
5766
01a0
daaa
013b
81fa
fe27
6264
007d
9d66
0001
4796
ff25
dd5a
019c
868e
00f1
7e7a
0068
e4d0
feee
1f86
0039
c0a2
002d
99d4
0080
6f4e
01e6
9fce
fe27
5140
01b5
8ccc
ffa5
0d7c
ff3e
22aa
0118
00ba
fe7e
f070
0160
1f0a
0066
bbd0
ffcc
d3b8
fe69
01d6
ff90
76da
00dc
b804
0191
edfc
ff2f
e63e
007e
ab1c
0004
aa56
01b8
7a34
0166
5e5a
00e0
5980
001f
7786
01c5
ce62
feb3
41c2
fe87
b45c
fe3f
e84a
0160
0e26
fece
6a8e
00fa
b4a6
00bf
9d70
ff59
0b9c
ffe4
3c90
ff4d
f83c
00fe
be32
01be
853c
ff67
36ce
001c
4a5c
fece
d154
feb0
bd8a
ff4e
5c2e
fe8c
c60a
fea3
839c
fe82
c1a8
fe1c
2842
01ad
8092
010c
e2a6
0007
aa44
0153
93fc
01a4
b280
0016
3bdc
fe53
9728
fefe
5766
01a0
daaa
013b
81fa
fe27
6264
007d
9d66
0001
4796
ff25
dd5a
019c
868e
00f1
7e7a
0068
e4d0
feee
1f86
0039
c0a2
002d
99d4
0080
6f4e
01e6
9fce
fe27
5140
01b5
8ccc
ffa5
0d7c
ff3e
22aa
0118
00ba
fe7e
f070
0160
1f0a
0066
bbd0
ffcc
d3b8
fe69
01d6
ff90
76da
00dc
b804
0191
edfc
ff2f
e63e
007e
ab1c
0004
aa56
01b8
7a34
0166
5e5a
00e0
5980
001f
7786
01c5
ce62
feb3
41c2
fe87
b45c
fe3f
e84a
0160
0e26
fece
6a8e
00fa
b4a6
00bf
9d70
ff59
0b9c
ffe4
3c90
ffc5
d962
fe5c
fe22
ff20
d60c
fe64
c596
0061
b6cd
000a
7fed
002c
4e4d
002f
369b
ffc4
f71e
fe5f
4aed
fe72
dcc6
ff95
5a8b
0145
b0e0
ff8c
a81e
fe90
2842
00c3
551b
ff07
5892
ff0f
5a28
0069
b18b
fe60
fb8c
00d0
3381
0172
6b00
ff25
5373
0058
6059
002f
3a59
0168
b2db
0069
1d5a
ffdf
be7e
0057
8708
0109
d3b7
feed
046c
ff56
5aab
ff19
defd
ffde
a4b3
fea6
7485
0136
90c6
ff51
d6db
ffec
5b37
0177
f94e
ff9c
036c
004e
a033
0123
a451
0174
96b4
fff6
f7f7
ff17
f918
0013
fdfd
0185
afd8
febb
fc16
feb7
a045
ff7a
fbac
0005
3dbf
009c
799a
0142
9bdd
0065
3c26
00b4
f713
ffa1
fa9e
ffec
e184
fe55
fb53
019f
19ac
fe80
54f7
fe65
90da
003c
6ba1
fffb
753b
019d
9f72
0071
dad4
00be
edb5
ff14
1f3c
00d3
2782
ff1f
5cd3
fee8
f008
000b
1086
ff94
7542
ffcb
e858
ff13
9453
fffb
fc84
0071
6db0
fff0
7402
feff
b1e1
ff33
9381
ffd6
ed6c
011d
c9e5
fe75
95b7
0186
c1d2
fef6
28d1
ffc8
530b
fec0
6791
fe97
c8ef
ff7c
3a9b
0127
9f53
ff9d
8484
014b
bd5a
ff41
0573
00eb
5662
ffdd
2d15
0158
0f49
013f
2447
fe94
1167
fea2
e285
ff1d
88a6
011c
4f3d
0040
ab8d
ffef
b1e4
00ee
f59b
0184
b2d7
0015
cf38
012f
45bd
00ab
1f8d
0027
0598
feda
3ff6
0140
4a4c
fff0
7c39
ffd1
634b
ff1e
4ea7
00e3
cd16
ff79
1877
fef6
8b09
fe4b
bc83
0110
737b
ff94
7d1f
feac
7fa5
000e
c883
ff4b
3abf
0082
a85c
009b
37d9
ffd8
0aa3
febe
d899
fe85
ea67
ffec
f919
ff29
7198
0157
d823
011c
0f5d
002b
e8c7
feaf
4da2
00c6
eddf
01b4
0f7b
feb5
c00e
01b7
3527
feeb
8e73
ff74
9f41
fe4f
d21b
00a4
41c3
ff4f
7fcb
ff13
9ef0
fe41
197b
fe74
f44a
feee
b47b
ffeb
19ae
ff8a
3326
0160
519a
ffb6
61c2
0185
aadc
016b
d7ea
fe19
2cf9
feca
2a5a
ffb5
b6f5
fefd
f459
fe6c
4b5f
fecb
260b
fe7d
b87c
00f8
7524
013d
00d9
fe20
21b2
ffa1
670f
0060
dc23
01ca
4037
feb2
91ab
0116
817a
0085
8627
ff67
04c9
0157
5ca8
01d9
0e33
ffbc
9473
fff5
44fe
fe26
9fc6
ff6a
5d6a
fea6
d531
0051
f600
00e0
db10
0035
6648
ff3c
3dfa
014f
7a50
011b
f6a9
ff7e
6aeb
002e
0177
0024
43e3
fe5a
86cd
00d6
592a
fe74
02fc
fedf
92f9
00a8
64e3
ffca
4de8
fe12
ca08
